
-- Running command `read_verilog -sv rtl/ascon_permutation.sv rtl/ascon_core.sv rtl/tag_generator.sv rtl/tag_verifier.sv rtl/authentication_guard.sv rtl/aead_controller.sv rtl/secure_tiny_top.sv; chparam -set MAX_DATA_BYTES 16 secure_tiny_top; hierarchy -check -top secure_tiny_top; proc; check; synth -top secure_tiny_top -flatten; stat' --

1. Executing Verilog-2005 frontend: rtl/ascon_permutation.sv
Parsing SystemVerilog input from `rtl/ascon_permutation.sv' to AST representation.
Generating RTLIL representation for module `\ascon_permutation'.
Successfully finished Verilog frontend.

2. Executing Verilog-2005 frontend: rtl/ascon_core.sv
Parsing SystemVerilog input from `rtl/ascon_core.sv' to AST representation.
Deferring `\ascon_core' because it contains parameter(s) without defaults.
Storing AST representation for module `$abstract\ascon_core'.
Successfully finished Verilog frontend.

3. Executing Verilog-2005 frontend: rtl/tag_generator.sv
Parsing SystemVerilog input from `rtl/tag_generator.sv' to AST representation.
Generating RTLIL representation for module `\tag_generator'.
Successfully finished Verilog frontend.

4. Executing Verilog-2005 frontend: rtl/tag_verifier.sv
Parsing SystemVerilog input from `rtl/tag_verifier.sv' to AST representation.
Generating RTLIL representation for module `\tag_verifier'.
Successfully finished Verilog frontend.

5. Executing Verilog-2005 frontend: rtl/authentication_guard.sv
Parsing SystemVerilog input from `rtl/authentication_guard.sv' to AST representation.
Generating RTLIL representation for module `\authentication_guard'.
Successfully finished Verilog frontend.

6. Executing Verilog-2005 frontend: rtl/aead_controller.sv
Parsing SystemVerilog input from `rtl/aead_controller.sv' to AST representation.
Deferring `\aead_controller' because it contains parameter(s) without defaults.
Storing AST representation for module `$abstract\aead_controller'.
Successfully finished Verilog frontend.

7. Executing Verilog-2005 frontend: rtl/secure_tiny_top.sv
Parsing SystemVerilog input from `rtl/secure_tiny_top.sv' to AST representation.
Deferring `\secure_tiny_top' because it contains parameter(s) without defaults.
Storing AST representation for module `$abstract\secure_tiny_top'.
Successfully finished Verilog frontend.
Parameter \MAX_DATA_BYTES = 16

8. Executing AST frontend in derive mode using pre-parsed AST for module `\secure_tiny_top'.
Parameter \MAX_DATA_BYTES = 16
Generating RTLIL representation for module `$paramod\secure_tiny_top\MAX_DATA_BYTES=s32'00000000000000000000000000010000'.

9. Executing HIERARCHY pass (managing design hierarchy).

10. Executing AST frontend in derive mode using pre-parsed AST for module `\secure_tiny_top'.
Generating RTLIL representation for module `\secure_tiny_top'.

10.1. Analyzing design hierarchy..
Top module:  \secure_tiny_top
Parameter \MAX_DATA_BYTES = 16

10.2. Executing AST frontend in derive mode using pre-parsed AST for module `\aead_controller'.
Parameter \MAX_DATA_BYTES = 16
Generating RTLIL representation for module `$paramod\aead_controller\MAX_DATA_BYTES=32'00000000000000000000000000010000'.

10.3. Analyzing design hierarchy..
Top module:  \secure_tiny_top
Used module:     $paramod\aead_controller\MAX_DATA_BYTES=32'00000000000000000000000000010000
Used module:         \authentication_guard
Used module:         \tag_verifier
Used module:         \tag_generator
Parameter \MAX_DATA_BYTES = 16

10.4. Executing AST frontend in derive mode using pre-parsed AST for module `\ascon_core'.
Parameter \MAX_DATA_BYTES = 16
Generating RTLIL representation for module `$paramod\ascon_core\MAX_DATA_BYTES=32'00000000000000000000000000010000'.

10.5. Analyzing design hierarchy..
Top module:  \secure_tiny_top
Used module:     $paramod\aead_controller\MAX_DATA_BYTES=32'00000000000000000000000000010000
Used module:         \authentication_guard
Used module:         \tag_verifier
Used module:         \tag_generator
Used module:         $paramod\ascon_core\MAX_DATA_BYTES=32'00000000000000000000000000010000
Used module:             \ascon_permutation

10.6. Analyzing design hierarchy..
Top module:  \secure_tiny_top
Used module:     $paramod\aead_controller\MAX_DATA_BYTES=32'00000000000000000000000000010000
Used module:         \authentication_guard
Used module:         \tag_verifier
Used module:         \tag_generator
Used module:         $paramod\ascon_core\MAX_DATA_BYTES=32'00000000000000000000000000010000
Used module:             \ascon_permutation
Removing unused module `$abstract\secure_tiny_top'.
Removing unused module `$abstract\aead_controller'.
Removing unused module `$abstract\ascon_core'.
Removed 3 unused modules.

11. Executing PROC pass (convert processes to netlists).

11.1. Executing PROC_CLEAN pass (remove empty switches from decision trees).
Cleaned up 0 empty switches.

11.2. Executing PROC_RMDEAD pass (remove dead branches from decision trees).
Marked 29 switch rules as full_case in process $proc$rtl/ascon_core.sv:135$948 in module $paramod\ascon_core\MAX_DATA_BYTES=32'00000000000000000000000000010000.
Marked 69 switch rules as full_case in process $proc$rtl/ascon_core.sv:96$310 in module $paramod\ascon_core\MAX_DATA_BYTES=32'00000000000000000000000000010000.
Marked 16 switch rules as full_case in process $proc$rtl/aead_controller.sv:105$236 in module $paramod\aead_controller\MAX_DATA_BYTES=32'00000000000000000000000000010000.
Marked 15 switch rules as full_case in process $proc$rtl/aead_controller.sv:136$180 in module $paramod\aead_controller\MAX_DATA_BYTES=32'00000000000000000000000000010000.
Marked 2 switch rules as full_case in process $proc$rtl/authentication_guard.sv:19$154 in module authentication_guard.
Marked 3 switch rules as full_case in process $proc$rtl/tag_verifier.sv:22$148 in module tag_verifier.
Marked 1 switch rules as full_case in process $proc$rtl/tag_generator.sv:15$142 in module tag_generator.
Removed 1 dead cases from process $proc$rtl/ascon_permutation.sv:102$131 in module ascon_permutation.
Marked 4 switch rules as full_case in process $proc$rtl/ascon_permutation.sv:102$131 in module ascon_permutation.
Marked 1 switch rules as full_case in process $proc$rtl/ascon_permutation.sv:95$13 in module ascon_permutation.
Removed a total of 1 dead cases.

11.3. Executing PROC_PRUNE pass (remove redundant assignments in processes).
Removed 14 redundant assignments.
Promoted 107 assignments to connections.

11.4. Executing PROC_INIT pass (extract init attributes).

11.5. Executing PROC_ARST pass (detect async resets in processes).

11.6. Executing PROC_ROM pass (convert switches to ROMs).
Converted 1 switch.
<suppressed ~155 debug messages>

11.7. Executing PROC_MUX pass (convert decision trees to multiplexers).
Creating decoders for process `$paramod\ascon_core\MAX_DATA_BYTES=32'00000000000000000000000000010000.$proc$rtl/ascon_core.sv:135$948'.
     1/156: $0\state_reg[319:0] [319:256]
     2/156: $4$bitselwrite$pos$rtl/ascon_core.sv:268$309[31:0]$1455
     3/156: $20$lookahead\data_out$947[127:0]$1443
     4/156: $4$bitselwrite$pos$rtl/ascon_core.sv:268$308[31:0]$1442
     5/156: $19$lookahead\data_out$947[127:0]$1430
     6/156: $4$bitselwrite$pos$rtl/ascon_core.sv:268$307[31:0]$1429
     7/156: $18$lookahead\data_out$947[127:0]$1417
     8/156: $4$bitselwrite$pos$rtl/ascon_core.sv:268$306[31:0]$1416
     9/156: $17$lookahead\data_out$947[127:0]$1404
    10/156: $4$bitselwrite$pos$rtl/ascon_core.sv:268$305[31:0]$1403
    11/156: $16$lookahead\data_out$947[127:0]$1391
    12/156: $4$bitselwrite$pos$rtl/ascon_core.sv:268$304[31:0]$1390
    13/156: $15$lookahead\data_out$947[127:0]$1378
    14/156: $4$bitselwrite$pos$rtl/ascon_core.sv:268$303[31:0]$1377
    15/156: $14$lookahead\data_out$947[127:0]$1365
    16/156: $4$bitselwrite$pos$rtl/ascon_core.sv:268$302[31:0]$1364
    17/156: $13$lookahead\data_out$947[127:0]$1352
    18/156: $4$bitselwrite$pos$rtl/ascon_core.sv:268$301[31:0]$1351
    19/156: $12$lookahead\data_out$947[127:0]$1339
    20/156: $4$bitselwrite$pos$rtl/ascon_core.sv:268$300[31:0]$1338
    21/156: $11$lookahead\data_out$947[127:0]$1326
    22/156: $4$bitselwrite$pos$rtl/ascon_core.sv:268$299[31:0]$1325
    23/156: $10$lookahead\data_out$947[127:0]$1313
    24/156: $4$bitselwrite$pos$rtl/ascon_core.sv:268$298[31:0]$1312
    25/156: $9$lookahead\data_out$947[127:0]$1300
    26/156: $4$bitselwrite$pos$rtl/ascon_core.sv:268$297[31:0]$1299
    27/156: $8$lookahead\data_out$947[127:0]$1287
    28/156: $4$bitselwrite$pos$rtl/ascon_core.sv:268$296[31:0]$1286
    29/156: $7$lookahead\data_out$947[127:0]$1274
    30/156: $4$bitselwrite$pos$rtl/ascon_core.sv:268$295[31:0]$1273
    31/156: $6$lookahead\data_out$947[127:0]$1261
    32/156: $4$bitselwrite$pos$rtl/ascon_core.sv:268$294[31:0]$1260
    33/156: $3\byte_lane[31:0]
    34/156: $5$lookahead\data_out$947[127:0]$1097
    35/156: $3$bitselwrite$pos$rtl/ascon_core.sv:258$293[31:0]$1080
    36/156: $3$bitselwrite$pos$rtl/ascon_core.sv:258$292[31:0]$1079
    37/156: $3$bitselwrite$pos$rtl/ascon_core.sv:258$291[31:0]$1078
    38/156: $3$bitselwrite$pos$rtl/ascon_core.sv:258$290[31:0]$1077
    39/156: $3$bitselwrite$pos$rtl/ascon_core.sv:258$289[31:0]$1076
    40/156: $3$bitselwrite$pos$rtl/ascon_core.sv:258$288[31:0]$1075
    41/156: $3$bitselwrite$pos$rtl/ascon_core.sv:258$287[31:0]$1074
    42/156: $3$bitselwrite$pos$rtl/ascon_core.sv:258$286[31:0]$1073
    43/156: $3$bitselwrite$pos$rtl/ascon_core.sv:258$285[31:0]$1072
    44/156: $3$bitselwrite$pos$rtl/ascon_core.sv:258$284[31:0]$1071
    45/156: $3$bitselwrite$pos$rtl/ascon_core.sv:258$283[31:0]$1070
    46/156: $3$bitselwrite$pos$rtl/ascon_core.sv:258$282[31:0]$1069
    47/156: $3$bitselwrite$pos$rtl/ascon_core.sv:258$281[31:0]$1068
    48/156: $3$bitselwrite$pos$rtl/ascon_core.sv:258$280[31:0]$1067
    49/156: $3$bitselwrite$pos$rtl/ascon_core.sv:258$279[31:0]$1066
    50/156: $3$bitselwrite$pos$rtl/ascon_core.sv:258$278[31:0]$1065
    51/156: $3$bitselwrite$pos$rtl/ascon_core.sv:268$309[31:0]$1096
    52/156: $3$bitselwrite$pos$rtl/ascon_core.sv:268$308[31:0]$1095
    53/156: $3$bitselwrite$pos$rtl/ascon_core.sv:268$307[31:0]$1094
    54/156: $3$bitselwrite$pos$rtl/ascon_core.sv:268$306[31:0]$1093
    55/156: $3$bitselwrite$pos$rtl/ascon_core.sv:268$305[31:0]$1092
    56/156: $3$bitselwrite$pos$rtl/ascon_core.sv:268$304[31:0]$1091
    57/156: $3$bitselwrite$pos$rtl/ascon_core.sv:268$303[31:0]$1090
    58/156: $3$bitselwrite$pos$rtl/ascon_core.sv:268$302[31:0]$1089
    59/156: $3$bitselwrite$pos$rtl/ascon_core.sv:268$301[31:0]$1088
    60/156: $3$bitselwrite$pos$rtl/ascon_core.sv:268$300[31:0]$1087
    61/156: $3$bitselwrite$pos$rtl/ascon_core.sv:268$299[31:0]$1086
    62/156: $3$bitselwrite$pos$rtl/ascon_core.sv:268$298[31:0]$1085
    63/156: $3$bitselwrite$pos$rtl/ascon_core.sv:268$297[31:0]$1084
    64/156: $3$bitselwrite$pos$rtl/ascon_core.sv:268$296[31:0]$1083
    65/156: $3$bitselwrite$pos$rtl/ascon_core.sv:268$295[31:0]$1082
    66/156: $3$bitselwrite$pos$rtl/ascon_core.sv:268$294[31:0]$1081
    67/156: $0\state_reg[319:0] [255:192]
    68/156: $21$lookahead\data_out$947[127:0]$1456
    69/156: $0\state_reg[319:0] [62:0]
    70/156: $0\state_reg[319:0] [127:64]
    71/156: $0\state_reg[319:0] [63]
    72/156: $0\state_reg[319:0] [191:128]
    73/156: $3$lookahead\data_out$947[127:0]$1049
    74/156: $2$lookahead\data_out$947[127:0]$1048
    75/156: $2$bitselwrite$pos$rtl/ascon_core.sv:268$309[31:0]$1047
    76/156: $2$bitselwrite$pos$rtl/ascon_core.sv:268$308[31:0]$1046
    77/156: $2$bitselwrite$pos$rtl/ascon_core.sv:268$307[31:0]$1045
    78/156: $2$bitselwrite$pos$rtl/ascon_core.sv:268$306[31:0]$1044
    79/156: $2$bitselwrite$pos$rtl/ascon_core.sv:268$305[31:0]$1043
    80/156: $2$bitselwrite$pos$rtl/ascon_core.sv:268$304[31:0]$1042
    81/156: $2$bitselwrite$pos$rtl/ascon_core.sv:268$303[31:0]$1041
    82/156: $2$bitselwrite$pos$rtl/ascon_core.sv:268$302[31:0]$1040
    83/156: $2$bitselwrite$pos$rtl/ascon_core.sv:268$301[31:0]$1039
    84/156: $2$bitselwrite$pos$rtl/ascon_core.sv:268$300[31:0]$1038
    85/156: $2$bitselwrite$pos$rtl/ascon_core.sv:268$299[31:0]$1037
    86/156: $2$bitselwrite$pos$rtl/ascon_core.sv:268$298[31:0]$1036
    87/156: $2$bitselwrite$pos$rtl/ascon_core.sv:268$297[31:0]$1035
    88/156: $2$bitselwrite$pos$rtl/ascon_core.sv:268$296[31:0]$1034
    89/156: $2$bitselwrite$pos$rtl/ascon_core.sv:268$295[31:0]$1033
    90/156: $2$bitselwrite$pos$rtl/ascon_core.sv:268$294[31:0]$1032
    91/156: $2$bitselwrite$pos$rtl/ascon_core.sv:258$293[31:0]$1031
    92/156: $2$bitselwrite$pos$rtl/ascon_core.sv:258$292[31:0]$1030
    93/156: $2$bitselwrite$pos$rtl/ascon_core.sv:258$291[31:0]$1029
    94/156: $2$bitselwrite$pos$rtl/ascon_core.sv:258$290[31:0]$1028
    95/156: $2$bitselwrite$pos$rtl/ascon_core.sv:258$289[31:0]$1027
    96/156: $2$bitselwrite$pos$rtl/ascon_core.sv:258$288[31:0]$1026
    97/156: $2$bitselwrite$pos$rtl/ascon_core.sv:258$287[31:0]$1025
    98/156: $2$bitselwrite$pos$rtl/ascon_core.sv:258$286[31:0]$1024
    99/156: $2$bitselwrite$pos$rtl/ascon_core.sv:258$285[31:0]$1023
   100/156: $2$bitselwrite$pos$rtl/ascon_core.sv:258$284[31:0]$1022
   101/156: $2$bitselwrite$pos$rtl/ascon_core.sv:258$283[31:0]$1021
   102/156: $2$bitselwrite$pos$rtl/ascon_core.sv:258$282[31:0]$1020
   103/156: $2$bitselwrite$pos$rtl/ascon_core.sv:258$281[31:0]$1019
   104/156: $2$bitselwrite$pos$rtl/ascon_core.sv:258$280[31:0]$1018
   105/156: $2$bitselwrite$pos$rtl/ascon_core.sv:258$279[31:0]$1017
   106/156: $2$bitselwrite$pos$rtl/ascon_core.sv:258$278[31:0]$1016
   107/156: $2\byte_lane[31:0]
   108/156: $1$lookahead\data_out$947[127:0]$1015
   109/156: $0\command_error[0:0]
   110/156: $0\done[0:0]
   111/156: $0\perm_start[0:0]
   112/156: $1$bitselwrite$pos$rtl/ascon_core.sv:268$309[31:0]$1014
   113/156: $1$bitselwrite$pos$rtl/ascon_core.sv:268$308[31:0]$1013
   114/156: $1$bitselwrite$pos$rtl/ascon_core.sv:268$307[31:0]$1012
   115/156: $1$bitselwrite$pos$rtl/ascon_core.sv:268$306[31:0]$1011
   116/156: $1$bitselwrite$pos$rtl/ascon_core.sv:268$305[31:0]$1010
   117/156: $1$bitselwrite$pos$rtl/ascon_core.sv:268$304[31:0]$1009
   118/156: $1$bitselwrite$pos$rtl/ascon_core.sv:268$303[31:0]$1008
   119/156: $1$bitselwrite$pos$rtl/ascon_core.sv:268$302[31:0]$1007
   120/156: $1$bitselwrite$pos$rtl/ascon_core.sv:268$301[31:0]$1006
   121/156: $1$bitselwrite$pos$rtl/ascon_core.sv:268$300[31:0]$1005
   122/156: $1$bitselwrite$pos$rtl/ascon_core.sv:268$299[31:0]$1004
   123/156: $1$bitselwrite$pos$rtl/ascon_core.sv:268$298[31:0]$1003
   124/156: $1$bitselwrite$pos$rtl/ascon_core.sv:268$297[31:0]$1002
   125/156: $1$bitselwrite$pos$rtl/ascon_core.sv:268$296[31:0]$1001
   126/156: $1$bitselwrite$pos$rtl/ascon_core.sv:268$295[31:0]$1000
   127/156: $1$bitselwrite$pos$rtl/ascon_core.sv:268$294[31:0]$999
   128/156: $1$bitselwrite$pos$rtl/ascon_core.sv:258$293[31:0]$998
   129/156: $1$bitselwrite$pos$rtl/ascon_core.sv:258$292[31:0]$997
   130/156: $1$bitselwrite$pos$rtl/ascon_core.sv:258$291[31:0]$996
   131/156: $1$bitselwrite$pos$rtl/ascon_core.sv:258$290[31:0]$995
   132/156: $1$bitselwrite$pos$rtl/ascon_core.sv:258$289[31:0]$994
   133/156: $1$bitselwrite$pos$rtl/ascon_core.sv:258$288[31:0]$993
   134/156: $1$bitselwrite$pos$rtl/ascon_core.sv:258$287[31:0]$992
   135/156: $1$bitselwrite$pos$rtl/ascon_core.sv:258$286[31:0]$991
   136/156: $1$bitselwrite$pos$rtl/ascon_core.sv:258$285[31:0]$990
   137/156: $1$bitselwrite$pos$rtl/ascon_core.sv:258$284[31:0]$989
   138/156: $1$bitselwrite$pos$rtl/ascon_core.sv:258$283[31:0]$988
   139/156: $1$bitselwrite$pos$rtl/ascon_core.sv:258$282[31:0]$987
   140/156: $1$bitselwrite$pos$rtl/ascon_core.sv:258$281[31:0]$986
   141/156: $1$bitselwrite$pos$rtl/ascon_core.sv:258$280[31:0]$985
   142/156: $1$bitselwrite$pos$rtl/ascon_core.sv:258$279[31:0]$984
   143/156: $1$bitselwrite$pos$rtl/ascon_core.sv:258$278[31:0]$983
   144/156: $1\byte_lane[31:0]
   145/156: $0\perm_rounds[4:0]
   146/156: $0\ad_final_block[0:0]
   147/156: $0\byte_index[31:0]
   148/156: $0\data_length_reg[31:0]
   149/156: $0\ad_length_reg[31:0]
   150/156: $0\nonce_reg[127:0]
   151/156: $0\key_reg[127:0]
   152/156: $0\decrypt_reg[0:0]
   153/156: $0\phase[3:0]
   154/156: $0\tag_out[127:0]
   155/156: $4$lookahead\data_out$947[127:0]$1053
   156/156: $0\busy[0:0]
Creating decoders for process `$paramod\ascon_core\MAX_DATA_BYTES=32'00000000000000000000000000010000.$proc$rtl/ascon_core.sv:96$310'.
     1/189: $4\rate_result[127:0]
     2/189: $4\output_block[127:0]
     3/189: $19\read_block$func$rtl/ascon_core.sv:118$277.$result[127:120]$923
     4/189: $18\read_block$func$rtl/ascon_core.sv:118$277.$result[119:112]$914
     5/189: $17\read_block$func$rtl/ascon_core.sv:118$277.$result[111:104]$905
     6/189: $16\read_block$func$rtl/ascon_core.sv:118$277.$result[103:96]$896
     7/189: $15\read_block$func$rtl/ascon_core.sv:118$277.$result[95:88]$887
     8/189: $14\read_block$func$rtl/ascon_core.sv:118$277.$result[87:80]$878
     9/189: $13\read_block$func$rtl/ascon_core.sv:118$277.$result[79:72]$869
    10/189: $12\read_block$func$rtl/ascon_core.sv:118$277.$result[71:64]$860
    11/189: $11\read_block$func$rtl/ascon_core.sv:118$277.$result[63:56]$851
    12/189: $10\read_block$func$rtl/ascon_core.sv:118$277.$result[55:48]$842
    13/189: $9\read_block$func$rtl/ascon_core.sv:118$277.$result[47:40]$833
    14/189: $8\read_block$func$rtl/ascon_core.sv:118$277.$result[39:32]$824
    15/189: $7\read_block$func$rtl/ascon_core.sv:118$277.$result[31:24]$815
    16/189: $6\read_block$func$rtl/ascon_core.sv:118$277.$result[23:16]$806
    17/189: $5\read_block$func$rtl/ascon_core.sv:118$277.$result[15:8]$797
    18/189: $4\read_block$func$rtl/ascon_core.sv:118$277.$result[7:0]$788
    19/189: $3\read_block$func$rtl/ascon_core.sv:118$277.$result[127:0]$648 [127:120]
    20/189: $3\read_block$func$rtl/ascon_core.sv:118$277.$result[127:0]$648 [119:112]
    21/189: $3\read_block$func$rtl/ascon_core.sv:118$277.$result[127:0]$648 [111:104]
    22/189: $3\read_block$func$rtl/ascon_core.sv:118$277.$result[127:0]$648 [103:96]
    23/189: $3\read_block$func$rtl/ascon_core.sv:118$277.$result[127:0]$648 [95:88]
    24/189: $3\read_block$func$rtl/ascon_core.sv:118$277.$result[127:0]$648 [87:80]
    25/189: $3\read_block$func$rtl/ascon_core.sv:118$277.$result[127:0]$648 [79:72]
    26/189: $3\read_block$func$rtl/ascon_core.sv:118$277.$result[127:0]$648 [71:64]
    27/189: $3\read_block$func$rtl/ascon_core.sv:118$277.$result[127:0]$648 [63:56]
    28/189: $3\read_block$func$rtl/ascon_core.sv:118$277.$result[127:0]$648 [55:48]
    29/189: $3\read_block$func$rtl/ascon_core.sv:118$277.$result[127:0]$648 [47:40]
    30/189: $3\read_block$func$rtl/ascon_core.sv:118$277.$result[127:0]$648 [39:32]
    31/189: $3\read_block$func$rtl/ascon_core.sv:118$277.$result[127:0]$648 [31:24]
    32/189: $3\read_block$func$rtl/ascon_core.sv:118$277.$result[127:0]$648 [23:16]
    33/189: $3\read_block$func$rtl/ascon_core.sv:118$277.$result[127:0]$648 [15:8]
    34/189: $3\read_block$func$rtl/ascon_core.sv:118$277.$result[127:0]$648 [7:0]
    35/189: $18\read_block$func$rtl/ascon_core.sv:114$276.$result[119:112]$768
    36/189: $17\read_block$func$rtl/ascon_core.sv:114$276.$result[111:104]$760
    37/189: $16\read_block$func$rtl/ascon_core.sv:114$276.$result[103:96]$752
    38/189: $15\read_block$func$rtl/ascon_core.sv:114$276.$result[95:88]$744
    39/189: $14\read_block$func$rtl/ascon_core.sv:114$276.$result[87:80]$736
    40/189: $13\read_block$func$rtl/ascon_core.sv:114$276.$result[79:72]$728
    41/189: $12\read_block$func$rtl/ascon_core.sv:114$276.$result[71:64]$720
    42/189: $11\read_block$func$rtl/ascon_core.sv:114$276.$result[63:56]$712
    43/189: $10\read_block$func$rtl/ascon_core.sv:114$276.$result[55:48]$704
    44/189: $9\read_block$func$rtl/ascon_core.sv:114$276.$result[47:40]$696
    45/189: $8\read_block$func$rtl/ascon_core.sv:114$276.$result[39:32]$688
    46/189: $7\read_block$func$rtl/ascon_core.sv:114$276.$result[31:24]$680
    47/189: $6\read_block$func$rtl/ascon_core.sv:114$276.$result[23:16]$672
    48/189: $5\read_block$func$rtl/ascon_core.sv:114$276.$result[15:8]$664
    49/189: $4\read_block$func$rtl/ascon_core.sv:114$276.$result[7:0]$656
    50/189: $3\output_block[127:0]
    51/189: $4\block_value[127:0]
    52/189: $3\read_block$func$rtl/ascon_core.sv:114$276.lane[31:0]$647
    53/189: $3\read_block$func$rtl/ascon_core.sv:114$276.$result[127:0]$644 [119:112]
    54/189: $3\read_block$func$rtl/ascon_core.sv:114$276.$result[127:0]$644 [111:104]
    55/189: $3\read_block$func$rtl/ascon_core.sv:114$276.$result[127:0]$644 [103:96]
    56/189: $3\read_block$func$rtl/ascon_core.sv:114$276.$result[127:0]$644 [95:88]
    57/189: $3\read_block$func$rtl/ascon_core.sv:114$276.$result[127:0]$644 [87:80]
    58/189: $3\read_block$func$rtl/ascon_core.sv:114$276.$result[127:0]$644 [79:72]
    59/189: $3\read_block$func$rtl/ascon_core.sv:114$276.$result[127:0]$644 [71:64]
    60/189: $3\read_block$func$rtl/ascon_core.sv:114$276.$result[127:0]$644 [63:56]
    61/189: $3\read_block$func$rtl/ascon_core.sv:114$276.$result[127:0]$644 [55:48]
    62/189: $3\read_block$func$rtl/ascon_core.sv:114$276.$result[127:0]$644 [47:40]
    63/189: $3\read_block$func$rtl/ascon_core.sv:114$276.$result[127:0]$644 [39:32]
    64/189: $3\read_block$func$rtl/ascon_core.sv:114$276.$result[127:0]$644 [31:24]
    65/189: $3\read_block$func$rtl/ascon_core.sv:114$276.$result[127:0]$644 [23:16]
    66/189: $3\read_block$func$rtl/ascon_core.sv:114$276.$result[127:0]$644 [15:8]
    67/189: $3\read_block$func$rtl/ascon_core.sv:114$276.$result[127:0]$644 [7:0]
    68/189: $19\read_block$func$rtl/ascon_core.sv:114$276.$result[127:120]$776
    69/189: $3\read_block$func$rtl/ascon_core.sv:114$276.first_byte[31:0]$646
    70/189: $3\read_block$func$rtl/ascon_core.sv:114$276.buffer[127:0]$645
    71/189: $3\read_block$func$rtl/ascon_core.sv:118$277.lane[31:0]$652
    72/189: $3\read_block$func$rtl/ascon_core.sv:118$277.byte_count[4:0]$651
    73/189: $3\read_block$func$rtl/ascon_core.sv:118$277.first_byte[31:0]$650
    74/189: $3\read_block$func$rtl/ascon_core.sv:118$277.buffer[127:0]$649
    75/189: $3\read_block$func$rtl/ascon_core.sv:114$276.$result[127:0]$644 [127:120]
    76/189: $4\tail_length[4:0]
    77/189: $3\rate_result[127:0]
    78/189: $4\padded_block[127:0]
    79/189: $2\read_block$func$rtl/ascon_core.sv:118$277.lane[31:0]$642
    80/189: $2\read_block$func$rtl/ascon_core.sv:118$277.byte_count[4:0]$641
    81/189: $2\read_block$func$rtl/ascon_core.sv:118$277.first_byte[31:0]$640
    82/189: $2\read_block$func$rtl/ascon_core.sv:118$277.buffer[127:0]$639
    83/189: $2\read_block$func$rtl/ascon_core.sv:118$277.$result[127:0]$638
    84/189: $2\read_block$func$rtl/ascon_core.sv:114$276.lane[31:0]$637
    85/189: $2\read_block$func$rtl/ascon_core.sv:114$276.first_byte[31:0]$636
    86/189: $2\read_block$func$rtl/ascon_core.sv:114$276.buffer[127:0]$635
    87/189: $2\read_block$func$rtl/ascon_core.sv:114$276.$result[127:0]$634
    88/189: $3\tail_length[4:0]
    89/189: $2\output_block[127:0]
    90/189: $2\rate_result[127:0]
    91/189: $3\padded_block[127:0]
    92/189: $3\block_value[127:0]
    93/189: $18\read_block$func$rtl/ascon_core.sv:109$275.$result[127:120]$625
    94/189: $17\read_block$func$rtl/ascon_core.sv:109$275.$result[119:112]$616
    95/189: $16\read_block$func$rtl/ascon_core.sv:109$275.$result[111:104]$607
    96/189: $15\read_block$func$rtl/ascon_core.sv:109$275.$result[103:96]$598
    97/189: $14\read_block$func$rtl/ascon_core.sv:109$275.$result[95:88]$589
    98/189: $13\read_block$func$rtl/ascon_core.sv:109$275.$result[87:80]$580
    99/189: $12\read_block$func$rtl/ascon_core.sv:109$275.$result[79:72]$571
   100/189: $11\read_block$func$rtl/ascon_core.sv:109$275.$result[71:64]$562
   101/189: $10\read_block$func$rtl/ascon_core.sv:109$275.$result[63:56]$553
   102/189: $9\read_block$func$rtl/ascon_core.sv:109$275.$result[55:48]$544
   103/189: $8\read_block$func$rtl/ascon_core.sv:109$275.$result[47:40]$535
   104/189: $7\read_block$func$rtl/ascon_core.sv:109$275.$result[39:32]$526
   105/189: $6\read_block$func$rtl/ascon_core.sv:109$275.$result[31:24]$517
   106/189: $5\read_block$func$rtl/ascon_core.sv:109$275.$result[23:16]$508
   107/189: $4\read_block$func$rtl/ascon_core.sv:109$275.$result[15:8]$499
   108/189: $3\read_block$func$rtl/ascon_core.sv:109$275.$result[7:0]$490
   109/189: $2\read_block$func$rtl/ascon_core.sv:109$275.$result[127:0]$353 [127:120]
   110/189: $2\read_block$func$rtl/ascon_core.sv:109$275.$result[127:0]$353 [119:112]
   111/189: $2\read_block$func$rtl/ascon_core.sv:109$275.$result[127:0]$353 [111:104]
   112/189: $2\read_block$func$rtl/ascon_core.sv:109$275.$result[127:0]$353 [103:96]
   113/189: $2\read_block$func$rtl/ascon_core.sv:109$275.$result[127:0]$353 [95:88]
   114/189: $2\read_block$func$rtl/ascon_core.sv:109$275.$result[127:0]$353 [87:80]
   115/189: $2\read_block$func$rtl/ascon_core.sv:109$275.$result[127:0]$353 [79:72]
   116/189: $2\read_block$func$rtl/ascon_core.sv:109$275.$result[127:0]$353 [71:64]
   117/189: $2\read_block$func$rtl/ascon_core.sv:109$275.$result[127:0]$353 [63:56]
   118/189: $2\read_block$func$rtl/ascon_core.sv:109$275.$result[127:0]$353 [55:48]
   119/189: $2\read_block$func$rtl/ascon_core.sv:109$275.$result[127:0]$353 [47:40]
   120/189: $2\read_block$func$rtl/ascon_core.sv:109$275.$result[127:0]$353 [39:32]
   121/189: $2\read_block$func$rtl/ascon_core.sv:109$275.$result[127:0]$353 [31:24]
   122/189: $2\read_block$func$rtl/ascon_core.sv:109$275.$result[127:0]$353 [23:16]
   123/189: $2\read_block$func$rtl/ascon_core.sv:109$275.$result[127:0]$353 [15:8]
   124/189: $2\read_block$func$rtl/ascon_core.sv:109$275.$result[127:0]$353 [7:0]
   125/189: $17\read_block$func$rtl/ascon_core.sv:106$274.$result[119:112]$473
   126/189: $16\read_block$func$rtl/ascon_core.sv:106$274.$result[111:104]$465
   127/189: $15\read_block$func$rtl/ascon_core.sv:106$274.$result[103:96]$457
   128/189: $14\read_block$func$rtl/ascon_core.sv:106$274.$result[95:88]$449
   129/189: $13\read_block$func$rtl/ascon_core.sv:106$274.$result[87:80]$441
   130/189: $12\read_block$func$rtl/ascon_core.sv:106$274.$result[79:72]$433
   131/189: $11\read_block$func$rtl/ascon_core.sv:106$274.$result[71:64]$425
   132/189: $10\read_block$func$rtl/ascon_core.sv:106$274.$result[63:56]$417
   133/189: $9\read_block$func$rtl/ascon_core.sv:106$274.$result[55:48]$409
   134/189: $8\read_block$func$rtl/ascon_core.sv:106$274.$result[47:40]$401
   135/189: $7\read_block$func$rtl/ascon_core.sv:106$274.$result[39:32]$393
   136/189: $6\read_block$func$rtl/ascon_core.sv:106$274.$result[31:24]$385
   137/189: $5\read_block$func$rtl/ascon_core.sv:106$274.$result[23:16]$377
   138/189: $4\read_block$func$rtl/ascon_core.sv:106$274.$result[15:8]$369
   139/189: $3\read_block$func$rtl/ascon_core.sv:106$274.$result[7:0]$361
   140/189: $2\block_value[127:0]
   141/189: $2\read_block$func$rtl/ascon_core.sv:106$274.lane[31:0]$352
   142/189: $2\read_block$func$rtl/ascon_core.sv:106$274.$result[127:0]$349 [119:112]
   143/189: $2\read_block$func$rtl/ascon_core.sv:106$274.$result[127:0]$349 [111:104]
   144/189: $2\read_block$func$rtl/ascon_core.sv:106$274.$result[127:0]$349 [103:96]
   145/189: $2\read_block$func$rtl/ascon_core.sv:106$274.$result[127:0]$349 [95:88]
   146/189: $2\read_block$func$rtl/ascon_core.sv:106$274.$result[127:0]$349 [87:80]
   147/189: $2\read_block$func$rtl/ascon_core.sv:106$274.$result[127:0]$349 [79:72]
   148/189: $2\read_block$func$rtl/ascon_core.sv:106$274.$result[127:0]$349 [71:64]
   149/189: $2\read_block$func$rtl/ascon_core.sv:106$274.$result[127:0]$349 [63:56]
   150/189: $2\read_block$func$rtl/ascon_core.sv:106$274.$result[127:0]$349 [55:48]
   151/189: $2\read_block$func$rtl/ascon_core.sv:106$274.$result[127:0]$349 [47:40]
   152/189: $2\read_block$func$rtl/ascon_core.sv:106$274.$result[127:0]$349 [39:32]
   153/189: $2\read_block$func$rtl/ascon_core.sv:106$274.$result[127:0]$349 [31:24]
   154/189: $2\read_block$func$rtl/ascon_core.sv:106$274.$result[127:0]$349 [23:16]
   155/189: $2\read_block$func$rtl/ascon_core.sv:106$274.$result[127:0]$349 [15:8]
   156/189: $2\read_block$func$rtl/ascon_core.sv:106$274.$result[127:0]$349 [7:0]
   157/189: $18\read_block$func$rtl/ascon_core.sv:106$274.$result[127:120]$481
   158/189: $2\read_block$func$rtl/ascon_core.sv:106$274.first_byte[31:0]$351
   159/189: $2\read_block$func$rtl/ascon_core.sv:106$274.buffer[127:0]$350
   160/189: $2\read_block$func$rtl/ascon_core.sv:109$275.lane[31:0]$357
   161/189: $2\read_block$func$rtl/ascon_core.sv:109$275.byte_count[4:0]$356
   162/189: $2\read_block$func$rtl/ascon_core.sv:109$275.first_byte[31:0]$355
   163/189: $2\read_block$func$rtl/ascon_core.sv:109$275.buffer[127:0]$354
   164/189: $2\read_block$func$rtl/ascon_core.sv:106$274.$result[127:0]$349 [127:120]
   165/189: $2\tail_length[4:0]
   166/189: $2\padded_block[127:0]
   167/189: $1\read_block$func$rtl/ascon_core.sv:109$275.lane[31:0]$338
   168/189: $1\read_block$func$rtl/ascon_core.sv:109$275.byte_count[4:0]$337
   169/189: $1\read_block$func$rtl/ascon_core.sv:109$275.first_byte[31:0]$336
   170/189: $1\read_block$func$rtl/ascon_core.sv:109$275.buffer[127:0]$335
   171/189: $1\read_block$func$rtl/ascon_core.sv:109$275.$result[127:0]$334
   172/189: $1\read_block$func$rtl/ascon_core.sv:106$274.lane[31:0]$333
   173/189: $1\read_block$func$rtl/ascon_core.sv:106$274.first_byte[31:0]$332
   174/189: $1\read_block$func$rtl/ascon_core.sv:106$274.buffer[127:0]$331
   175/189: $1\read_block$func$rtl/ascon_core.sv:106$274.$result[127:0]$330
   176/189: $1\tail_length[4:0]
   177/189: $1\padded_block[127:0]
   178/189: $1\block_value[127:0]
   179/189: $1\read_block$func$rtl/ascon_core.sv:118$277.lane[31:0]$347
   180/189: $1\read_block$func$rtl/ascon_core.sv:118$277.byte_count[4:0]$346
   181/189: $1\read_block$func$rtl/ascon_core.sv:118$277.first_byte[31:0]$345
   182/189: $1\read_block$func$rtl/ascon_core.sv:118$277.buffer[127:0]$344
   183/189: $1\read_block$func$rtl/ascon_core.sv:118$277.$result[127:0]$343
   184/189: $1\read_block$func$rtl/ascon_core.sv:114$276.lane[31:0]$342
   185/189: $1\read_block$func$rtl/ascon_core.sv:114$276.first_byte[31:0]$341
   186/189: $1\read_block$func$rtl/ascon_core.sv:114$276.buffer[127:0]$340
   187/189: $1\read_block$func$rtl/ascon_core.sv:114$276.$result[127:0]$339
   188/189: $1\output_block[127:0]
   189/189: $1\rate_result[127:0]
Creating decoders for process `$paramod\aead_controller\MAX_DATA_BYTES=32'00000000000000000000000000010000.$proc$rtl/aead_controller.sv:105$236'.
     1/16: $16\select_output_byte$func$rtl/aead_controller.sv:105$162.$result[7:0]$273
     2/16: $15\select_output_byte$func$rtl/aead_controller.sv:105$162.$result[7:0]$271
     3/16: $14\select_output_byte$func$rtl/aead_controller.sv:105$162.$result[7:0]$269
     4/16: $13\select_output_byte$func$rtl/aead_controller.sv:105$162.$result[7:0]$267
     5/16: $12\select_output_byte$func$rtl/aead_controller.sv:105$162.$result[7:0]$265
     6/16: $11\select_output_byte$func$rtl/aead_controller.sv:105$162.$result[7:0]$263
     7/16: $10\select_output_byte$func$rtl/aead_controller.sv:105$162.$result[7:0]$261
     8/16: $9\select_output_byte$func$rtl/aead_controller.sv:105$162.$result[7:0]$259
     9/16: $8\select_output_byte$func$rtl/aead_controller.sv:105$162.$result[7:0]$257
    10/16: $7\select_output_byte$func$rtl/aead_controller.sv:105$162.$result[7:0]$255
    11/16: $6\select_output_byte$func$rtl/aead_controller.sv:105$162.$result[7:0]$253
    12/16: $5\select_output_byte$func$rtl/aead_controller.sv:105$162.$result[7:0]$251
    13/16: $4\select_output_byte$func$rtl/aead_controller.sv:105$162.$result[7:0]$249
    14/16: $3\select_output_byte$func$rtl/aead_controller.sv:105$162.$result[7:0]$247
    15/16: $2\select_output_byte$func$rtl/aead_controller.sv:105$162.$result[7:0]$245
    16/16: $1\select_output_byte$func$rtl/aead_controller.sv:105$162.$result[7:0]$243
Creating decoders for process `$paramod\aead_controller\MAX_DATA_BYTES=32'00000000000000000000000000010000.$proc$rtl/aead_controller.sv:136$180'.
     1/28: $3$lookahead\data_buffer$179[127:0]$217
     2/28: $3$bitselwrite$pos$rtl/aead_controller.sv:208$161[31:0]$216
     3/28: $3$lookahead\ad_buffer$178[127:0]$201
     4/28: $3$bitselwrite$pos$rtl/aead_controller.sv:195$160[31:0]$200
     5/28: $2$lookahead\data_buffer$179[127:0]$193
     6/28: $2$lookahead\ad_buffer$178[127:0]$192
     7/28: $2$bitselwrite$pos$rtl/aead_controller.sv:208$161[31:0]$191
     8/28: $2$bitselwrite$pos$rtl/aead_controller.sv:195$160[31:0]$190
     9/28: $0\command_error[0:0]
    10/28: $0\done[0:0]
    11/28: $0\verifier_start[0:0]
    12/28: $0\tag_load[0:0]
    13/28: $0\core_start[0:0]
    14/28: $1$lookahead\data_buffer$179[127:0]$189
    15/28: $1$lookahead\ad_buffer$178[127:0]$188
    16/28: $1$bitselwrite$pos$rtl/aead_controller.sv:208$161[31:0]$187
    17/28: $1$bitselwrite$pos$rtl/aead_controller.sv:195$160[31:0]$186
    18/28: $0\output_count[31:0]
    19/28: $0\data_count[31:0]
    20/28: $0\ad_count[31:0]
    21/28: $0\data_length_reg[31:0]
    22/28: $0\ad_length_reg[31:0]
    23/28: $0\received_tag_reg[127:0]
    24/28: $0\nonce_reg[127:0]
    25/28: $0\key_reg[127:0]
    26/28: $0\decrypt_reg[0:0]
    27/28: $0\phase[3:0]
    28/28: $0\busy[0:0]
Creating decoders for process `\authentication_guard.$proc$rtl/authentication_guard.sv:19$154'.
     1/4: $0\plaintext_allowed[0:0]
     2/4: $0\reject[0:0]
     3/4: $0\accept[0:0]
     4/4: $0\auth_result_valid[0:0]
Creating decoders for process `\tag_verifier.$proc$rtl/tag_verifier.sv:22$148'.
     1/7: $0\mismatch[0:0]
     2/7: $0\match[0:0]
     3/7: $0\done[0:0]
     4/7: $0\compare_pending[0:0]
     5/7: $0\received_latched[127:0]
     6/7: $0\calculated_latched[127:0]
     7/7: $0\busy[0:0]
Creating decoders for process `\tag_generator.$proc$rtl/tag_generator.sv:15$142'.
     1/2: $0\tag_out[127:0]
     2/2: $0\tag_valid[0:0]
Creating decoders for process `\ascon_permutation.$proc$rtl/ascon_permutation.sv:102$131'.
     1/8: $0\error[0:0]
     2/8: $0\done[0:0]
     3/8: $0\busy[0:0]
     4/8: $0\round_index[4:0]
     5/8: $0\rounds_latched[4:0]
     6/8: $0\state_reg[319:0]
     7/8: $0\state[0:0]
     8/8: $0\state_out[319:0]
Creating decoders for process `\ascon_permutation.$proc$rtl/ascon_permutation.sv:95$13'.
     1/1: $1\round_constant$func$rtl/ascon_permutation.sv:97$1.$result[63:0]$51

11.8. Executing PROC_DLATCH pass (convert process syncs to latches).
No latch inferred for signal `$paramod\ascon_core\MAX_DATA_BYTES=32'00000000000000000000000000010000.\block_value' from process `$paramod\ascon_core\MAX_DATA_BYTES=32'00000000000000000000000000010000.$proc$rtl/ascon_core.sv:96$310'.
No latch inferred for signal `$paramod\ascon_core\MAX_DATA_BYTES=32'00000000000000000000000000010000.\padded_block' from process `$paramod\ascon_core\MAX_DATA_BYTES=32'00000000000000000000000000010000.$proc$rtl/ascon_core.sv:96$310'.
No latch inferred for signal `$paramod\ascon_core\MAX_DATA_BYTES=32'00000000000000000000000000010000.\rate_value' from process `$paramod\ascon_core\MAX_DATA_BYTES=32'00000000000000000000000000010000.$proc$rtl/ascon_core.sv:96$310'.
No latch inferred for signal `$paramod\ascon_core\MAX_DATA_BYTES=32'00000000000000000000000000010000.\rate_result' from process `$paramod\ascon_core\MAX_DATA_BYTES=32'00000000000000000000000000010000.$proc$rtl/ascon_core.sv:96$310'.
No latch inferred for signal `$paramod\ascon_core\MAX_DATA_BYTES=32'00000000000000000000000000010000.\output_block' from process `$paramod\ascon_core\MAX_DATA_BYTES=32'00000000000000000000000000010000.$proc$rtl/ascon_core.sv:96$310'.
No latch inferred for signal `$paramod\ascon_core\MAX_DATA_BYTES=32'00000000000000000000000000010000.\tail_length' from process `$paramod\ascon_core\MAX_DATA_BYTES=32'00000000000000000000000000010000.$proc$rtl/ascon_core.sv:96$310'.
No latch inferred for signal `$paramod\aead_controller\MAX_DATA_BYTES=32'00000000000000000000000000010000.\select_output_byte$func$rtl/aead_controller.sv:105$159.$result' from process `$paramod\aead_controller\MAX_DATA_BYTES=32'00000000000000000000000000010000.$proc$rtl/aead_controller.sv:105$236'.
No latch inferred for signal `\ascon_permutation.\constant_index' from process `\ascon_permutation.$proc$rtl/ascon_permutation.sv:95$13'.
No latch inferred for signal `\ascon_permutation.\state_after_round' from process `\ascon_permutation.$proc$rtl/ascon_permutation.sv:95$13'.

11.9. Executing PROC_DFF pass (convert process syncs to FFs).
Creating register for signal `$paramod\ascon_core\MAX_DATA_BYTES=32'00000000000000000000000000010000.\busy' using process `$paramod\ascon_core\MAX_DATA_BYTES=32'00000000000000000000000000010000.$proc$rtl/ascon_core.sv:135$948'.
  created $dff cell `$procdff$5744' with positive edge clock.
Creating register for signal `$paramod\ascon_core\MAX_DATA_BYTES=32'00000000000000000000000000010000.\done' using process `$paramod\ascon_core\MAX_DATA_BYTES=32'00000000000000000000000000010000.$proc$rtl/ascon_core.sv:135$948'.
  created $dff cell `$procdff$5745' with positive edge clock.
Creating register for signal `$paramod\ascon_core\MAX_DATA_BYTES=32'00000000000000000000000000010000.\state_reg' using process `$paramod\ascon_core\MAX_DATA_BYTES=32'00000000000000000000000000010000.$proc$rtl/ascon_core.sv:135$948'.
  created $dff cell `$procdff$5746' with positive edge clock.
Creating register for signal `$paramod\ascon_core\MAX_DATA_BYTES=32'00000000000000000000000000010000.\tag_out' using process `$paramod\ascon_core\MAX_DATA_BYTES=32'00000000000000000000000000010000.$proc$rtl/ascon_core.sv:135$948'.
  created $dff cell `$procdff$5747' with positive edge clock.
Creating register for signal `$paramod\ascon_core\MAX_DATA_BYTES=32'00000000000000000000000000010000.\command_error' using process `$paramod\ascon_core\MAX_DATA_BYTES=32'00000000000000000000000000010000.$proc$rtl/ascon_core.sv:135$948'.
  created $dff cell `$procdff$5748' with positive edge clock.
Creating register for signal `$paramod\ascon_core\MAX_DATA_BYTES=32'00000000000000000000000000010000.\phase' using process `$paramod\ascon_core\MAX_DATA_BYTES=32'00000000000000000000000000010000.$proc$rtl/ascon_core.sv:135$948'.
  created $dff cell `$procdff$5749' with positive edge clock.
Creating register for signal `$paramod\ascon_core\MAX_DATA_BYTES=32'00000000000000000000000000010000.\decrypt_reg' using process `$paramod\ascon_core\MAX_DATA_BYTES=32'00000000000000000000000000010000.$proc$rtl/ascon_core.sv:135$948'.
  created $dff cell `$procdff$5750' with positive edge clock.
Creating register for signal `$paramod\ascon_core\MAX_DATA_BYTES=32'00000000000000000000000000010000.\key_reg' using process `$paramod\ascon_core\MAX_DATA_BYTES=32'00000000000000000000000000010000.$proc$rtl/ascon_core.sv:135$948'.
  created $dff cell `$procdff$5751' with positive edge clock.
Creating register for signal `$paramod\ascon_core\MAX_DATA_BYTES=32'00000000000000000000000000010000.\nonce_reg' using process `$paramod\ascon_core\MAX_DATA_BYTES=32'00000000000000000000000000010000.$proc$rtl/ascon_core.sv:135$948'.
  created $dff cell `$procdff$5752' with positive edge clock.
Creating register for signal `$paramod\ascon_core\MAX_DATA_BYTES=32'00000000000000000000000000010000.\ad_length_reg' using process `$paramod\ascon_core\MAX_DATA_BYTES=32'00000000000000000000000000010000.$proc$rtl/ascon_core.sv:135$948'.
  created $dff cell `$procdff$5753' with positive edge clock.
Creating register for signal `$paramod\ascon_core\MAX_DATA_BYTES=32'00000000000000000000000000010000.\data_length_reg' using process `$paramod\ascon_core\MAX_DATA_BYTES=32'00000000000000000000000000010000.$proc$rtl/ascon_core.sv:135$948'.
  created $dff cell `$procdff$5754' with positive edge clock.
Creating register for signal `$paramod\ascon_core\MAX_DATA_BYTES=32'00000000000000000000000000010000.\data_out' using process `$paramod\ascon_core\MAX_DATA_BYTES=32'00000000000000000000000000010000.$proc$rtl/ascon_core.sv:135$948'.
  created $dff cell `$procdff$5755' with positive edge clock.
Creating register for signal `$paramod\ascon_core\MAX_DATA_BYTES=32'00000000000000000000000000010000.\byte_index' using process `$paramod\ascon_core\MAX_DATA_BYTES=32'00000000000000000000000000010000.$proc$rtl/ascon_core.sv:135$948'.
  created $dff cell `$procdff$5756' with positive edge clock.
Creating register for signal `$paramod\ascon_core\MAX_DATA_BYTES=32'00000000000000000000000000010000.\ad_final_block' using process `$paramod\ascon_core\MAX_DATA_BYTES=32'00000000000000000000000000010000.$proc$rtl/ascon_core.sv:135$948'.
  created $dff cell `$procdff$5757' with positive edge clock.
Creating register for signal `$paramod\ascon_core\MAX_DATA_BYTES=32'00000000000000000000000000010000.\perm_start' using process `$paramod\ascon_core\MAX_DATA_BYTES=32'00000000000000000000000000010000.$proc$rtl/ascon_core.sv:135$948'.
  created $dff cell `$procdff$5758' with positive edge clock.
Creating register for signal `$paramod\ascon_core\MAX_DATA_BYTES=32'00000000000000000000000000010000.\perm_rounds' using process `$paramod\ascon_core\MAX_DATA_BYTES=32'00000000000000000000000000010000.$proc$rtl/ascon_core.sv:135$948'.
  created $dff cell `$procdff$5759' with positive edge clock.
Creating register for signal `$paramod\ascon_core\MAX_DATA_BYTES=32'00000000000000000000000000010000.\byte_lane' using process `$paramod\ascon_core\MAX_DATA_BYTES=32'00000000000000000000000000010000.$proc$rtl/ascon_core.sv:135$948'.
  created $dff cell `$procdff$5760' with positive edge clock.
Creating register for signal `$paramod\ascon_core\MAX_DATA_BYTES=32'00000000000000000000000000010000.$bitselwrite$pos$rtl/ascon_core.sv:258$278' using process `$paramod\ascon_core\MAX_DATA_BYTES=32'00000000000000000000000000010000.$proc$rtl/ascon_core.sv:135$948'.
  created $dff cell `$procdff$5761' with positive edge clock.
Creating register for signal `$paramod\ascon_core\MAX_DATA_BYTES=32'00000000000000000000000000010000.$bitselwrite$pos$rtl/ascon_core.sv:258$279' using process `$paramod\ascon_core\MAX_DATA_BYTES=32'00000000000000000000000000010000.$proc$rtl/ascon_core.sv:135$948'.
  created $dff cell `$procdff$5762' with positive edge clock.
Creating register for signal `$paramod\ascon_core\MAX_DATA_BYTES=32'00000000000000000000000000010000.$bitselwrite$pos$rtl/ascon_core.sv:258$280' using process `$paramod\ascon_core\MAX_DATA_BYTES=32'00000000000000000000000000010000.$proc$rtl/ascon_core.sv:135$948'.
  created $dff cell `$procdff$5763' with positive edge clock.
Creating register for signal `$paramod\ascon_core\MAX_DATA_BYTES=32'00000000000000000000000000010000.$bitselwrite$pos$rtl/ascon_core.sv:258$281' using process `$paramod\ascon_core\MAX_DATA_BYTES=32'00000000000000000000000000010000.$proc$rtl/ascon_core.sv:135$948'.
  created $dff cell `$procdff$5764' with positive edge clock.
Creating register for signal `$paramod\ascon_core\MAX_DATA_BYTES=32'00000000000000000000000000010000.$bitselwrite$pos$rtl/ascon_core.sv:258$282' using process `$paramod\ascon_core\MAX_DATA_BYTES=32'00000000000000000000000000010000.$proc$rtl/ascon_core.sv:135$948'.
  created $dff cell `$procdff$5765' with positive edge clock.
Creating register for signal `$paramod\ascon_core\MAX_DATA_BYTES=32'00000000000000000000000000010000.$bitselwrite$pos$rtl/ascon_core.sv:258$283' using process `$paramod\ascon_core\MAX_DATA_BYTES=32'00000000000000000000000000010000.$proc$rtl/ascon_core.sv:135$948'.
  created $dff cell `$procdff$5766' with positive edge clock.
Creating register for signal `$paramod\ascon_core\MAX_DATA_BYTES=32'00000000000000000000000000010000.$bitselwrite$pos$rtl/ascon_core.sv:258$284' using process `$paramod\ascon_core\MAX_DATA_BYTES=32'00000000000000000000000000010000.$proc$rtl/ascon_core.sv:135$948'.
  created $dff cell `$procdff$5767' with positive edge clock.
Creating register for signal `$paramod\ascon_core\MAX_DATA_BYTES=32'00000000000000000000000000010000.$bitselwrite$pos$rtl/ascon_core.sv:258$285' using process `$paramod\ascon_core\MAX_DATA_BYTES=32'00000000000000000000000000010000.$proc$rtl/ascon_core.sv:135$948'.
  created $dff cell `$procdff$5768' with positive edge clock.
Creating register for signal `$paramod\ascon_core\MAX_DATA_BYTES=32'00000000000000000000000000010000.$bitselwrite$pos$rtl/ascon_core.sv:258$286' using process `$paramod\ascon_core\MAX_DATA_BYTES=32'00000000000000000000000000010000.$proc$rtl/ascon_core.sv:135$948'.
  created $dff cell `$procdff$5769' with positive edge clock.
Creating register for signal `$paramod\ascon_core\MAX_DATA_BYTES=32'00000000000000000000000000010000.$bitselwrite$pos$rtl/ascon_core.sv:258$287' using process `$paramod\ascon_core\MAX_DATA_BYTES=32'00000000000000000000000000010000.$proc$rtl/ascon_core.sv:135$948'.
  created $dff cell `$procdff$5770' with positive edge clock.
Creating register for signal `$paramod\ascon_core\MAX_DATA_BYTES=32'00000000000000000000000000010000.$bitselwrite$pos$rtl/ascon_core.sv:258$288' using process `$paramod\ascon_core\MAX_DATA_BYTES=32'00000000000000000000000000010000.$proc$rtl/ascon_core.sv:135$948'.
  created $dff cell `$procdff$5771' with positive edge clock.
Creating register for signal `$paramod\ascon_core\MAX_DATA_BYTES=32'00000000000000000000000000010000.$bitselwrite$pos$rtl/ascon_core.sv:258$289' using process `$paramod\ascon_core\MAX_DATA_BYTES=32'00000000000000000000000000010000.$proc$rtl/ascon_core.sv:135$948'.
  created $dff cell `$procdff$5772' with positive edge clock.
Creating register for signal `$paramod\ascon_core\MAX_DATA_BYTES=32'00000000000000000000000000010000.$bitselwrite$pos$rtl/ascon_core.sv:258$290' using process `$paramod\ascon_core\MAX_DATA_BYTES=32'00000000000000000000000000010000.$proc$rtl/ascon_core.sv:135$948'.
  created $dff cell `$procdff$5773' with positive edge clock.
Creating register for signal `$paramod\ascon_core\MAX_DATA_BYTES=32'00000000000000000000000000010000.$bitselwrite$pos$rtl/ascon_core.sv:258$291' using process `$paramod\ascon_core\MAX_DATA_BYTES=32'00000000000000000000000000010000.$proc$rtl/ascon_core.sv:135$948'.
  created $dff cell `$procdff$5774' with positive edge clock.
Creating register for signal `$paramod\ascon_core\MAX_DATA_BYTES=32'00000000000000000000000000010000.$bitselwrite$pos$rtl/ascon_core.sv:258$292' using process `$paramod\ascon_core\MAX_DATA_BYTES=32'00000000000000000000000000010000.$proc$rtl/ascon_core.sv:135$948'.
  created $dff cell `$procdff$5775' with positive edge clock.
Creating register for signal `$paramod\ascon_core\MAX_DATA_BYTES=32'00000000000000000000000000010000.$bitselwrite$pos$rtl/ascon_core.sv:258$293' using process `$paramod\ascon_core\MAX_DATA_BYTES=32'00000000000000000000000000010000.$proc$rtl/ascon_core.sv:135$948'.
  created $dff cell `$procdff$5776' with positive edge clock.
Creating register for signal `$paramod\ascon_core\MAX_DATA_BYTES=32'00000000000000000000000000010000.$bitselwrite$pos$rtl/ascon_core.sv:268$294' using process `$paramod\ascon_core\MAX_DATA_BYTES=32'00000000000000000000000000010000.$proc$rtl/ascon_core.sv:135$948'.
  created $dff cell `$procdff$5777' with positive edge clock.
Creating register for signal `$paramod\ascon_core\MAX_DATA_BYTES=32'00000000000000000000000000010000.$bitselwrite$pos$rtl/ascon_core.sv:268$295' using process `$paramod\ascon_core\MAX_DATA_BYTES=32'00000000000000000000000000010000.$proc$rtl/ascon_core.sv:135$948'.
  created $dff cell `$procdff$5778' with positive edge clock.
Creating register for signal `$paramod\ascon_core\MAX_DATA_BYTES=32'00000000000000000000000000010000.$bitselwrite$pos$rtl/ascon_core.sv:268$296' using process `$paramod\ascon_core\MAX_DATA_BYTES=32'00000000000000000000000000010000.$proc$rtl/ascon_core.sv:135$948'.
  created $dff cell `$procdff$5779' with positive edge clock.
Creating register for signal `$paramod\ascon_core\MAX_DATA_BYTES=32'00000000000000000000000000010000.$bitselwrite$pos$rtl/ascon_core.sv:268$297' using process `$paramod\ascon_core\MAX_DATA_BYTES=32'00000000000000000000000000010000.$proc$rtl/ascon_core.sv:135$948'.
  created $dff cell `$procdff$5780' with positive edge clock.
Creating register for signal `$paramod\ascon_core\MAX_DATA_BYTES=32'00000000000000000000000000010000.$bitselwrite$pos$rtl/ascon_core.sv:268$298' using process `$paramod\ascon_core\MAX_DATA_BYTES=32'00000000000000000000000000010000.$proc$rtl/ascon_core.sv:135$948'.
  created $dff cell `$procdff$5781' with positive edge clock.
Creating register for signal `$paramod\ascon_core\MAX_DATA_BYTES=32'00000000000000000000000000010000.$bitselwrite$pos$rtl/ascon_core.sv:268$299' using process `$paramod\ascon_core\MAX_DATA_BYTES=32'00000000000000000000000000010000.$proc$rtl/ascon_core.sv:135$948'.
  created $dff cell `$procdff$5782' with positive edge clock.
Creating register for signal `$paramod\ascon_core\MAX_DATA_BYTES=32'00000000000000000000000000010000.$bitselwrite$pos$rtl/ascon_core.sv:268$300' using process `$paramod\ascon_core\MAX_DATA_BYTES=32'00000000000000000000000000010000.$proc$rtl/ascon_core.sv:135$948'.
  created $dff cell `$procdff$5783' with positive edge clock.
Creating register for signal `$paramod\ascon_core\MAX_DATA_BYTES=32'00000000000000000000000000010000.$bitselwrite$pos$rtl/ascon_core.sv:268$301' using process `$paramod\ascon_core\MAX_DATA_BYTES=32'00000000000000000000000000010000.$proc$rtl/ascon_core.sv:135$948'.
  created $dff cell `$procdff$5784' with positive edge clock.
Creating register for signal `$paramod\ascon_core\MAX_DATA_BYTES=32'00000000000000000000000000010000.$bitselwrite$pos$rtl/ascon_core.sv:268$302' using process `$paramod\ascon_core\MAX_DATA_BYTES=32'00000000000000000000000000010000.$proc$rtl/ascon_core.sv:135$948'.
  created $dff cell `$procdff$5785' with positive edge clock.
Creating register for signal `$paramod\ascon_core\MAX_DATA_BYTES=32'00000000000000000000000000010000.$bitselwrite$pos$rtl/ascon_core.sv:268$303' using process `$paramod\ascon_core\MAX_DATA_BYTES=32'00000000000000000000000000010000.$proc$rtl/ascon_core.sv:135$948'.
  created $dff cell `$procdff$5786' with positive edge clock.
Creating register for signal `$paramod\ascon_core\MAX_DATA_BYTES=32'00000000000000000000000000010000.$bitselwrite$pos$rtl/ascon_core.sv:268$304' using process `$paramod\ascon_core\MAX_DATA_BYTES=32'00000000000000000000000000010000.$proc$rtl/ascon_core.sv:135$948'.
  created $dff cell `$procdff$5787' with positive edge clock.
Creating register for signal `$paramod\ascon_core\MAX_DATA_BYTES=32'00000000000000000000000000010000.$bitselwrite$pos$rtl/ascon_core.sv:268$305' using process `$paramod\ascon_core\MAX_DATA_BYTES=32'00000000000000000000000000010000.$proc$rtl/ascon_core.sv:135$948'.
  created $dff cell `$procdff$5788' with positive edge clock.
Creating register for signal `$paramod\ascon_core\MAX_DATA_BYTES=32'00000000000000000000000000010000.$bitselwrite$pos$rtl/ascon_core.sv:268$306' using process `$paramod\ascon_core\MAX_DATA_BYTES=32'00000000000000000000000000010000.$proc$rtl/ascon_core.sv:135$948'.
  created $dff cell `$procdff$5789' with positive edge clock.
Creating register for signal `$paramod\ascon_core\MAX_DATA_BYTES=32'00000000000000000000000000010000.$bitselwrite$pos$rtl/ascon_core.sv:268$307' using process `$paramod\ascon_core\MAX_DATA_BYTES=32'00000000000000000000000000010000.$proc$rtl/ascon_core.sv:135$948'.
  created $dff cell `$procdff$5790' with positive edge clock.
Creating register for signal `$paramod\ascon_core\MAX_DATA_BYTES=32'00000000000000000000000000010000.$bitselwrite$pos$rtl/ascon_core.sv:268$308' using process `$paramod\ascon_core\MAX_DATA_BYTES=32'00000000000000000000000000010000.$proc$rtl/ascon_core.sv:135$948'.
  created $dff cell `$procdff$5791' with positive edge clock.
Creating register for signal `$paramod\ascon_core\MAX_DATA_BYTES=32'00000000000000000000000000010000.$bitselwrite$pos$rtl/ascon_core.sv:268$309' using process `$paramod\ascon_core\MAX_DATA_BYTES=32'00000000000000000000000000010000.$proc$rtl/ascon_core.sv:135$948'.
  created $dff cell `$procdff$5792' with positive edge clock.
Creating register for signal `$paramod\ascon_core\MAX_DATA_BYTES=32'00000000000000000000000000010000.$lookahead\data_out$947' using process `$paramod\ascon_core\MAX_DATA_BYTES=32'00000000000000000000000000010000.$proc$rtl/ascon_core.sv:135$948'.
  created $dff cell `$procdff$5793' with positive edge clock.
Creating register for signal `$paramod\aead_controller\MAX_DATA_BYTES=32'00000000000000000000000000010000.\busy' using process `$paramod\aead_controller\MAX_DATA_BYTES=32'00000000000000000000000000010000.$proc$rtl/aead_controller.sv:136$180'.
  created $dff cell `$procdff$5794' with positive edge clock.
Creating register for signal `$paramod\aead_controller\MAX_DATA_BYTES=32'00000000000000000000000000010000.\done' using process `$paramod\aead_controller\MAX_DATA_BYTES=32'00000000000000000000000000010000.$proc$rtl/aead_controller.sv:136$180'.
  created $dff cell `$procdff$5795' with positive edge clock.
Creating register for signal `$paramod\aead_controller\MAX_DATA_BYTES=32'00000000000000000000000000010000.\command_error' using process `$paramod\aead_controller\MAX_DATA_BYTES=32'00000000000000000000000000010000.$proc$rtl/aead_controller.sv:136$180'.
  created $dff cell `$procdff$5796' with positive edge clock.
Creating register for signal `$paramod\aead_controller\MAX_DATA_BYTES=32'00000000000000000000000000010000.\phase' using process `$paramod\aead_controller\MAX_DATA_BYTES=32'00000000000000000000000000010000.$proc$rtl/aead_controller.sv:136$180'.
  created $dff cell `$procdff$5797' with positive edge clock.
Creating register for signal `$paramod\aead_controller\MAX_DATA_BYTES=32'00000000000000000000000000010000.\decrypt_reg' using process `$paramod\aead_controller\MAX_DATA_BYTES=32'00000000000000000000000000010000.$proc$rtl/aead_controller.sv:136$180'.
  created $dff cell `$procdff$5798' with positive edge clock.
Creating register for signal `$paramod\aead_controller\MAX_DATA_BYTES=32'00000000000000000000000000010000.\key_reg' using process `$paramod\aead_controller\MAX_DATA_BYTES=32'00000000000000000000000000010000.$proc$rtl/aead_controller.sv:136$180'.
  created $dff cell `$procdff$5799' with positive edge clock.
Creating register for signal `$paramod\aead_controller\MAX_DATA_BYTES=32'00000000000000000000000000010000.\nonce_reg' using process `$paramod\aead_controller\MAX_DATA_BYTES=32'00000000000000000000000000010000.$proc$rtl/aead_controller.sv:136$180'.
  created $dff cell `$procdff$5800' with positive edge clock.
Creating register for signal `$paramod\aead_controller\MAX_DATA_BYTES=32'00000000000000000000000000010000.\received_tag_reg' using process `$paramod\aead_controller\MAX_DATA_BYTES=32'00000000000000000000000000010000.$proc$rtl/aead_controller.sv:136$180'.
  created $dff cell `$procdff$5801' with positive edge clock.
Creating register for signal `$paramod\aead_controller\MAX_DATA_BYTES=32'00000000000000000000000000010000.\ad_length_reg' using process `$paramod\aead_controller\MAX_DATA_BYTES=32'00000000000000000000000000010000.$proc$rtl/aead_controller.sv:136$180'.
  created $dff cell `$procdff$5802' with positive edge clock.
Creating register for signal `$paramod\aead_controller\MAX_DATA_BYTES=32'00000000000000000000000000010000.\data_length_reg' using process `$paramod\aead_controller\MAX_DATA_BYTES=32'00000000000000000000000000010000.$proc$rtl/aead_controller.sv:136$180'.
  created $dff cell `$procdff$5803' with positive edge clock.
Creating register for signal `$paramod\aead_controller\MAX_DATA_BYTES=32'00000000000000000000000000010000.\ad_count' using process `$paramod\aead_controller\MAX_DATA_BYTES=32'00000000000000000000000000010000.$proc$rtl/aead_controller.sv:136$180'.
  created $dff cell `$procdff$5804' with positive edge clock.
Creating register for signal `$paramod\aead_controller\MAX_DATA_BYTES=32'00000000000000000000000000010000.\data_count' using process `$paramod\aead_controller\MAX_DATA_BYTES=32'00000000000000000000000000010000.$proc$rtl/aead_controller.sv:136$180'.
  created $dff cell `$procdff$5805' with positive edge clock.
Creating register for signal `$paramod\aead_controller\MAX_DATA_BYTES=32'00000000000000000000000000010000.\output_count' using process `$paramod\aead_controller\MAX_DATA_BYTES=32'00000000000000000000000000010000.$proc$rtl/aead_controller.sv:136$180'.
  created $dff cell `$procdff$5806' with positive edge clock.
Creating register for signal `$paramod\aead_controller\MAX_DATA_BYTES=32'00000000000000000000000000010000.\ad_buffer' using process `$paramod\aead_controller\MAX_DATA_BYTES=32'00000000000000000000000000010000.$proc$rtl/aead_controller.sv:136$180'.
  created $dff cell `$procdff$5807' with positive edge clock.
Creating register for signal `$paramod\aead_controller\MAX_DATA_BYTES=32'00000000000000000000000000010000.\data_buffer' using process `$paramod\aead_controller\MAX_DATA_BYTES=32'00000000000000000000000000010000.$proc$rtl/aead_controller.sv:136$180'.
  created $dff cell `$procdff$5808' with positive edge clock.
Creating register for signal `$paramod\aead_controller\MAX_DATA_BYTES=32'00000000000000000000000000010000.\core_start' using process `$paramod\aead_controller\MAX_DATA_BYTES=32'00000000000000000000000000010000.$proc$rtl/aead_controller.sv:136$180'.
  created $dff cell `$procdff$5809' with positive edge clock.
Creating register for signal `$paramod\aead_controller\MAX_DATA_BYTES=32'00000000000000000000000000010000.\tag_load' using process `$paramod\aead_controller\MAX_DATA_BYTES=32'00000000000000000000000000010000.$proc$rtl/aead_controller.sv:136$180'.
  created $dff cell `$procdff$5810' with positive edge clock.
Creating register for signal `$paramod\aead_controller\MAX_DATA_BYTES=32'00000000000000000000000000010000.\verifier_start' using process `$paramod\aead_controller\MAX_DATA_BYTES=32'00000000000000000000000000010000.$proc$rtl/aead_controller.sv:136$180'.
  created $dff cell `$procdff$5811' with positive edge clock.
Creating register for signal `$paramod\aead_controller\MAX_DATA_BYTES=32'00000000000000000000000000010000.$bitselwrite$pos$rtl/aead_controller.sv:195$160' using process `$paramod\aead_controller\MAX_DATA_BYTES=32'00000000000000000000000000010000.$proc$rtl/aead_controller.sv:136$180'.
  created $dff cell `$procdff$5812' with positive edge clock.
Creating register for signal `$paramod\aead_controller\MAX_DATA_BYTES=32'00000000000000000000000000010000.$bitselwrite$pos$rtl/aead_controller.sv:208$161' using process `$paramod\aead_controller\MAX_DATA_BYTES=32'00000000000000000000000000010000.$proc$rtl/aead_controller.sv:136$180'.
  created $dff cell `$procdff$5813' with positive edge clock.
Creating register for signal `$paramod\aead_controller\MAX_DATA_BYTES=32'00000000000000000000000000010000.$lookahead\ad_buffer$178' using process `$paramod\aead_controller\MAX_DATA_BYTES=32'00000000000000000000000000010000.$proc$rtl/aead_controller.sv:136$180'.
  created $dff cell `$procdff$5814' with positive edge clock.
Creating register for signal `$paramod\aead_controller\MAX_DATA_BYTES=32'00000000000000000000000000010000.$lookahead\data_buffer$179' using process `$paramod\aead_controller\MAX_DATA_BYTES=32'00000000000000000000000000010000.$proc$rtl/aead_controller.sv:136$180'.
  created $dff cell `$procdff$5815' with positive edge clock.
Creating register for signal `\authentication_guard.\auth_result_valid' using process `\authentication_guard.$proc$rtl/authentication_guard.sv:19$154'.
  created $dff cell `$procdff$5816' with positive edge clock.
Creating register for signal `\authentication_guard.\accept' using process `\authentication_guard.$proc$rtl/authentication_guard.sv:19$154'.
  created $dff cell `$procdff$5817' with positive edge clock.
Creating register for signal `\authentication_guard.\reject' using process `\authentication_guard.$proc$rtl/authentication_guard.sv:19$154'.
  created $dff cell `$procdff$5818' with positive edge clock.
Creating register for signal `\authentication_guard.\plaintext_allowed' using process `\authentication_guard.$proc$rtl/authentication_guard.sv:19$154'.
  created $dff cell `$procdff$5819' with positive edge clock.
Creating register for signal `\tag_verifier.\busy' using process `\tag_verifier.$proc$rtl/tag_verifier.sv:22$148'.
  created $dff cell `$procdff$5820' with positive edge clock.
Creating register for signal `\tag_verifier.\done' using process `\tag_verifier.$proc$rtl/tag_verifier.sv:22$148'.
  created $dff cell `$procdff$5821' with positive edge clock.
Creating register for signal `\tag_verifier.\match' using process `\tag_verifier.$proc$rtl/tag_verifier.sv:22$148'.
  created $dff cell `$procdff$5822' with positive edge clock.
Creating register for signal `\tag_verifier.\mismatch' using process `\tag_verifier.$proc$rtl/tag_verifier.sv:22$148'.
  created $dff cell `$procdff$5823' with positive edge clock.
Creating register for signal `\tag_verifier.\calculated_latched' using process `\tag_verifier.$proc$rtl/tag_verifier.sv:22$148'.
  created $dff cell `$procdff$5824' with positive edge clock.
Creating register for signal `\tag_verifier.\received_latched' using process `\tag_verifier.$proc$rtl/tag_verifier.sv:22$148'.
  created $dff cell `$procdff$5825' with positive edge clock.
Creating register for signal `\tag_verifier.\compare_pending' using process `\tag_verifier.$proc$rtl/tag_verifier.sv:22$148'.
  created $dff cell `$procdff$5826' with positive edge clock.
Creating register for signal `\tag_generator.\tag_valid' using process `\tag_generator.$proc$rtl/tag_generator.sv:15$142'.
  created $dff cell `$procdff$5827' with positive edge clock.
Creating register for signal `\tag_generator.\tag_out' using process `\tag_generator.$proc$rtl/tag_generator.sv:15$142'.
  created $dff cell `$procdff$5828' with positive edge clock.
Creating register for signal `\ascon_permutation.\busy' using process `\ascon_permutation.$proc$rtl/ascon_permutation.sv:102$131'.
  created $dff cell `$procdff$5829' with positive edge clock.
Creating register for signal `\ascon_permutation.\done' using process `\ascon_permutation.$proc$rtl/ascon_permutation.sv:102$131'.
  created $dff cell `$procdff$5830' with positive edge clock.
Creating register for signal `\ascon_permutation.\error' using process `\ascon_permutation.$proc$rtl/ascon_permutation.sv:102$131'.
  created $dff cell `$procdff$5831' with positive edge clock.
Creating register for signal `\ascon_permutation.\state_out' using process `\ascon_permutation.$proc$rtl/ascon_permutation.sv:102$131'.
  created $dff cell `$procdff$5832' with positive edge clock.
Creating register for signal `\ascon_permutation.\state' using process `\ascon_permutation.$proc$rtl/ascon_permutation.sv:102$131'.
  created $dff cell `$procdff$5833' with positive edge clock.
Creating register for signal `\ascon_permutation.\state_reg' using process `\ascon_permutation.$proc$rtl/ascon_permutation.sv:102$131'.
  created $dff cell `$procdff$5834' with positive edge clock.
Creating register for signal `\ascon_permutation.\rounds_latched' using process `\ascon_permutation.$proc$rtl/ascon_permutation.sv:102$131'.
  created $dff cell `$procdff$5835' with positive edge clock.
Creating register for signal `\ascon_permutation.\round_index' using process `\ascon_permutation.$proc$rtl/ascon_permutation.sv:102$131'.
  created $dff cell `$procdff$5836' with positive edge clock.

11.10. Executing PROC_MEMWR pass (convert process memory writes to cells).

11.11. Executing PROC_CLEAN pass (remove empty switches from decision trees).
Found and cleaned up 33 empty switches in `$paramod\ascon_core\MAX_DATA_BYTES=32'00000000000000000000000000010000.$proc$rtl/ascon_core.sv:135$948'.
Removing empty process `$paramod\ascon_core\MAX_DATA_BYTES=32'00000000000000000000000000010000.$proc$rtl/ascon_core.sv:135$948'.
Found and cleaned up 69 empty switches in `$paramod\ascon_core\MAX_DATA_BYTES=32'00000000000000000000000000010000.$proc$rtl/ascon_core.sv:96$310'.
Removing empty process `$paramod\ascon_core\MAX_DATA_BYTES=32'00000000000000000000000000010000.$proc$rtl/ascon_core.sv:96$310'.
Found and cleaned up 16 empty switches in `$paramod\aead_controller\MAX_DATA_BYTES=32'00000000000000000000000000010000.$proc$rtl/aead_controller.sv:105$236'.
Removing empty process `$paramod\aead_controller\MAX_DATA_BYTES=32'00000000000000000000000000010000.$proc$rtl/aead_controller.sv:105$236'.
Found and cleaned up 22 empty switches in `$paramod\aead_controller\MAX_DATA_BYTES=32'00000000000000000000000000010000.$proc$rtl/aead_controller.sv:136$180'.
Removing empty process `$paramod\aead_controller\MAX_DATA_BYTES=32'00000000000000000000000000010000.$proc$rtl/aead_controller.sv:136$180'.
Found and cleaned up 3 empty switches in `\authentication_guard.$proc$rtl/authentication_guard.sv:19$154'.
Removing empty process `authentication_guard.$proc$rtl/authentication_guard.sv:19$154'.
Found and cleaned up 4 empty switches in `\tag_verifier.$proc$rtl/tag_verifier.sv:22$148'.
Removing empty process `tag_verifier.$proc$rtl/tag_verifier.sv:22$148'.
Found and cleaned up 3 empty switches in `\tag_generator.$proc$rtl/tag_generator.sv:15$142'.
Removing empty process `tag_generator.$proc$rtl/tag_generator.sv:15$142'.
Found and cleaned up 5 empty switches in `\ascon_permutation.$proc$rtl/ascon_permutation.sv:102$131'.
Removing empty process `ascon_permutation.$proc$rtl/ascon_permutation.sv:102$131'.
Found and cleaned up 1 empty switch in `\ascon_permutation.$proc$rtl/ascon_permutation.sv:95$13'.
Removing empty process `ascon_permutation.$proc$rtl/ascon_permutation.sv:95$13'.
Cleaned up 156 empty switches.

11.12. Executing OPT_EXPR pass (perform const folding).
Optimizing module $paramod\ascon_core\MAX_DATA_BYTES=32'00000000000000000000000000010000.
<suppressed ~203 debug messages>
Optimizing module $paramod\aead_controller\MAX_DATA_BYTES=32'00000000000000000000000000010000.
<suppressed ~47 debug messages>
Optimizing module authentication_guard.
<suppressed ~4 debug messages>
Optimizing module tag_verifier.
<suppressed ~8 debug messages>
Optimizing module tag_generator.
<suppressed ~2 debug messages>
Optimizing module secure_tiny_top.
Optimizing module ascon_permutation.
<suppressed ~46 debug messages>

12. Executing CHECK pass (checking for obvious problems).
Checking module $paramod\ascon_core\MAX_DATA_BYTES=32'00000000000000000000000000010000...
Checking module $paramod\aead_controller\MAX_DATA_BYTES=32'00000000000000000000000000010000...
Checking module authentication_guard...
Checking module tag_verifier...
Checking module tag_generator...
Checking module secure_tiny_top...
Checking module ascon_permutation...
Found and reported 0 problems.

13. Executing SYNTH pass.

13.1. Executing HIERARCHY pass (managing design hierarchy).

13.1.1. Analyzing design hierarchy..
Top module:  \secure_tiny_top
Used module:     $paramod\aead_controller\MAX_DATA_BYTES=32'00000000000000000000000000010000
Used module:         \authentication_guard
Used module:         \tag_verifier
Used module:         \tag_generator
Used module:         $paramod\ascon_core\MAX_DATA_BYTES=32'00000000000000000000000000010000
Used module:             \ascon_permutation

13.1.2. Analyzing design hierarchy..
Top module:  \secure_tiny_top
Used module:     $paramod\aead_controller\MAX_DATA_BYTES=32'00000000000000000000000000010000
Used module:         \authentication_guard
Used module:         \tag_verifier
Used module:         \tag_generator
Used module:         $paramod\ascon_core\MAX_DATA_BYTES=32'00000000000000000000000000010000
Used module:             \ascon_permutation
Removed 0 unused modules.

13.2. Executing PROC pass (convert processes to netlists).

13.2.1. Executing PROC_CLEAN pass (remove empty switches from decision trees).
Cleaned up 0 empty switches.

13.2.2. Executing PROC_RMDEAD pass (remove dead branches from decision trees).
Removed a total of 0 dead cases.

13.2.3. Executing PROC_PRUNE pass (remove redundant assignments in processes).
Removed 0 redundant assignments.
Promoted 0 assignments to connections.

13.2.4. Executing PROC_INIT pass (extract init attributes).

13.2.5. Executing PROC_ARST pass (detect async resets in processes).

13.2.6. Executing PROC_ROM pass (convert switches to ROMs).
Converted 0 switches.

13.2.7. Executing PROC_MUX pass (convert decision trees to multiplexers).

13.2.8. Executing PROC_DLATCH pass (convert process syncs to latches).

13.2.9. Executing PROC_DFF pass (convert process syncs to FFs).

13.2.10. Executing PROC_MEMWR pass (convert process memory writes to cells).

13.2.11. Executing PROC_CLEAN pass (remove empty switches from decision trees).
Cleaned up 0 empty switches.

13.2.12. Executing OPT_EXPR pass (perform const folding).
Optimizing module $paramod\ascon_core\MAX_DATA_BYTES=32'00000000000000000000000000010000.
Optimizing module $paramod\aead_controller\MAX_DATA_BYTES=32'00000000000000000000000000010000.
Optimizing module authentication_guard.
Optimizing module tag_verifier.
Optimizing module tag_generator.
Optimizing module secure_tiny_top.
Optimizing module ascon_permutation.

13.3. Executing CHECK pass (checking for obvious problems).
Checking module $paramod\ascon_core\MAX_DATA_BYTES=32'00000000000000000000000000010000...
Checking module $paramod\aead_controller\MAX_DATA_BYTES=32'00000000000000000000000000010000...
Checking module authentication_guard...
Checking module tag_verifier...
Checking module tag_generator...
Checking module secure_tiny_top...
Checking module ascon_permutation...
Found and reported 0 problems.

13.4. Executing FLATTEN pass (flatten design).
Deleting now unused module $paramod\ascon_core\MAX_DATA_BYTES=32'00000000000000000000000000010000.
Deleting now unused module $paramod\aead_controller\MAX_DATA_BYTES=32'00000000000000000000000000010000.
Deleting now unused module authentication_guard.
Deleting now unused module tag_verifier.
Deleting now unused module tag_generator.
Deleting now unused module ascon_permutation.
<suppressed ~6 debug messages>

13.5. Executing OPT_EXPR pass (perform const folding).
Optimizing module secure_tiny_top.
<suppressed ~314 debug messages>

13.6. Executing CHECK pass (checking for obvious problems).
Checking module secure_tiny_top...
Found and reported 0 problems.

13.7. Executing OPT_CLEAN pass (remove unused cells and wires).
Finding unused cells or wires in module \secure_tiny_top..
Removed 666 unused cells and 2484 unused wires.
<suppressed ~782 debug messages>

13.8. Executing OPT pass (performing simple optimizations).

13.8.1. Executing OPT_EXPR pass (perform const folding).
Optimizing module secure_tiny_top.

13.8.2. Executing OPT_MERGE pass (detect identical cells).
Finding identical cells in module `\secure_tiny_top'.
Computing hashes of 1673 cells of `\secure_tiny_top'.
Finding duplicate cells in `\secure_tiny_top'.
Computing hashes of 1340 cells of `\secure_tiny_top'.
Finding duplicate cells in `\secure_tiny_top'.
Computing hashes of 1247 cells of `\secure_tiny_top'.
Finding duplicate cells in `\secure_tiny_top'.
Computing hashes of 1216 cells of `\secure_tiny_top'.
Finding duplicate cells in `\secure_tiny_top'.
Computing hashes of 1200 cells of `\secure_tiny_top'.
Finding duplicate cells in `\secure_tiny_top'.
Computing hashes of 1199 cells of `\secure_tiny_top'.
Finding duplicate cells in `\secure_tiny_top'.
<suppressed ~1422 debug messages>
Removed a total of 474 cells.

13.8.3. Executing OPT_MUXTREE pass (detect dead branches in mux trees).
Running muxtree optimizer on module \secure_tiny_top..
  Creating internal representation of mux trees.
  Evaluating internal representation of mux trees.
      Replacing known input bits on port A of cell $flatten\controller.\core.\permutation.$procmux$5722: \controller.core.permutation.state -> 1'0
      Replacing known input bits on port A of cell $flatten\controller.\core.\permutation.$procmux$5720: \controller.core.permutation.state -> 1'1
      Replacing known input bits on port A of cell $flatten\controller.\core.\permutation.$procmux$5727: \controller.core.permutation.state -> 1'0
      Replacing known input bits on port A of cell $flatten\controller.\core.\permutation.$procmux$5725: \controller.core.permutation.state -> 1'0
      Replacing known input bits on port A of cell $flatten\controller.\verifier.$procmux$5604: \controller.verifier.compare_pending -> 1'0
  Analyzing evaluation results.
    dead port 2/2 on $mux $flatten\controller.\core.$procmux$2039.
    dead port 2/2 on $mux $flatten\controller.\core.$procmux$2036.
    dead port 2/2 on $mux $flatten\controller.\core.$procmux$4245.
    dead port 1/2 on $mux $flatten\controller.\core.$procmux$4248.
    dead port 1/2 on $mux $flatten\controller.\core.$procmux$4252.
    dead port 2/2 on $mux $flatten\controller.\core.$procmux$4254.
    dead port 1/2 on $mux $flatten\controller.\core.$procmux$4257.
    dead port 2/2 on $mux $flatten\controller.\core.$procmux$3435.
    dead port 2/2 on $mux $flatten\controller.\core.$procmux$3432.
    dead port 2/2 on $mux $flatten\controller.\core.$procmux$3430.
    dead port 2/2 on $mux $flatten\controller.$procmux$5050.
    dead port 2/2 on $mux $flatten\controller.$procmux$5081.
    dead port 2/2 on $mux $flatten\controller.$procmux$5022.
    dead port 2/2 on $mux $flatten\controller.$procmux$5094.
    dead port 2/2 on $mux $flatten\controller.$procmux$5019.
    dead port 1/2 on $mux $flatten\controller.\core.$procmux$4332.
    dead port 2/2 on $mux $flatten\controller.\core.$procmux$2673.
    dead port 2/2 on $mux $flatten\controller.\core.$procmux$4335.
    dead port 1/2 on $mux $flatten\controller.\core.$procmux$4338.
    dead port 1/2 on $mux $flatten\controller.\core.$procmux$4344.
    dead port 2/2 on $mux $flatten\controller.\core.$procmux$2662.
    dead port 2/2 on $mux $flatten\controller.\core.$procmux$2659.
    dead port 1/2 on $mux $flatten\controller.\core.$procmux$4350.
    dead port 1/2 on $mux $flatten\controller.\core.$procmux$4959.
    dead port 2/2 on $mux $flatten\controller.\core.$procmux$4263.
    dead port 1/2 on $mux $flatten\controller.\core.$procmux$4266.
    dead port 1/2 on $mux $flatten\controller.\core.$procmux$4020.
    dead port 2/2 on $mux $flatten\controller.\core.$procmux$4017.
    dead port 1/2 on $mux $flatten\controller.\core.$procmux$4011.
    dead port 2/2 on $mux $flatten\controller.\core.$procmux$4008.
    dead port 2/2 on $mux $flatten\controller.\core.$procmux$4597.
    dead port 2/2 on $mux $flatten\controller.\core.$procmux$4599.
    dead port 2/2 on $mux $flatten\controller.\core.$procmux$4606.
    dead port 2/2 on $mux $flatten\controller.\core.$procmux$4608.
    dead port 2/2 on $mux $flatten\controller.\core.$procmux$4615.
    dead port 2/2 on $mux $flatten\controller.\core.$procmux$4617.
    dead port 2/2 on $mux $flatten\controller.\core.$procmux$4624.
    dead port 2/2 on $mux $flatten\controller.\core.$procmux$4626.
    dead port 2/2 on $mux $flatten\controller.\core.$procmux$4633.
    dead port 2/2 on $mux $flatten\controller.\core.$procmux$4635.
    dead port 2/2 on $mux $flatten\controller.\core.$procmux$4642.
    dead port 2/2 on $mux $flatten\controller.\core.$procmux$4644.
    dead port 2/2 on $mux $flatten\controller.\core.$procmux$4651.
    dead port 2/2 on $mux $flatten\controller.\core.$procmux$4653.
    dead port 2/2 on $mux $flatten\controller.\core.$procmux$4660.
    dead port 2/2 on $mux $flatten\controller.\core.$procmux$4662.
    dead port 2/2 on $mux $flatten\controller.\core.$procmux$4669.
    dead port 2/2 on $mux $flatten\controller.\core.$procmux$4671.
    dead port 2/2 on $mux $flatten\controller.\core.$procmux$4678.
    dead port 2/2 on $mux $flatten\controller.\core.$procmux$4680.
    dead port 2/2 on $mux $flatten\controller.$procmux$5053.
    dead port 2/2 on $mux $flatten\controller.\core.$procmux$4687.
    dead port 2/2 on $mux $flatten\controller.\core.$procmux$4689.
    dead port 2/2 on $mux $flatten\controller.\core.$procmux$4696.
    dead port 2/2 on $mux $flatten\controller.\core.$procmux$4698.
    dead port 2/2 on $mux $flatten\controller.\core.$procmux$4705.
    dead port 2/2 on $mux $flatten\controller.\core.$procmux$4707.
    dead port 2/2 on $mux $flatten\controller.\core.$procmux$4714.
    dead port 2/2 on $mux $flatten\controller.\core.$procmux$4716.
    dead port 2/2 on $mux $flatten\controller.\core.$procmux$4723.
    dead port 2/2 on $mux $flatten\controller.\core.$procmux$4725.
    dead port 1/2 on $mux $flatten\controller.\core.$procmux$3486.
    dead port 2/2 on $mux $flatten\controller.\core.$procmux$4731.
    dead port 2/2 on $mux $flatten\controller.\core.$procmux$3483.
    dead port 1/2 on $mux $flatten\controller.\core.$procmux$3481.
    dead port 2/2 on $mux $flatten\controller.\core.$procmux$2516.
    dead port 2/2 on $mux $flatten\controller.\core.$procmux$2513.
    dead port 1/2 on $mux $flatten\controller.\core.$procmux$3474.
    dead port 1/2 on $mux $flatten\controller.\core.$procmux$2511.
    dead port 2/2 on $mux $flatten\controller.\core.$procmux$3471.
    dead port 1/2 on $mux $flatten\controller.\core.$procmux$3469.
    dead port 2/2 on $mux $flatten\controller.\core.$procmux$4834.
    dead port 2/2 on $mux $flatten\controller.\core.$procmux$4836.
    dead port 2/2 on $mux $flatten\controller.\core.$procmux$4884.
    dead port 2/2 on $mux $flatten\controller.\core.$procmux$4890.
    dead port 1/2 on $mux $flatten\controller.\core.$procmux$4326.
Removed 76 multiplexer ports.
<suppressed ~838 debug messages>

13.8.4. Executing OPT_REDUCE pass (consolidate $*mux and $reduce_* inputs).
  Optimizing cells in module \secure_tiny_top.
    New ctrl vector for $pmux cell $flatten\controller.$procmux$5506: { $flatten\controller.$procmux$5507_CMP $flatten\controller.$procmux$5522_CMP $auto$opt_reduce.cc:137:opt_pmux$5846 $flatten\controller.$procmux$5529_CMP $flatten\controller.$procmux$5538_CMP }
    New ctrl vector for $pmux cell $flatten\controller.$procmux$5122: { $auto$opt_reduce.cc:137:opt_pmux$5848 $flatten\controller.$procmux$5529_CMP $flatten\controller.$procmux$5538_CMP }
    New ctrl vector for $pmux cell $flatten\controller.\core.$procmux$3168: { $auto$opt_reduce.cc:137:opt_pmux$5850 $flatten\controller.\core.$procmux$3364_CMP $flatten\controller.\core.$procmux$3378_CMP }
    New ctrl vector for $pmux cell $flatten\controller.\core.$procmux$3052: { $auto$opt_reduce.cc:137:opt_pmux$5852 $flatten\controller.\core.$procmux$3364_CMP $flatten\controller.\core.$procmux$3378_CMP }
    New ctrl vector for $pmux cell $flatten\controller.\core.$procmux$3010: { $auto$opt_reduce.cc:137:opt_pmux$5854 $flatten\controller.\core.$procmux$3433_CMP }
  Optimizing cells in module \secure_tiny_top.
Performed a total of 8 changes.

13.8.5. Executing OPT_MERGE pass (detect identical cells).
Finding identical cells in module `\secure_tiny_top'.
Computing hashes of 1125 cells of `\secure_tiny_top'.
Finding duplicate cells in `\secure_tiny_top'.
Computing hashes of 1100 cells of `\secure_tiny_top'.
Finding duplicate cells in `\secure_tiny_top'.
Computing hashes of 1081 cells of `\secure_tiny_top'.
Finding duplicate cells in `\secure_tiny_top'.
<suppressed ~132 debug messages>
Removed a total of 44 cells.

13.8.6. Executing OPT_DFF pass (perform DFF optimizations).

13.8.7. Executing OPT_CLEAN pass (remove unused cells and wires).
Finding unused cells or wires in module \secure_tiny_top..
Removed 0 unused cells and 597 unused wires.
<suppressed ~1 debug messages>

13.8.8. Executing OPT_EXPR pass (perform const folding).
Optimizing module secure_tiny_top.

13.8.9. Rerunning OPT passes. (Maybe there is more to do..)

13.8.10. Executing OPT_MUXTREE pass (detect dead branches in mux trees).
Running muxtree optimizer on module \secure_tiny_top..
  Creating internal representation of mux trees.
  Evaluating internal representation of mux trees.
  Analyzing evaluation results.
Removed 0 multiplexer ports.
<suppressed ~779 debug messages>

13.8.11. Executing OPT_REDUCE pass (consolidate $*mux and $reduce_* inputs).
  Optimizing cells in module \secure_tiny_top.
    New ctrl vector for $pmux cell $flatten\controller.\core.$procmux$1482: { $auto$opt_reduce.cc:137:opt_pmux$5856 $flatten\controller.\core.$eq$rtl/ascon_core.sv:112$633_Y $flatten\controller.\core.$eq$rtl/ascon_core.sv:104$329_Y $flatten\controller.\core.$procmux$1516_CMP }
    New ctrl vector for $pmux cell $flatten\controller.\core.$procmux$2464: { $auto$opt_reduce.cc:137:opt_pmux$5858 $flatten\controller.\core.$eq$rtl/ascon_core.sv:112$633_Y $flatten\controller.\core.$eq$rtl/ascon_core.sv:104$329_Y $flatten\controller.\core.$procmux$1516_CMP }
    New ctrl vector for $pmux cell $flatten\controller.\core.$procmux$2620: { $auto$opt_reduce.cc:137:opt_pmux$5860 $flatten\controller.\core.$procmux$2558_CMP $flatten\controller.\core.$procmux$1516_CMP }
    New ctrl vector for $pmux cell $flatten\controller.\core.$procmux$2588: { $auto$opt_reduce.cc:137:opt_pmux$5862 $flatten\controller.\core.$procmux$2596_CMP $flatten\controller.\core.$procmux$1515_CMP $flatten\controller.\core.$procmux$1516_CMP }
    New ctrl vector for $pmux cell $flatten\controller.\core.$procmux$2556: { $auto$opt_reduce.cc:137:opt_pmux$5864 $flatten\controller.\core.$procmux$2558_CMP $flatten\controller.\core.$procmux$1515_CMP $flatten\controller.\core.$procmux$1516_CMP }
    New ctrl vector for $pmux cell $flatten\controller.\core.$procmux$2525: { $auto$opt_reduce.cc:137:opt_pmux$5866 $flatten\controller.\core.$procmux$1515_CMP $flatten\controller.\core.$procmux$1516_CMP }
  Optimizing cells in module \secure_tiny_top.
Performed a total of 6 changes.

13.8.12. Executing OPT_MERGE pass (detect identical cells).
Finding identical cells in module `\secure_tiny_top'.
Computing hashes of 1087 cells of `\secure_tiny_top'.
Finding duplicate cells in `\secure_tiny_top'.
Computing hashes of 1083 cells of `\secure_tiny_top'.
Finding duplicate cells in `\secure_tiny_top'.
<suppressed ~12 debug messages>
Removed a total of 4 cells.

13.8.13. Executing OPT_DFF pass (perform DFF optimizations).

13.8.14. Executing OPT_CLEAN pass (remove unused cells and wires).
Finding unused cells or wires in module \secure_tiny_top..
Removed 0 unused cells and 4 unused wires.
<suppressed ~1 debug messages>

13.8.15. Executing OPT_EXPR pass (perform const folding).
Optimizing module secure_tiny_top.

13.8.16. Rerunning OPT passes. (Maybe there is more to do..)

13.8.17. Executing OPT_MUXTREE pass (detect dead branches in mux trees).
Running muxtree optimizer on module \secure_tiny_top..
  Creating internal representation of mux trees.
  Evaluating internal representation of mux trees.
  Analyzing evaluation results.
Removed 0 multiplexer ports.
<suppressed ~731 debug messages>

13.8.18. Executing OPT_REDUCE pass (consolidate $*mux and $reduce_* inputs).
  Optimizing cells in module \secure_tiny_top.
Performed a total of 0 changes.

13.8.19. Executing OPT_MERGE pass (detect identical cells).
Finding identical cells in module `\secure_tiny_top'.
Computing hashes of 1083 cells of `\secure_tiny_top'.
Finding duplicate cells in `\secure_tiny_top'.
Removed a total of 0 cells.

13.8.20. Executing OPT_DFF pass (perform DFF optimizations).

13.8.21. Executing OPT_CLEAN pass (remove unused cells and wires).
Finding unused cells or wires in module \secure_tiny_top..

13.8.22. Executing OPT_EXPR pass (perform const folding).
Optimizing module secure_tiny_top.

13.8.23. Finished fast OPT passes. (There is nothing left to do.)

13.9. Executing FSM pass (extract and optimize FSM).

13.9.1. Executing FSM_DETECT pass (finding FSMs in design).
Not marking secure_tiny_top.controller.core.perm_rounds as FSM state register:
    Users of register don't seem to benefit from recoding.
Found FSM state register secure_tiny_top.controller.core.phase.
Found FSM state register secure_tiny_top.controller.phase.

13.9.2. Executing FSM_EXTRACT pass (extracting FSM from design).
Extracting FSM `\controller.core.phase' from module `\secure_tiny_top'.
  found $dff cell for state register: $flatten\controller.\core.$procdff$5749
  root of input selection tree: $flatten\controller.\core.$0\phase[3:0]
  found reset state: 4'0000 (guessed from mux tree)
  found ctrl input: \rst_n
  found state code: 4'0000
  found ctrl input: $flatten\controller.\core.$procmux$1483_CMP
  found ctrl input: $flatten\controller.\core.$procmux$2558_CMP
  found ctrl input: $flatten\controller.\core.$procmux$1489_CMP
  found ctrl input: $flatten\controller.\core.$eq$rtl/ascon_core.sv:112$633_Y
  found ctrl input: $flatten\controller.\core.$procmux$2596_CMP
  found ctrl input: $flatten\controller.\core.$procmux$1502_CMP
  found ctrl input: $flatten\controller.\core.$eq$rtl/ascon_core.sv:104$329_Y
  found ctrl input: $flatten\controller.\core.$procmux$1515_CMP
  found ctrl input: $flatten\controller.\core.$procmux$1516_CMP
  found ctrl input: $flatten\controller.\core.$procmux$2660_CMP
  found ctrl input: \controller.core.permutation.done
  found ctrl input: \controller.core.permutation.error
  found state code: 4'1010
  found state code: 4'1001
  found state code: 4'0110
  found ctrl input: $flatten\controller.\core.$lt$rtl/ascon_core.sv:113$643_Y
  found state code: 4'1000
  found state code: 4'0111
  found ctrl input: \controller.core.ad_final_block
  found state code: 4'0011
  found state code: 4'0101
  found ctrl input: $flatten\controller.\core.$eq$rtl/ascon_core.sv:205$1056_Y
  found state code: 4'0100
  found state code: 4'0010
  found ctrl input: \controller.core_start
  found ctrl input: $flatten\controller.\core.$logic_or$rtl/ascon_core.sv:162$1052_Y
  found state code: 4'0001
  found ctrl output: $flatten\controller.\core.$procmux$3032_CMP
  found ctrl output: $flatten\controller.\core.$procmux$2558_CMP
  found ctrl output: $flatten\controller.\core.$procmux$1489_CMP
  found ctrl output: $flatten\controller.\core.$eq$rtl/ascon_core.sv:112$633_Y
  found ctrl output: $flatten\controller.\core.$procmux$2596_CMP
  found ctrl output: $flatten\controller.\core.$procmux$1502_CMP
  found ctrl output: $flatten\controller.\core.$eq$rtl/ascon_core.sv:104$329_Y
  found ctrl output: $flatten\controller.\core.$procmux$1515_CMP
  found ctrl output: $flatten\controller.\core.$procmux$1516_CMP
  found ctrl output: $flatten\controller.\core.$procmux$1483_CMP
  found ctrl output: $flatten\controller.\core.$procmux$2660_CMP
  ctrl inputs: { \controller.core_start \controller.core.permutation.done \controller.core.permutation.error $flatten\controller.\core.$eq$rtl/ascon_core.sv:205$1056_Y $flatten\controller.\core.$logic_or$rtl/ascon_core.sv:162$1052_Y $flatten\controller.\core.$lt$rtl/ascon_core.sv:113$643_Y \controller.core.ad_final_block \rst_n }
  ctrl outputs: { $flatten\controller.\core.$procmux$3032_CMP $flatten\controller.\core.$procmux$2660_CMP $flatten\controller.\core.$procmux$2596_CMP $flatten\controller.\core.$procmux$2558_CMP $flatten\controller.\core.$procmux$1516_CMP $flatten\controller.\core.$procmux$1515_CMP $flatten\controller.\core.$procmux$1502_CMP $flatten\controller.\core.$procmux$1489_CMP $flatten\controller.\core.$procmux$1483_CMP $flatten\controller.\core.$0\phase[3:0] $flatten\controller.\core.$eq$rtl/ascon_core.sv:112$633_Y $flatten\controller.\core.$eq$rtl/ascon_core.sv:104$329_Y }
  transition:     4'0000 8'-------0 ->     4'0000 15'010000000000000
  transition:     4'0000 8'0------1 ->     4'0000 15'010000000000000
  transition:     4'0000 8'1---0--1 ->     4'0001 15'010000000000100
  transition:     4'0000 8'1---1--1 ->     4'0000 15'010000000000000
  transition:     4'1000 8'-------0 ->     4'0000 15'000100000000000
  transition:     4'1000 8'-------1 ->     4'1001 15'000100000100100
  transition:     4'0100 8'-------0 ->     4'0000 15'000000100000000
  transition:     4'0100 8'-0-----1 ->     4'0100 15'000000100010000
  transition:     4'0100 8'-10---01 ->     4'0011 15'000000100001100
  transition:     4'0100 8'-10---11 ->     4'0101 15'000000100010100
  transition:     4'0100 8'-11----1 ->     4'1010 15'000000100101000
  transition:     4'0010 8'-------0 ->     4'0000 15'000001000000000
  transition:     4'0010 8'-0-----1 ->     4'0010 15'000001000001000
  transition:     4'0010 8'-10----1 ->     4'0011 15'000001000001100
  transition:     4'0010 8'-11----1 ->     4'1010 15'000001000101000
  transition:     4'1010 8'-------0 ->     4'0000 15'100000000000000
  transition:     4'1010 8'-------1 ->     4'0000 15'100000000000000
  transition:     4'0110 8'-------0 ->     4'0000 15'000000000000010
  transition:     4'0110 8'-----0-1 ->     4'1000 15'000000000100010
  transition:     4'0110 8'-----1-1 ->     4'0111 15'000000000011110
  transition:     4'0001 8'-------0 ->     4'0000 15'000010000000000
  transition:     4'0001 8'-------1 ->     4'0010 15'000010000001000
  transition:     4'1001 8'-------0 ->     4'0000 15'000000001000000
  transition:     4'1001 8'-0-----1 ->     4'1001 15'000000001100100
  transition:     4'1001 8'-10----1 ->     4'0000 15'000000001000000
  transition:     4'1001 8'-11----1 ->     4'1010 15'000000001101000
  transition:     4'0101 8'-------0 ->     4'0000 15'001000000000000
  transition:     4'0101 8'-------1 ->     4'0110 15'001000000011000
  transition:     4'0011 8'-------0 ->     4'0000 15'000000000000001
  transition:     4'0011 8'---0---1 ->     4'0100 15'000000000010001
  transition:     4'0011 8'---1---1 ->     4'0101 15'000000000010101
  transition:     4'0111 8'-------0 ->     4'0000 15'000000010000000
  transition:     4'0111 8'-0-----1 ->     4'0111 15'000000010011100
  transition:     4'0111 8'-10----1 ->     4'0110 15'000000010011000
  transition:     4'0111 8'-11----1 ->     4'1010 15'000000010101000
Extracting FSM `\controller.phase' from module `\secure_tiny_top'.
  found $dff cell for state register: $flatten\controller.$procdff$5797
  root of input selection tree: $flatten\controller.$0\phase[3:0]
  found reset state: 4'0000 (guessed from mux tree)
  found ctrl input: \rst_n
  found state code: 4'0000
  found ctrl input: $flatten\controller.$procmux$5124_CMP
  found ctrl input: $flatten\controller.$eq$rtl/aead_controller.sv:85$169_Y
  found ctrl input: $flatten\controller.$procmux$5126_CMP
  found ctrl input: $flatten\controller.$procmux$5132_CMP
  found ctrl input: $flatten\controller.$procmux$5133_CMP
  found ctrl input: $flatten\controller.$eq$rtl/aead_controller.sv:82$166_Y
  found ctrl input: $flatten\controller.$eq$rtl/aead_controller.sv:81$163_Y
  found ctrl input: $flatten\controller.$eq$rtl/aead_controller.sv:88$175_Y
  found ctrl input: $flatten\controller.$logic_and$rtl/aead_controller.sv:282$235_Y
  found ctrl input: $flatten\controller.$eq$rtl/aead_controller.sv:256$230_Y
  found ctrl input: $flatten\controller.$logic_and$rtl/aead_controller.sv:265$231_Y
  found ctrl input: $flatten\controller.$eq$rtl/aead_controller.sv:266$233_Y
  found ctrl input: \controller.decrypt_reg
  found state code: 4'1000
  found ctrl input: \controller.verifier.done
  found ctrl input: \controller.verifier.match
  found state code: 4'1001
  found state code: 4'0111
  found ctrl input: \controller.core.done
  found ctrl input: \controller.core.command_error
  found state code: 4'0110
  found state code: 4'0100
  found ctrl input: $flatten\controller.$logic_and$rtl/aead_controller.sv:207$215_Y
  found ctrl input: $flatten\controller.$eq$rtl/aead_controller.sv:210$229_Y
  found state code: 4'0011
  found ctrl input: $flatten\controller.$logic_and$rtl/aead_controller.sv:194$199_Y
  found ctrl input: $flatten\controller.$eq$rtl/aead_controller.sv:197$213_Y
  found ctrl input: $flatten\controller.$ne$rtl/aead_controller.sv:198$214_Y
  found state code: 4'0010
  found ctrl input: \start
  found ctrl input: $flatten\controller.$logic_or$rtl/aead_controller.sv:167$196_Y
  found ctrl input: $flatten\controller.$ne$rtl/aead_controller.sv:181$197_Y
  found ctrl input: $flatten\controller.$ne$rtl/aead_controller.sv:183$198_Y
  found state code: 4'0001
  found ctrl output: $flatten\controller.$eq$rtl/aead_controller.sv:88$175_Y
  found ctrl output: $flatten\controller.$eq$rtl/aead_controller.sv:81$163_Y
  found ctrl output: $flatten\controller.$eq$rtl/aead_controller.sv:82$166_Y
  found ctrl output: $flatten\controller.$procmux$5133_CMP
  found ctrl output: $flatten\controller.$procmux$5132_CMP
  found ctrl output: $flatten\controller.$procmux$5126_CMP
  found ctrl output: $flatten\controller.$eq$rtl/aead_controller.sv:85$169_Y
  found ctrl output: $flatten\controller.$procmux$5124_CMP
  found ctrl output: $flatten\controller.$procmux$5123_CMP
  ctrl inputs: { \controller.decrypt_reg $flatten\controller.$logic_or$rtl/aead_controller.sv:167$196_Y $flatten\controller.$ne$rtl/aead_controller.sv:181$197_Y $flatten\controller.$ne$rtl/aead_controller.sv:183$198_Y $flatten\controller.$logic_and$rtl/aead_controller.sv:194$199_Y $flatten\controller.$eq$rtl/aead_controller.sv:197$213_Y $flatten\controller.$ne$rtl/aead_controller.sv:198$214_Y $flatten\controller.$logic_and$rtl/aead_controller.sv:207$215_Y $flatten\controller.$eq$rtl/aead_controller.sv:210$229_Y $flatten\controller.$eq$rtl/aead_controller.sv:256$230_Y $flatten\controller.$logic_and$rtl/aead_controller.sv:265$231_Y $flatten\controller.$eq$rtl/aead_controller.sv:266$233_Y $flatten\controller.$logic_and$rtl/aead_controller.sv:282$235_Y \controller.core.command_error \controller.core.done \controller.verifier.match \controller.verifier.done \start \rst_n }
  ctrl outputs: { $flatten\controller.$eq$rtl/aead_controller.sv:81$163_Y $flatten\controller.$eq$rtl/aead_controller.sv:82$166_Y $flatten\controller.$eq$rtl/aead_controller.sv:85$169_Y $flatten\controller.$eq$rtl/aead_controller.sv:88$175_Y $flatten\controller.$0\phase[3:0] $flatten\controller.$procmux$5123_CMP $flatten\controller.$procmux$5124_CMP $flatten\controller.$procmux$5126_CMP $flatten\controller.$procmux$5132_CMP $flatten\controller.$procmux$5133_CMP }
  transition:     4'0000 19'------------------0 ->     4'0000 13'0001000000000
  transition:     4'0000 19'-----------------01 ->     4'0000 13'0001000000000
  transition:     4'0000 19'-000-------------11 ->     4'0011 13'0001001100000
  transition:     4'0000 19'-001-------------11 ->     4'0010 13'0001001000000
  transition:     4'0000 19'-01--------------11 ->     4'0001 13'0001000100000
  transition:     4'0000 19'-1---------------11 ->     4'0000 13'0001000000000
  transition:     4'1000 19'------------------0 ->     4'0000 13'0000000001000
  transition:     4'1000 19'------------0-----1 ->     4'1000 13'0000100001000
  transition:     4'1000 19'------------1-----1 ->     4'0000 13'0000000001000
  transition:     4'0100 19'------------------0 ->     4'0000 13'0000000000010
  transition:     4'0100 19'--------------0---1 ->     4'0100 13'0000010000010
  transition:     4'0100 19'0------------01---1 ->     4'0111 13'0000011100010
  transition:     4'0100 19'1------------01---1 ->     4'0110 13'0000011000010
  transition:     4'0100 19'-------------11---1 ->     4'0000 13'0000000000010
  transition:     4'0010 19'------------------0 ->     4'0000 13'0100000000000
  transition:     4'0010 19'-------0----------1 ->     4'0010 13'0100001000000
  transition:     4'0010 19'-------10---------1 ->     4'0010 13'0100001000000
  transition:     4'0010 19'-------11---------1 ->     4'0011 13'0100001100000
  transition:     4'0110 19'------------------0 ->     4'0000 13'0000000000100
  transition:     4'0110 19'----------------0-1 ->     4'0110 13'0000011000100
  transition:     4'0110 19'---------------01-1 ->     4'1001 13'0000100100100
  transition:     4'0110 19'---------------11-1 ->     4'0111 13'0000011100100
  transition:     4'0001 19'------------------0 ->     4'0000 13'1000000000000
  transition:     4'0001 19'----0-------------1 ->     4'0001 13'1000000100000
  transition:     4'0001 19'----10------------1 ->     4'0001 13'1000000100000
  transition:     4'0001 19'----110-----------1 ->     4'0011 13'1000001100000
  transition:     4'0001 19'----111-----------1 ->     4'0010 13'1000001000000
  transition:     4'1001 19'------------------0 ->     4'0000 13'0000000010000
  transition:     4'1001 19'------------------1 ->     4'0000 13'0000000010000
  transition:     4'0011 19'------------------0 ->     4'0000 13'0000000000001
  transition:     4'0011 19'------------------1 ->     4'0100 13'0000010000001
  transition:     4'0111 19'------------------0 ->     4'0000 13'0010000000000
  transition:     4'0111 19'---------00-------1 ->     4'0111 13'0010011100000
  transition:     4'0111 19'---------010------1 ->     4'0111 13'0010011100000
  transition:     4'0111 19'0--------011------1 ->     4'1000 13'0010100000000
  transition:     4'0111 19'1--------011------1 ->     4'0000 13'0010000000000
  transition:     4'0111 19'0--------1--------1 ->     4'1000 13'0010100000000
  transition:     4'0111 19'1--------1--------1 ->     4'0000 13'0010000000000

13.9.3. Executing FSM_OPT pass (simple optimizations of FSMs).
Optimizing FSM `$fsm$\controller.phase$5880' from module `\secure_tiny_top'.
  Merging pattern 19'------------------0 and 19'------------------1 from group (6 0 13'0000000010000).
  Merging pattern 19'------------------1 and 19'------------------0 from group (6 0 13'0000000010000).
Optimizing FSM `$fsm$\controller.core.phase$5867' from module `\secure_tiny_top'.
  Merging pattern 8'-------0 and 8'-------1 from group (4 0 15'100000000000000).
  Merging pattern 8'-------1 and 8'-------0 from group (4 0 15'100000000000000).

13.9.4. Executing OPT_CLEAN pass (remove unused cells and wires).
Finding unused cells or wires in module \secure_tiny_top..
Removed 58 unused cells and 58 unused wires.
<suppressed ~59 debug messages>

13.9.5. Executing FSM_OPT pass (simple optimizations of FSMs).
Optimizing FSM `$fsm$\controller.core.phase$5867' from module `\secure_tiny_top'.
  Removing unused output signal $flatten\controller.\core.$0\phase[3:0] [0].
  Removing unused output signal $flatten\controller.\core.$0\phase[3:0] [1].
  Removing unused output signal $flatten\controller.\core.$0\phase[3:0] [2].
  Removing unused output signal $flatten\controller.\core.$0\phase[3:0] [3].
Optimizing FSM `$fsm$\controller.phase$5880' from module `\secure_tiny_top'.
  Removing unused output signal $flatten\controller.$0\phase[3:0] [0].
  Removing unused output signal $flatten\controller.$0\phase[3:0] [1].
  Removing unused output signal $flatten\controller.$0\phase[3:0] [2].
  Removing unused output signal $flatten\controller.$0\phase[3:0] [3].

13.9.6. Executing FSM_RECODE pass (re-assigning FSM state encoding).
Recoding FSM `$fsm$\controller.core.phase$5867' from module `\secure_tiny_top' using `auto' encoding:
  mapping auto encoding to `one-hot` for this FSM.
  0000 -> ----------1
  1000 -> ---------1-
  0100 -> --------1--
  0010 -> -------1---
  1010 -> ------1----
  0110 -> -----1-----
  0001 -> ----1------
  1001 -> ---1-------
  0101 -> --1--------
  0011 -> -1---------
  0111 -> 1----------
Recoding FSM `$fsm$\controller.phase$5880' from module `\secure_tiny_top' using `auto' encoding:
  mapping auto encoding to `one-hot` for this FSM.
  0000 -> --------1
  1000 -> -------1-
  0100 -> ------1--
  0010 -> -----1---
  0110 -> ----1----
  0001 -> ---1-----
  1001 -> --1------
  0011 -> -1-------
  0111 -> 1--------

13.9.7. Executing FSM_INFO pass (dumping all available information on FSM cells).

FSM `$fsm$\controller.core.phase$5867' from module `secure_tiny_top':
-------------------------------------

  Information on FSM $fsm$\controller.core.phase$5867 (\controller.core.phase):

  Number of input signals:    8
  Number of output signals:  11
  Number of state bits:      11

  Input signals:
    0: \rst_n
    1: \controller.core.ad_final_block
    2: $flatten\controller.\core.$lt$rtl/ascon_core.sv:113$643_Y
    3: $flatten\controller.\core.$logic_or$rtl/ascon_core.sv:162$1052_Y
    4: $flatten\controller.\core.$eq$rtl/ascon_core.sv:205$1056_Y
    5: \controller.core.permutation.error
    6: \controller.core.permutation.done
    7: \controller.core_start

  Output signals:
    0: $flatten\controller.\core.$eq$rtl/ascon_core.sv:104$329_Y
    1: $flatten\controller.\core.$eq$rtl/ascon_core.sv:112$633_Y
    2: $flatten\controller.\core.$procmux$1483_CMP
    3: $flatten\controller.\core.$procmux$1489_CMP
    4: $flatten\controller.\core.$procmux$1502_CMP
    5: $flatten\controller.\core.$procmux$1515_CMP
    6: $flatten\controller.\core.$procmux$1516_CMP
    7: $flatten\controller.\core.$procmux$2558_CMP
    8: $flatten\controller.\core.$procmux$2596_CMP
    9: $flatten\controller.\core.$procmux$2660_CMP
   10: $flatten\controller.\core.$procmux$3032_CMP

  State encoding:
    0: 11'----------1  <RESET STATE>
    1: 11'---------1-
    2: 11'--------1--
    3: 11'-------1---
    4: 11'------1----
    5: 11'-----1-----
    6: 11'----1------
    7: 11'---1-------
    8: 11'--1--------
    9: 11'-1---------
   10: 11'1----------

  Transition Table (state_in, ctrl_in, state_out, ctrl_out):
      0:     0 8'-------0   ->     0 11'01000000000
      1:     0 8'1---1--1   ->     0 11'01000000000
      2:     0 8'0------1   ->     0 11'01000000000
      3:     0 8'1---0--1   ->     6 11'01000000000
      4:     1 8'-------0   ->     0 11'00010000000
      5:     1 8'-------1   ->     7 11'00010000000
      6:     2 8'-------0   ->     0 11'00000010000
      7:     2 8'-0-----1   ->     2 11'00000010000
      8:     2 8'-11----1   ->     4 11'00000010000
      9:     2 8'-10---11   ->     8 11'00000010000
     10:     2 8'-10---01   ->     9 11'00000010000
     11:     3 8'-------0   ->     0 11'00000100000
     12:     3 8'-0-----1   ->     3 11'00000100000
     13:     3 8'-11----1   ->     4 11'00000100000
     14:     3 8'-10----1   ->     9 11'00000100000
     15:     4 8'--------   ->     0 11'10000000000
     16:     5 8'-------0   ->     0 11'00000000010
     17:     5 8'-----0-1   ->     1 11'00000000010
     18:     5 8'-----1-1   ->    10 11'00000000010
     19:     6 8'-------0   ->     0 11'00001000000
     20:     6 8'-------1   ->     3 11'00001000000
     21:     7 8'-------0   ->     0 11'00000000100
     22:     7 8'-10----1   ->     0 11'00000000100
     23:     7 8'-11----1   ->     4 11'00000000100
     24:     7 8'-0-----1   ->     7 11'00000000100
     25:     8 8'-------0   ->     0 11'00100000000
     26:     8 8'-------1   ->     5 11'00100000000
     27:     9 8'-------0   ->     0 11'00000000001
     28:     9 8'---0---1   ->     2 11'00000000001
     29:     9 8'---1---1   ->     8 11'00000000001
     30:    10 8'-------0   ->     0 11'00000001000
     31:    10 8'-11----1   ->     4 11'00000001000
     32:    10 8'-10----1   ->     5 11'00000001000
     33:    10 8'-0-----1   ->    10 11'00000001000

-------------------------------------

FSM `$fsm$\controller.phase$5880' from module `secure_tiny_top':
-------------------------------------

  Information on FSM $fsm$\controller.phase$5880 (\controller.phase):

  Number of input signals:   19
  Number of output signals:   9
  Number of state bits:       9

  Input signals:
    0: \rst_n
    1: \start
    2: \controller.verifier.done
    3: \controller.verifier.match
    4: \controller.core.done
    5: \controller.core.command_error
    6: $flatten\controller.$logic_and$rtl/aead_controller.sv:282$235_Y
    7: $flatten\controller.$eq$rtl/aead_controller.sv:266$233_Y
    8: $flatten\controller.$logic_and$rtl/aead_controller.sv:265$231_Y
    9: $flatten\controller.$eq$rtl/aead_controller.sv:256$230_Y
   10: $flatten\controller.$eq$rtl/aead_controller.sv:210$229_Y
   11: $flatten\controller.$logic_and$rtl/aead_controller.sv:207$215_Y
   12: $flatten\controller.$ne$rtl/aead_controller.sv:198$214_Y
   13: $flatten\controller.$eq$rtl/aead_controller.sv:197$213_Y
   14: $flatten\controller.$logic_and$rtl/aead_controller.sv:194$199_Y
   15: $flatten\controller.$ne$rtl/aead_controller.sv:183$198_Y
   16: $flatten\controller.$ne$rtl/aead_controller.sv:181$197_Y
   17: $flatten\controller.$logic_or$rtl/aead_controller.sv:167$196_Y
   18: \controller.decrypt_reg

  Output signals:
    0: $flatten\controller.$procmux$5133_CMP
    1: $flatten\controller.$procmux$5132_CMP
    2: $flatten\controller.$procmux$5126_CMP
    3: $flatten\controller.$procmux$5124_CMP
    4: $flatten\controller.$procmux$5123_CMP
    5: $flatten\controller.$eq$rtl/aead_controller.sv:88$175_Y
    6: $flatten\controller.$eq$rtl/aead_controller.sv:85$169_Y
    7: $flatten\controller.$eq$rtl/aead_controller.sv:82$166_Y
    8: $flatten\controller.$eq$rtl/aead_controller.sv:81$163_Y

  State encoding:
    0: 9'--------1  <RESET STATE>
    1: 9'-------1-
    2: 9'------1--
    3: 9'-----1---
    4: 9'----1----
    5: 9'---1-----
    6: 9'--1------
    7: 9'-1-------
    8: 9'1--------

  Transition Table (state_in, ctrl_in, state_out, ctrl_out):
      0:     0 19'------------------0   ->     0 9'000100000
      1:     0 19'-----------------01   ->     0 9'000100000
      2:     0 19'-1---------------11   ->     0 9'000100000
      3:     0 19'-001-------------11   ->     3 9'000100000
      4:     0 19'-01--------------11   ->     5 9'000100000
      5:     0 19'-000-------------11   ->     7 9'000100000
      6:     1 19'------------------0   ->     0 9'000001000
      7:     1 19'------------1-----1   ->     0 9'000001000
      8:     1 19'------------0-----1   ->     1 9'000001000
      9:     2 19'------------------0   ->     0 9'000000010
     10:     2 19'-------------11---1   ->     0 9'000000010
     11:     2 19'--------------0---1   ->     2 9'000000010
     12:     2 19'1------------01---1   ->     4 9'000000010
     13:     2 19'0------------01---1   ->     8 9'000000010
     14:     3 19'------------------0   ->     0 9'010000000
     15:     3 19'-------10---------1   ->     3 9'010000000
     16:     3 19'-------0----------1   ->     3 9'010000000
     17:     3 19'-------11---------1   ->     7 9'010000000
     18:     4 19'------------------0   ->     0 9'000000100
     19:     4 19'----------------0-1   ->     4 9'000000100
     20:     4 19'---------------01-1   ->     6 9'000000100
     21:     4 19'---------------11-1   ->     8 9'000000100
     22:     5 19'------------------0   ->     0 9'100000000
     23:     5 19'----111-----------1   ->     3 9'100000000
     24:     5 19'----10------------1   ->     5 9'100000000
     25:     5 19'----0-------------1   ->     5 9'100000000
     26:     5 19'----110-----------1   ->     7 9'100000000
     27:     6 19'-------------------   ->     0 9'000010000
     28:     7 19'------------------0   ->     0 9'000000001
     29:     7 19'------------------1   ->     2 9'000000001
     30:     8 19'------------------0   ->     0 9'001000000
     31:     8 19'1--------011------1   ->     0 9'001000000
     32:     8 19'1--------1--------1   ->     0 9'001000000
     33:     8 19'0--------011------1   ->     1 9'001000000
     34:     8 19'0--------1--------1   ->     1 9'001000000
     35:     8 19'---------010------1   ->     8 9'001000000
     36:     8 19'---------00-------1   ->     8 9'001000000

-------------------------------------

13.9.8. Executing FSM_MAP pass (mapping FSMs to basic logic).
Mapping FSM `$fsm$\controller.core.phase$5867' from module `\secure_tiny_top'.
Mapping FSM `$fsm$\controller.phase$5880' from module `\secure_tiny_top'.

13.10. Executing OPT pass (performing simple optimizations).

13.10.1. Executing OPT_EXPR pass (perform const folding).
Optimizing module secure_tiny_top.
<suppressed ~6 debug messages>

13.10.2. Executing OPT_MERGE pass (detect identical cells).
Finding identical cells in module `\secure_tiny_top'.
Computing hashes of 1138 cells of `\secure_tiny_top'.
Finding duplicate cells in `\secure_tiny_top'.
Computing hashes of 1131 cells of `\secure_tiny_top'.
Finding duplicate cells in `\secure_tiny_top'.
<suppressed ~21 debug messages>
Removed a total of 7 cells.

13.10.3. Executing OPT_MUXTREE pass (detect dead branches in mux trees).
Running muxtree optimizer on module \secure_tiny_top..
  Creating internal representation of mux trees.
  Evaluating internal representation of mux trees.
  Analyzing evaluation results.
Removed 0 multiplexer ports.
<suppressed ~690 debug messages>

13.10.4. Executing OPT_REDUCE pass (consolidate $*mux and $reduce_* inputs).
  Optimizing cells in module \secure_tiny_top.
Performed a total of 0 changes.

13.10.5. Executing OPT_MERGE pass (detect identical cells).
Finding identical cells in module `\secure_tiny_top'.
Computing hashes of 1131 cells of `\secure_tiny_top'.
Finding duplicate cells in `\secure_tiny_top'.
Removed a total of 0 cells.

13.10.6. Executing OPT_DFF pass (perform DFF optimizations).
Adding SRST signal on $flatten\controller.\guard_block.$procdff$5816 ($dff) from module secure_tiny_top (D = $flatten\controller.\guard_block.$procmux$5566_Y, Q = \controller.guard_block.auth_result_valid, rval = 1'0).
Adding EN signal on $auto$ff.cc:337:slice$6113 ($sdff) from module secure_tiny_top (D = 1'1, Q = \controller.guard_block.auth_result_valid).
Adding SRST signal on $flatten\controller.\guard_block.$procdff$5817 ($dff) from module secure_tiny_top (D = $flatten\controller.\guard_block.$procmux$5558_Y, Q = \controller.guard_block.accept, rval = 1'0).
Adding EN signal on $auto$ff.cc:337:slice$6119 ($sdff) from module secure_tiny_top (D = \controller.verifier.match, Q = \controller.guard_block.accept).
Adding SRST signal on $flatten\controller.\guard_block.$procdff$5818 ($dff) from module secure_tiny_top (D = $flatten\controller.\guard_block.$procmux$5550_Y, Q = \controller.guard_block.reject, rval = 1'0).
Adding EN signal on $auto$ff.cc:337:slice$6125 ($sdff) from module secure_tiny_top (D = $flatten\controller.\guard_block.$logic_not$rtl/authentication_guard.sv:33$157_Y, Q = \controller.guard_block.reject).
Adding SRST signal on $flatten\controller.\guard_block.$procdff$5819 ($dff) from module secure_tiny_top (D = $flatten\controller.\guard_block.$procmux$5542_Y, Q = \controller.guard_block.plaintext_allowed, rval = 1'0).
Adding EN signal on $auto$ff.cc:337:slice$6131 ($sdff) from module secure_tiny_top (D = \controller.verifier.match, Q = \controller.guard_block.plaintext_allowed).
Adding SRST signal on $flatten\controller.\verifier.$procdff$5820 ($dff) from module secure_tiny_top (D = $flatten\controller.\verifier.$procmux$5627_Y, Q = \controller.verifier.busy, rval = 1'0).
Adding EN signal on $auto$ff.cc:337:slice$6137 ($sdff) from module secure_tiny_top (D = $flatten\controller.\verifier.$procmux$5627_Y, Q = \controller.verifier.busy).
Adding SRST signal on $flatten\controller.\verifier.$procdff$5821 ($dff) from module secure_tiny_top (D = $flatten\controller.\verifier.$procmux$5596_Y, Q = \controller.verifier.done, rval = 1'0).
Adding SRST signal on $flatten\controller.\verifier.$procdff$5822 ($dff) from module secure_tiny_top (D = $flatten\controller.\verifier.$procmux$5586_Y, Q = \controller.verifier.match, rval = 1'0).
Adding SRST signal on $flatten\controller.\verifier.$procdff$5824 ($dff) from module secure_tiny_top (D = $flatten\controller.\verifier.$procmux$5619_Y, Q = \controller.verifier.calculated_latched, rval = 128'00000000000000000000000000000000000000000000000000000000000000000000000000000000000000000000000000000000000000000000000000000000).
Adding EN signal on $auto$ff.cc:337:slice$6153 ($sdff) from module secure_tiny_top (D = \controller.core.tag_out, Q = \controller.verifier.calculated_latched).
Adding SRST signal on $flatten\controller.\verifier.$procdff$5825 ($dff) from module secure_tiny_top (D = $flatten\controller.\verifier.$procmux$5613_Y, Q = \controller.verifier.received_latched, rval = 128'00000000000000000000000000000000000000000000000000000000000000000000000000000000000000000000000000000000000000000000000000000000).
Adding EN signal on $auto$ff.cc:337:slice$6155 ($sdff) from module secure_tiny_top (D = \controller.received_tag_reg, Q = \controller.verifier.received_latched).
Adding SRST signal on $flatten\controller.\verifier.$procdff$5826 ($dff) from module secure_tiny_top (D = $flatten\controller.\verifier.$procmux$5607_Y, Q = \controller.verifier.compare_pending, rval = 1'0).
Adding SRST signal on $flatten\controller.\tag_hold.$procdff$5827 ($dff) from module secure_tiny_top (D = $flatten\controller.\tag_hold.$procmux$5639_Y, Q = \controller.tag_hold.tag_valid, rval = 1'0).
Adding EN signal on $auto$ff.cc:337:slice$6158 ($sdff) from module secure_tiny_top (D = $flatten\controller.\tag_hold.$procmux$5639_Y, Q = \controller.tag_hold.tag_valid).
Adding SRST signal on $flatten\controller.\tag_hold.$procdff$5828 ($dff) from module secure_tiny_top (D = $flatten\controller.\tag_hold.$procmux$5632_Y, Q = \controller.tag_hold.tag_out, rval = 128'00000000000000000000000000000000000000000000000000000000000000000000000000000000000000000000000000000000000000000000000000000000).
Adding EN signal on $auto$ff.cc:337:slice$6162 ($sdff) from module secure_tiny_top (D = \controller.core.tag_out, Q = \controller.tag_hold.tag_out).
Adding SRST signal on $flatten\controller.\core.\permutation.$procdff$5836 ($dff) from module secure_tiny_top (D = $flatten\controller.\core.\permutation.$procmux$5686_Y, Q = \controller.core.permutation.round_index, rval = 5'00000).
Adding EN signal on $auto$ff.cc:337:slice$6164 ($sdff) from module secure_tiny_top (D = $flatten\controller.\core.\permutation.$procmux$5686_Y, Q = \controller.core.permutation.round_index).
Adding SRST signal on $flatten\controller.\core.\permutation.$procdff$5835 ($dff) from module secure_tiny_top (D = $flatten\controller.\core.\permutation.$procmux$5703_Y, Q = \controller.core.permutation.rounds_latched, rval = 5'00000).
Adding EN signal on $auto$ff.cc:337:slice$6176 ($sdff) from module secure_tiny_top (D = \controller.core.perm_rounds, Q = \controller.core.permutation.rounds_latched).
Adding SRST signal on $flatten\controller.\core.\permutation.$procdff$5834 ($dff) from module secure_tiny_top (D = $flatten\controller.\core.\permutation.$procmux$5708_Y, Q = \controller.core.permutation.state_reg, rval = 320'00000000000000000000000000000000000000000000000000000000000000000000000000000000000000000000000000000000000000000000000000000000000000000000000000000000000000000000000000000000000000000000000000000000000000000000000000000000000000000000000000000000000000000000000000000000000000000000000000000000000000000000000000000000).
Adding EN signal on $auto$ff.cc:337:slice$6182 ($sdff) from module secure_tiny_top (D = $flatten\controller.\core.\permutation.$procmux$5708_Y, Q = \controller.core.permutation.state_reg).
Adding SRST signal on $flatten\controller.\core.\permutation.$procdff$5833 ($dff) from module secure_tiny_top (D = $flatten\controller.\core.\permutation.$procmux$5722_Y, Q = \controller.core.permutation.state, rval = 1'0).
Adding SRST signal on $flatten\controller.\core.\permutation.$procdff$5832 ($dff) from module secure_tiny_top (D = $flatten\controller.\core.\permutation.$procmux$5736_Y, Q = \controller.core.permutation.state_out, rval = 320'00000000000000000000000000000000000000000000000000000000000000000000000000000000000000000000000000000000000000000000000000000000000000000000000000000000000000000000000000000000000000000000000000000000000000000000000000000000000000000000000000000000000000000000000000000000000000000000000000000000000000000000000000000000).
Adding EN signal on $auto$ff.cc:337:slice$6193 ($sdff) from module secure_tiny_top (D = \controller.core.permutation.state_after_round, Q = \controller.core.permutation.state_out).
Adding SRST signal on $flatten\controller.\core.\permutation.$procdff$5831 ($dff) from module secure_tiny_top (D = $flatten\controller.\core.\permutation.$procmux$5648_Y, Q = \controller.core.permutation.error, rval = 1'0).
Adding SRST signal on $flatten\controller.\core.\permutation.$procdff$5830 ($dff) from module secure_tiny_top (D = $flatten\controller.\core.\permutation.$procmux$5658_Y, Q = \controller.core.permutation.done, rval = 1'0).
Adding SRST signal on $flatten\controller.$procdff$5803 ($dff) from module secure_tiny_top (D = $flatten\controller.$procmux$5335_Y, Q = \controller.data_length_reg, rval = 0).
Adding EN signal on $auto$ff.cc:337:slice$6203 ($sdff) from module secure_tiny_top (D = \data_length, Q = \controller.data_length_reg).
Adding SRST signal on $flatten\controller.$procdff$5804 ($dff) from module secure_tiny_top (D = $flatten\controller.$procmux$5310_Y, Q = \controller.ad_count, rval = 0).
Adding EN signal on $auto$ff.cc:337:slice$6209 ($sdff) from module secure_tiny_top (D = $flatten\controller.$procmux$5310_Y, Q = \controller.ad_count).
Adding SRST signal on $flatten\controller.$procdff$5805 ($dff) from module secure_tiny_top (D = $flatten\controller.$procmux$5288_Y, Q = \controller.data_count, rval = 0).
Adding EN signal on $auto$ff.cc:337:slice$6221 ($sdff) from module secure_tiny_top (D = $flatten\controller.$procmux$5288_Y, Q = \controller.data_count).
Adding SRST signal on $flatten\controller.$procdff$5806 ($dff) from module secure_tiny_top (D = $flatten\controller.$procmux$5255_Y, Q = \controller.output_count, rval = 0).
Adding EN signal on $auto$ff.cc:337:slice$6233 ($sdff) from module secure_tiny_top (D = $flatten\controller.$procmux$5255_Y, Q = \controller.output_count).
Adding SRST signal on $flatten\controller.$procdff$5807 ($dff) from module secure_tiny_top (D = $flatten\controller.$2$lookahead\ad_buffer$178[127:0]$192, Q = \controller.ad_buffer, rval = 128'00000000000000000000000000000000000000000000000000000000000000000000000000000000000000000000000000000000000000000000000000000000).
Adding EN signal on $auto$ff.cc:337:slice$6257 ($sdff) from module secure_tiny_top (D = $flatten\controller.$or$rtl/aead_controller.sv:195$210_Y, Q = \controller.ad_buffer).
Adding SRST signal on $flatten\controller.\core.$procdff$5751 ($dff) from module secure_tiny_top (D = $flatten\controller.\core.$procmux$3318_Y, Q = \controller.core.key_reg, rval = 128'00000000000000000000000000000000000000000000000000000000000000000000000000000000000000000000000000000000000000000000000000000000).
Adding EN signal on $auto$ff.cc:337:slice$6261 ($sdff) from module secure_tiny_top (D = \controller.key_reg, Q = \controller.core.key_reg).
Adding SRST signal on $flatten\controller.\core.$procdff$5750 ($dff) from module secure_tiny_top (D = $flatten\controller.\core.$procmux$3340_Y, Q = \controller.core.decrypt_reg, rval = 1'0).
Adding EN signal on $auto$ff.cc:337:slice$6267 ($sdff) from module secure_tiny_top (D = \controller.decrypt_reg, Q = \controller.core.decrypt_reg).
Adding SRST signal on $flatten\controller.\core.$procdff$5748 ($dff) from module secure_tiny_top (D = $flatten\controller.\core.$procmux$3010_Y, Q = \controller.core.command_error, rval = 1'0).
Adding SRST signal on $flatten\controller.\core.$procdff$5747 ($dff) from module secure_tiny_top (D = $flatten\controller.\core.$procmux$3403_Y, Q = \controller.core.tag_out, rval = 128'00000000000000000000000000000000000000000000000000000000000000000000000000000000000000000000000000000000000000000000000000000000).
Adding EN signal on $auto$ff.cc:337:slice$6274 ($sdff) from module secure_tiny_top (D = $flatten\controller.\core.$procmux$3403_Y, Q = \controller.core.tag_out).
Adding SRST signal on $flatten\controller.\core.$procdff$5746 ($dff) from module secure_tiny_top (D = { $flatten\controller.\core.$procmux$1482_Y $flatten\controller.\core.$procmux$2464_Y $flatten\controller.\core.$procmux$2620_Y $flatten\controller.\core.$procmux$2556_Y $flatten\controller.\core.$procmux$2588_Y $flatten\controller.\core.$procmux$2525_Y }, Q = \controller.core.state_reg, rval = 320'00000000000000000000000000000000000000000000000000000000000000000000000000000000000000000000000000000000000000000000000000000000000000000000000000000000000000000000000000000000000000000000000000000000000000000000000000000000000000000000000000000000000000000000000000000000000000000000000000000000000000000000000000000000).
Adding EN signal on $auto$ff.cc:337:slice$6288 ($sdff) from module secure_tiny_top (D = $flatten\controller.\core.$procmux$2620_Y, Q = \controller.core.state_reg [191:128]).
Adding EN signal on $auto$ff.cc:337:slice$6288 ($sdff) from module secure_tiny_top (D = { $flatten\controller.\core.$procmux$1482_Y $flatten\controller.\core.$procmux$2464_Y }, Q = \controller.core.state_reg [319:192]).
Adding EN signal on $auto$ff.cc:337:slice$6288 ($sdff) from module secure_tiny_top (D = $flatten\controller.\core.$procmux$2556_Y, Q = \controller.core.state_reg [127:64]).
Adding EN signal on $auto$ff.cc:337:slice$6288 ($sdff) from module secure_tiny_top (D = $flatten\controller.\core.$procmux$2525_Y, Q = \controller.core.state_reg [62:0]).
Adding EN signal on $auto$ff.cc:337:slice$6288 ($sdff) from module secure_tiny_top (D = $flatten\controller.\core.$procmux$2588_Y, Q = \controller.core.state_reg [63]).
Adding SRST signal on $flatten\controller.\core.$procdff$5745 ($dff) from module secure_tiny_top (D = $flatten\controller.\core.$procmux$3031_Y, Q = \controller.core.done, rval = 1'0).
Adding SRST signal on $flatten\controller.\core.$procdff$5759 ($dff) from module secure_tiny_top (D = $flatten\controller.\core.$procmux$3168_Y, Q = \controller.core.perm_rounds, rval = 5'00000).
Adding EN signal on $auto$ff.cc:337:slice$6349 ($sdff) from module secure_tiny_top (D = $flatten\controller.\core.$procmux$3168_Y, Q = \controller.core.perm_rounds).
Adding SRST signal on $flatten\controller.\core.$procdff$5758 ($dff) from module secure_tiny_top (D = $flatten\controller.\core.$procmux$3052_Y, Q = \controller.core.perm_start, rval = 1'0).
Adding SRST signal on $flatten\controller.\core.$procdff$5757 ($dff) from module secure_tiny_top (D = $flatten\controller.\core.$procmux$3196_Y, Q = \controller.core.ad_final_block, rval = 1'0).
Adding EN signal on $auto$ff.cc:337:slice$6360 ($sdff) from module secure_tiny_top (D = $flatten\controller.\core.$procmux$3191_Y, Q = \controller.core.ad_final_block).
Adding SRST signal on $flatten\controller.\core.$procdff$5756 ($dff) from module secure_tiny_top (D = $flatten\controller.\core.$procmux$3209_Y, Q = \controller.core.byte_index, rval = 0).
Adding EN signal on $auto$ff.cc:337:slice$6366 ($sdff) from module secure_tiny_top (D = $flatten\controller.\core.$procmux$3209_Y, Q = \controller.core.byte_index).
Adding SRST signal on $flatten\controller.\core.$procdff$5755 ($dff) from module secure_tiny_top (D = $flatten\controller.\core.$2$lookahead\data_out$947[127:0]$1048, Q = \controller.core.data_out, rval = 128'00000000000000000000000000000000000000000000000000000000000000000000000000000000000000000000000000000000000000000000000000000000).
Adding EN signal on $auto$ff.cc:337:slice$6386 ($sdff) from module secure_tiny_top (D = $flatten\controller.\core.$2$lookahead\data_out$947[127:0]$1048, Q = \controller.core.data_out).
Adding SRST signal on $flatten\controller.\core.$procdff$5754 ($dff) from module secure_tiny_top (D = $flatten\controller.\core.$procmux$3252_Y, Q = \controller.core.data_length_reg, rval = 0).
Adding EN signal on $auto$ff.cc:337:slice$6396 ($sdff) from module secure_tiny_top (D = \controller.data_length_reg, Q = \controller.core.data_length_reg).
Adding SRST signal on $flatten\controller.\core.$procdff$5753 ($dff) from module secure_tiny_top (D = $flatten\controller.\core.$procmux$3274_Y, Q = \controller.core.ad_length_reg, rval = 0).
Adding EN signal on $auto$ff.cc:337:slice$6402 ($sdff) from module secure_tiny_top (D = \controller.ad_length_reg, Q = \controller.core.ad_length_reg).
Adding SRST signal on $flatten\controller.\core.$procdff$5752 ($dff) from module secure_tiny_top (D = $flatten\controller.\core.$procmux$3296_Y, Q = \controller.core.nonce_reg, rval = 128'00000000000000000000000000000000000000000000000000000000000000000000000000000000000000000000000000000000000000000000000000000000).
Adding EN signal on $auto$ff.cc:337:slice$6408 ($sdff) from module secure_tiny_top (D = \controller.nonce_reg, Q = \controller.core.nonce_reg).
Adding SRST signal on $flatten\controller.$procdff$5808 ($dff) from module secure_tiny_top (D = $flatten\controller.$2$lookahead\data_buffer$179[127:0]$193, Q = \controller.data_buffer, rval = 128'00000000000000000000000000000000000000000000000000000000000000000000000000000000000000000000000000000000000000000000000000000000).
Adding EN signal on $auto$ff.cc:337:slice$6414 ($sdff) from module secure_tiny_top (D = $flatten\controller.$or$rtl/aead_controller.sv:208$226_Y, Q = \controller.data_buffer).
Adding SRST signal on $flatten\controller.$procdff$5809 ($dff) from module secure_tiny_top (D = $flatten\controller.$procmux$5227_Y, Q = \controller.core_start, rval = 1'0).
Adding SRST signal on $flatten\controller.$procdff$5810 ($dff) from module secure_tiny_top (D = $flatten\controller.$procmux$5214_Y, Q = \controller.tag_load, rval = 1'0).
Adding SRST signal on $flatten\controller.$procdff$5811 ($dff) from module secure_tiny_top (D = $flatten\controller.$procmux$5153_Y, Q = \controller.verifier_start, rval = 1'0).
Adding SRST signal on $flatten\controller.$procdff$5794 ($dff) from module secure_tiny_top (D = $flatten\controller.$procmux$5506_Y, Q = \controller.busy, rval = 1'0).
Adding EN signal on $auto$ff.cc:337:slice$6431 ($sdff) from module secure_tiny_top (D = $flatten\controller.$procmux$5506_Y, Q = \controller.busy).
Adding SRST signal on $flatten\controller.$procdff$5795 ($dff) from module secure_tiny_top (D = $flatten\controller.$procmux$5146_Y, Q = \controller.done, rval = 1'0).
Adding SRST signal on $flatten\controller.$procdff$5796 ($dff) from module secure_tiny_top (D = $flatten\controller.$procmux$5122_Y, Q = \controller.command_error, rval = 1'0).
Adding SRST signal on $flatten\controller.$procdff$5798 ($dff) from module secure_tiny_top (D = $flatten\controller.$procmux$5430_Y, Q = \controller.decrypt_reg, rval = 1'0).
Adding EN signal on $auto$ff.cc:337:slice$6449 ($sdff) from module secure_tiny_top (D = \decrypt, Q = \controller.decrypt_reg).
Adding SRST signal on $flatten\controller.$procdff$5799 ($dff) from module secure_tiny_top (D = $flatten\controller.$procmux$5411_Y, Q = \controller.key_reg, rval = 128'00000000000000000000000000000000000000000000000000000000000000000000000000000000000000000000000000000000000000000000000000000000).
Adding EN signal on $auto$ff.cc:337:slice$6455 ($sdff) from module secure_tiny_top (D = \key, Q = \controller.key_reg).
Adding SRST signal on $flatten\controller.$procdff$5800 ($dff) from module secure_tiny_top (D = $flatten\controller.$procmux$5392_Y, Q = \controller.nonce_reg, rval = 128'00000000000000000000000000000000000000000000000000000000000000000000000000000000000000000000000000000000000000000000000000000000).
Adding EN signal on $auto$ff.cc:337:slice$6461 ($sdff) from module secure_tiny_top (D = \nonce, Q = \controller.nonce_reg).
Adding SRST signal on $flatten\controller.$procdff$5801 ($dff) from module secure_tiny_top (D = $flatten\controller.$procmux$5373_Y, Q = \controller.received_tag_reg, rval = 128'00000000000000000000000000000000000000000000000000000000000000000000000000000000000000000000000000000000000000000000000000000000).
Adding EN signal on $auto$ff.cc:337:slice$6467 ($sdff) from module secure_tiny_top (D = \received_tag, Q = \controller.received_tag_reg).
Adding SRST signal on $flatten\controller.$procdff$5802 ($dff) from module secure_tiny_top (D = $flatten\controller.$procmux$5354_Y, Q = \controller.ad_length_reg, rval = 0).
Adding EN signal on $auto$ff.cc:337:slice$6473 ($sdff) from module secure_tiny_top (D = \ad_length, Q = \controller.ad_length_reg).

13.10.7. Executing OPT_CLEAN pass (remove unused cells and wires).
Finding unused cells or wires in module \secure_tiny_top..
Removed 118 unused cells and 150 unused wires.
<suppressed ~119 debug messages>

13.10.8. Executing OPT_EXPR pass (perform const folding).
Optimizing module secure_tiny_top.
<suppressed ~19 debug messages>

13.10.9. Rerunning OPT passes. (Maybe there is more to do..)

13.10.10. Executing OPT_MUXTREE pass (detect dead branches in mux trees).
Running muxtree optimizer on module \secure_tiny_top..
  Creating internal representation of mux trees.
  Evaluating internal representation of mux trees.
  Analyzing evaluation results.
Removed 0 multiplexer ports.
<suppressed ~541 debug messages>

13.10.11. Executing OPT_REDUCE pass (consolidate $*mux and $reduce_* inputs).
  Optimizing cells in module \secure_tiny_top.
    New input vector for $reduce_and cell $auto$simple.cc:211:make_patterns_logic$6191: { $auto$simple.cc:193:make_patterns_logic$6184 $auto$simple.cc:193:make_patterns_logic$6188 }
    New input vector for $reduce_and cell $auto$simple.cc:211:make_patterns_logic$6175: { $auto$simple.cc:193:make_patterns_logic$6166 $auto$simple.cc:193:make_patterns_logic$6170 $auto$simple.cc:193:make_patterns_logic$6172 }
  Optimizing cells in module \secure_tiny_top.
Performed a total of 2 changes.

13.10.12. Executing OPT_MERGE pass (detect identical cells).
Finding identical cells in module `\secure_tiny_top'.
Computing hashes of 1153 cells of `\secure_tiny_top'.
Finding duplicate cells in `\secure_tiny_top'.
Computing hashes of 1105 cells of `\secure_tiny_top'.
Finding duplicate cells in `\secure_tiny_top'.
Computing hashes of 1090 cells of `\secure_tiny_top'.
Finding duplicate cells in `\secure_tiny_top'.
Computing hashes of 1089 cells of `\secure_tiny_top'.
Finding duplicate cells in `\secure_tiny_top'.
<suppressed ~192 debug messages>
Removed a total of 64 cells.

13.10.13. Executing OPT_DFF pass (perform DFF optimizations).

13.10.14. Executing OPT_CLEAN pass (remove unused cells and wires).
Finding unused cells or wires in module \secure_tiny_top..
Removed 0 unused cells and 65 unused wires.
<suppressed ~1 debug messages>

13.10.15. Executing OPT_EXPR pass (perform const folding).
Optimizing module secure_tiny_top.

13.10.16. Rerunning OPT passes. (Maybe there is more to do..)

13.10.17. Executing OPT_MUXTREE pass (detect dead branches in mux trees).
Running muxtree optimizer on module \secure_tiny_top..
  Creating internal representation of mux trees.
  Evaluating internal representation of mux trees.
  Analyzing evaluation results.
Removed 0 multiplexer ports.
<suppressed ~549 debug messages>

13.10.18. Executing OPT_REDUCE pass (consolidate $*mux and $reduce_* inputs).
  Optimizing cells in module \secure_tiny_top.
Performed a total of 0 changes.

13.10.19. Executing OPT_MERGE pass (detect identical cells).
Finding identical cells in module `\secure_tiny_top'.
Computing hashes of 1089 cells of `\secure_tiny_top'.
Finding duplicate cells in `\secure_tiny_top'.
Removed a total of 0 cells.

13.10.20. Executing OPT_DFF pass (perform DFF optimizations).

13.10.21. Executing OPT_CLEAN pass (remove unused cells and wires).
Finding unused cells or wires in module \secure_tiny_top..

13.10.22. Executing OPT_EXPR pass (perform const folding).
Optimizing module secure_tiny_top.

13.10.23. Finished fast OPT passes. (There is nothing left to do.)

13.11. Executing WREDUCE pass (reducing word size of cells).
Removed top 28 address bits (of 32) from memory init port secure_tiny_top.$flatten\controller.\core.\permutation.$auto$mem.cc:351:emit$1474 ($flatten\controller.\core.\permutation.$auto$proc_rom.cc:155:do_switch$1472).
Removed top 1 bits (of 2) from port B of cell secure_tiny_top.$auto$simple.cc:194:make_patterns_logic$6381 ($ne).
Removed top 1 bits (of 2) from port B of cell secure_tiny_top.$auto$simple.cc:194:make_patterns_logic$6373 ($ne).
Removed top 1 bits (of 2) from port B of cell secure_tiny_top.$auto$simple.cc:194:make_patterns_logic$6354 ($ne).
Removed top 1 bits (of 2) from port B of cell secure_tiny_top.$auto$simple.cc:194:make_patterns_logic$6332 ($ne).
Removed top 1 bits (of 2) from port B of cell secure_tiny_top.$auto$simple.cc:194:make_patterns_logic$6328 ($ne).
Removed top 1 bits (of 2) from port B of cell secure_tiny_top.$auto$simple.cc:194:make_patterns_logic$6304 ($ne).
Removed top 1 bits (of 2) from port B of cell secure_tiny_top.$auto$simple.cc:194:make_patterns_logic$6285 ($ne).
Removed top 1 bits (of 2) from port B of cell secure_tiny_top.$auto$simple.cc:194:make_patterns_logic$6171 ($ne).
Removed top 2 bits (of 3) from port B of cell secure_tiny_top.$auto$fsm_map.cc:77:implement_pattern_cache$6109 ($eq).
Removed top 1 bits (of 4) from port B of cell secure_tiny_top.$auto$fsm_map.cc:77:implement_pattern_cache$6105 ($eq).
Removed top 2 bits (of 4) from port B of cell secure_tiny_top.$auto$fsm_map.cc:77:implement_pattern_cache$6101 ($eq).
Removed top 3 bits (of 5) from port B of cell secure_tiny_top.$auto$fsm_map.cc:77:implement_pattern_cache$6084 ($eq).
Removed top 1 bits (of 3) from port B of cell secure_tiny_top.$auto$fsm_map.cc:77:implement_pattern_cache$6080 ($eq).
Removed top 1 bits (of 2) from port B of cell secure_tiny_top.$auto$fsm_map.cc:77:implement_pattern_cache$6075 ($eq).
Removed top 1 bits (of 4) from port B of cell secure_tiny_top.$auto$fsm_map.cc:77:implement_pattern_cache$6067 ($eq).
Removed top 1 bits (of 2) from port B of cell secure_tiny_top.$auto$fsm_map.cc:77:implement_pattern_cache$6058 ($eq).
Removed top 1 bits (of 2) from port B of cell secure_tiny_top.$auto$fsm_map.cc:77:implement_pattern_cache$6049 ($eq).
Removed top 2 bits (of 5) from port B of cell secure_tiny_top.$auto$fsm_map.cc:77:implement_pattern_cache$6041 ($eq).
Removed top 1 bits (of 2) from port B of cell secure_tiny_top.$auto$fsm_map.cc:77:implement_pattern_cache$6032 ($eq).
Removed top 1 bits (of 3) from port B of cell secure_tiny_top.$auto$fsm_map.cc:77:implement_pattern_cache$6027 ($eq).
Removed top 2 bits (of 5) from port B of cell secure_tiny_top.$auto$fsm_map.cc:77:implement_pattern_cache$6023 ($eq).
Removed top 1 bits (of 2) from port B of cell secure_tiny_top.$auto$fsm_map.cc:77:implement_pattern_cache$6019 ($eq).
Removed top 1 bits (of 2) from port B of cell secure_tiny_top.$auto$fsm_map.cc:77:implement_pattern_cache$5994 ($eq).
Removed top 1 bits (of 2) from port B of cell secure_tiny_top.$auto$fsm_map.cc:77:implement_pattern_cache$5983 ($eq).
Removed top 1 bits (of 2) from port B of cell secure_tiny_top.$auto$fsm_map.cc:77:implement_pattern_cache$5915 ($eq).
Removed top 1 bits (of 2) from port B of cell secure_tiny_top.$auto$fsm_map.cc:77:implement_pattern_cache$5911 ($eq).
Removed top 1 bits (of 2) from port B of cell secure_tiny_top.$auto$fsm_map.cc:77:implement_pattern_cache$5906 ($eq).
Removed top 31 bits (of 32) from port A of cell secure_tiny_top.$flatten\controller.\core.$lt$rtl/ascon_core.sv:76$486 ($lt).
Removed top 1 bits (of 5) from port B of cell secure_tiny_top.$flatten\controller.\core.$lt$rtl/ascon_core.sv:76$486 ($lt).
Removed top 31 bits (of 32) from port A of cell secure_tiny_top.$flatten\controller.\core.$lt$rtl/ascon_core.sv:76$495 ($lt).
Removed top 1 bits (of 5) from port B of cell secure_tiny_top.$flatten\controller.\core.$lt$rtl/ascon_core.sv:76$495 ($lt).
Removed top 30 bits (of 32) from port A of cell secure_tiny_top.$flatten\controller.\core.$lt$rtl/ascon_core.sv:76$504 ($lt).
Removed top 1 bits (of 5) from port B of cell secure_tiny_top.$flatten\controller.\core.$lt$rtl/ascon_core.sv:76$504 ($lt).
Removed top 30 bits (of 32) from port A of cell secure_tiny_top.$flatten\controller.\core.$lt$rtl/ascon_core.sv:76$513 ($lt).
Removed top 1 bits (of 5) from port B of cell secure_tiny_top.$flatten\controller.\core.$lt$rtl/ascon_core.sv:76$513 ($lt).
Removed top 29 bits (of 32) from port A of cell secure_tiny_top.$flatten\controller.\core.$lt$rtl/ascon_core.sv:76$522 ($lt).
Removed top 1 bits (of 5) from port B of cell secure_tiny_top.$flatten\controller.\core.$lt$rtl/ascon_core.sv:76$522 ($lt).
Removed top 29 bits (of 32) from port A of cell secure_tiny_top.$flatten\controller.\core.$lt$rtl/ascon_core.sv:76$531 ($lt).
Removed top 1 bits (of 5) from port B of cell secure_tiny_top.$flatten\controller.\core.$lt$rtl/ascon_core.sv:76$531 ($lt).
Removed top 29 bits (of 32) from port A of cell secure_tiny_top.$flatten\controller.\core.$lt$rtl/ascon_core.sv:76$540 ($lt).
Removed top 1 bits (of 5) from port B of cell secure_tiny_top.$flatten\controller.\core.$lt$rtl/ascon_core.sv:76$540 ($lt).
Removed top 29 bits (of 32) from port A of cell secure_tiny_top.$flatten\controller.\core.$lt$rtl/ascon_core.sv:76$549 ($lt).
Removed top 1 bits (of 5) from port B of cell secure_tiny_top.$flatten\controller.\core.$lt$rtl/ascon_core.sv:76$549 ($lt).
Removed top 28 bits (of 32) from port A of cell secure_tiny_top.$flatten\controller.\core.$lt$rtl/ascon_core.sv:76$558 ($lt).
Removed top 1 bits (of 5) from port B of cell secure_tiny_top.$flatten\controller.\core.$lt$rtl/ascon_core.sv:76$558 ($lt).
Removed top 28 bits (of 32) from port A of cell secure_tiny_top.$flatten\controller.\core.$lt$rtl/ascon_core.sv:76$567 ($lt).
Removed top 1 bits (of 5) from port B of cell secure_tiny_top.$flatten\controller.\core.$lt$rtl/ascon_core.sv:76$567 ($lt).
Removed top 28 bits (of 32) from port A of cell secure_tiny_top.$flatten\controller.\core.$lt$rtl/ascon_core.sv:76$576 ($lt).
Removed top 1 bits (of 5) from port B of cell secure_tiny_top.$flatten\controller.\core.$lt$rtl/ascon_core.sv:76$576 ($lt).
Removed top 28 bits (of 32) from port A of cell secure_tiny_top.$flatten\controller.\core.$lt$rtl/ascon_core.sv:76$585 ($lt).
Removed top 1 bits (of 5) from port B of cell secure_tiny_top.$flatten\controller.\core.$lt$rtl/ascon_core.sv:76$585 ($lt).
Removed top 28 bits (of 32) from port A of cell secure_tiny_top.$flatten\controller.\core.$lt$rtl/ascon_core.sv:76$594 ($lt).
Removed top 1 bits (of 5) from port B of cell secure_tiny_top.$flatten\controller.\core.$lt$rtl/ascon_core.sv:76$594 ($lt).
Removed top 28 bits (of 32) from port A of cell secure_tiny_top.$flatten\controller.\core.$lt$rtl/ascon_core.sv:76$603 ($lt).
Removed top 1 bits (of 5) from port B of cell secure_tiny_top.$flatten\controller.\core.$lt$rtl/ascon_core.sv:76$603 ($lt).
Removed top 28 bits (of 32) from port A of cell secure_tiny_top.$flatten\controller.\core.$lt$rtl/ascon_core.sv:76$612 ($lt).
Removed top 1 bits (of 5) from port B of cell secure_tiny_top.$flatten\controller.\core.$lt$rtl/ascon_core.sv:76$612 ($lt).
Removed top 28 bits (of 32) from port A of cell secure_tiny_top.$flatten\controller.\core.$lt$rtl/ascon_core.sv:76$621 ($lt).
Removed top 1 bits (of 5) from port B of cell secure_tiny_top.$flatten\controller.\core.$lt$rtl/ascon_core.sv:76$621 ($lt).
Removed top 127 bits (of 128) from port A of cell secure_tiny_top.$flatten\controller.\core.$shl$rtl/ascon_core.sv:110$631 ($shl).
Removed top 25 bits (of 32) from port B of cell secure_tiny_top.$flatten\controller.\core.$shl$rtl/ascon_core.sv:110$631 ($shl).
Removed top 31 bits (of 32) from port A of cell secure_tiny_top.$flatten\controller.\core.$lt$rtl/ascon_core.sv:76$784 ($lt).
Removed top 1 bits (of 5) from port B of cell secure_tiny_top.$flatten\controller.\core.$lt$rtl/ascon_core.sv:76$784 ($lt).
Removed top 27 bits (of 32) from port B of cell secure_tiny_top.$flatten\controller.\core.$lt$rtl/ascon_core.sv:76$786 ($lt).
Removed top 31 bits (of 32) from port A of cell secure_tiny_top.$flatten\controller.\core.$lt$rtl/ascon_core.sv:76$793 ($lt).
Removed top 1 bits (of 5) from port B of cell secure_tiny_top.$flatten\controller.\core.$lt$rtl/ascon_core.sv:76$793 ($lt).
Removed top 27 bits (of 32) from port B of cell secure_tiny_top.$flatten\controller.\core.$lt$rtl/ascon_core.sv:76$795 ($lt).
Removed top 30 bits (of 32) from port A of cell secure_tiny_top.$flatten\controller.\core.$lt$rtl/ascon_core.sv:76$802 ($lt).
Removed top 1 bits (of 5) from port B of cell secure_tiny_top.$flatten\controller.\core.$lt$rtl/ascon_core.sv:76$802 ($lt).
Removed top 27 bits (of 32) from port B of cell secure_tiny_top.$flatten\controller.\core.$lt$rtl/ascon_core.sv:76$804 ($lt).
Removed top 30 bits (of 32) from port A of cell secure_tiny_top.$flatten\controller.\core.$lt$rtl/ascon_core.sv:76$811 ($lt).
Removed top 1 bits (of 5) from port B of cell secure_tiny_top.$flatten\controller.\core.$lt$rtl/ascon_core.sv:76$811 ($lt).
Removed top 27 bits (of 32) from port B of cell secure_tiny_top.$flatten\controller.\core.$lt$rtl/ascon_core.sv:76$813 ($lt).
Removed top 29 bits (of 32) from port A of cell secure_tiny_top.$flatten\controller.\core.$lt$rtl/ascon_core.sv:76$820 ($lt).
Removed top 1 bits (of 5) from port B of cell secure_tiny_top.$flatten\controller.\core.$lt$rtl/ascon_core.sv:76$820 ($lt).
Removed top 27 bits (of 32) from port B of cell secure_tiny_top.$flatten\controller.\core.$lt$rtl/ascon_core.sv:76$822 ($lt).
Removed top 29 bits (of 32) from port A of cell secure_tiny_top.$flatten\controller.\core.$lt$rtl/ascon_core.sv:76$829 ($lt).
Removed top 1 bits (of 5) from port B of cell secure_tiny_top.$flatten\controller.\core.$lt$rtl/ascon_core.sv:76$829 ($lt).
Removed top 27 bits (of 32) from port B of cell secure_tiny_top.$flatten\controller.\core.$lt$rtl/ascon_core.sv:76$831 ($lt).
Removed top 29 bits (of 32) from port A of cell secure_tiny_top.$flatten\controller.\core.$lt$rtl/ascon_core.sv:76$838 ($lt).
Removed top 1 bits (of 5) from port B of cell secure_tiny_top.$flatten\controller.\core.$lt$rtl/ascon_core.sv:76$838 ($lt).
Removed top 27 bits (of 32) from port B of cell secure_tiny_top.$flatten\controller.\core.$lt$rtl/ascon_core.sv:76$840 ($lt).
Removed top 29 bits (of 32) from port A of cell secure_tiny_top.$flatten\controller.\core.$lt$rtl/ascon_core.sv:76$847 ($lt).
Removed top 1 bits (of 5) from port B of cell secure_tiny_top.$flatten\controller.\core.$lt$rtl/ascon_core.sv:76$847 ($lt).
Removed top 27 bits (of 32) from port B of cell secure_tiny_top.$flatten\controller.\core.$lt$rtl/ascon_core.sv:76$849 ($lt).
Removed top 28 bits (of 32) from port A of cell secure_tiny_top.$flatten\controller.\core.$lt$rtl/ascon_core.sv:76$856 ($lt).
Removed top 1 bits (of 5) from port B of cell secure_tiny_top.$flatten\controller.\core.$lt$rtl/ascon_core.sv:76$856 ($lt).
Removed top 27 bits (of 32) from port B of cell secure_tiny_top.$flatten\controller.\core.$lt$rtl/ascon_core.sv:76$858 ($lt).
Removed top 28 bits (of 32) from port A of cell secure_tiny_top.$flatten\controller.\core.$lt$rtl/ascon_core.sv:76$865 ($lt).
Removed top 1 bits (of 5) from port B of cell secure_tiny_top.$flatten\controller.\core.$lt$rtl/ascon_core.sv:76$865 ($lt).
Removed top 27 bits (of 32) from port B of cell secure_tiny_top.$flatten\controller.\core.$lt$rtl/ascon_core.sv:76$867 ($lt).
Removed top 28 bits (of 32) from port A of cell secure_tiny_top.$flatten\controller.\core.$lt$rtl/ascon_core.sv:76$874 ($lt).
Removed top 1 bits (of 5) from port B of cell secure_tiny_top.$flatten\controller.\core.$lt$rtl/ascon_core.sv:76$874 ($lt).
Removed top 27 bits (of 32) from port B of cell secure_tiny_top.$flatten\controller.\core.$lt$rtl/ascon_core.sv:76$876 ($lt).
Removed top 28 bits (of 32) from port A of cell secure_tiny_top.$flatten\controller.\core.$lt$rtl/ascon_core.sv:76$883 ($lt).
Removed top 1 bits (of 5) from port B of cell secure_tiny_top.$flatten\controller.\core.$lt$rtl/ascon_core.sv:76$883 ($lt).
Removed top 27 bits (of 32) from port B of cell secure_tiny_top.$flatten\controller.\core.$lt$rtl/ascon_core.sv:76$885 ($lt).
Removed top 28 bits (of 32) from port A of cell secure_tiny_top.$flatten\controller.\core.$lt$rtl/ascon_core.sv:76$892 ($lt).
Removed top 1 bits (of 5) from port B of cell secure_tiny_top.$flatten\controller.\core.$lt$rtl/ascon_core.sv:76$892 ($lt).
Removed top 27 bits (of 32) from port B of cell secure_tiny_top.$flatten\controller.\core.$lt$rtl/ascon_core.sv:76$894 ($lt).
Removed top 28 bits (of 32) from port A of cell secure_tiny_top.$flatten\controller.\core.$lt$rtl/ascon_core.sv:76$901 ($lt).
Removed top 1 bits (of 5) from port B of cell secure_tiny_top.$flatten\controller.\core.$lt$rtl/ascon_core.sv:76$901 ($lt).
Removed top 27 bits (of 32) from port B of cell secure_tiny_top.$flatten\controller.\core.$lt$rtl/ascon_core.sv:76$903 ($lt).
Removed top 28 bits (of 32) from port A of cell secure_tiny_top.$flatten\controller.\core.$lt$rtl/ascon_core.sv:76$910 ($lt).
Removed top 1 bits (of 5) from port B of cell secure_tiny_top.$flatten\controller.\core.$lt$rtl/ascon_core.sv:76$910 ($lt).
Removed top 27 bits (of 32) from port B of cell secure_tiny_top.$flatten\controller.\core.$lt$rtl/ascon_core.sv:76$912 ($lt).
Removed top 28 bits (of 32) from port A of cell secure_tiny_top.$flatten\controller.\core.$lt$rtl/ascon_core.sv:76$919 ($lt).
Removed top 1 bits (of 5) from port B of cell secure_tiny_top.$flatten\controller.\core.$lt$rtl/ascon_core.sv:76$919 ($lt).
Removed top 27 bits (of 32) from port B of cell secure_tiny_top.$flatten\controller.\core.$lt$rtl/ascon_core.sv:76$921 ($lt).
Removed top 24 bits (of 32) from port A of cell secure_tiny_top.$flatten\controller.\core.$sub$rtl/ascon_core.sv:123$938 ($sub).
Removed top 25 bits (of 32) from port B of cell secure_tiny_top.$flatten\controller.\core.$sub$rtl/ascon_core.sv:123$938 ($sub).
Removed top 23 bits (of 32) from port Y of cell secure_tiny_top.$flatten\controller.\core.$sub$rtl/ascon_core.sv:123$938 ($sub).
Removed top 127 bits (of 128) from port A of cell secure_tiny_top.$flatten\controller.\core.$shl$rtl/ascon_core.sv:124$943 ($shl).
Removed top 25 bits (of 32) from port B of cell secure_tiny_top.$flatten\controller.\core.$shl$rtl/ascon_core.sv:124$943 ($shl).
Removed top 27 bits (of 32) from port B of cell secure_tiny_top.$flatten\controller.\core.$gt$rtl/ascon_core.sv:162$1050 ($gt).
Removed top 27 bits (of 32) from port B of cell secure_tiny_top.$flatten\controller.\core.$gt$rtl/ascon_core.sv:162$1051 ($gt).
Removed top 27 bits (of 32) from port B of cell secure_tiny_top.$flatten\controller.\core.$add$rtl/ascon_core.sv:259$1258 ($add).
Removed top 31 bits (of 32) from port A of cell secure_tiny_top.$flatten\controller.\core.$lt$rtl/ascon_core.sv:267$1259 ($lt).
Converting cell secure_tiny_top.$flatten\controller.\core.$neg$rtl/ascon_core.sv:268$1269 ($neg) from signed to unsigned.
Removed top 1 bits (of 33) from port A of cell secure_tiny_top.$flatten\controller.\core.$neg$rtl/ascon_core.sv:268$1269 ($neg).
Removed top 31 bits (of 32) from port A of cell secure_tiny_top.$flatten\controller.\core.$lt$rtl/ascon_core.sv:267$1272 ($lt).
Removed top 31 bits (of 32) from port B of cell secure_tiny_top.$flatten\controller.\core.$add$rtl/ascon_core.sv:268$1275 ($add).
Converting cell secure_tiny_top.$flatten\controller.\core.$neg$rtl/ascon_core.sv:268$1282 ($neg) from signed to unsigned.
Removed top 1 bits (of 33) from port A of cell secure_tiny_top.$flatten\controller.\core.$neg$rtl/ascon_core.sv:268$1282 ($neg).
Removed top 30 bits (of 32) from port A of cell secure_tiny_top.$flatten\controller.\core.$lt$rtl/ascon_core.sv:267$1285 ($lt).
Removed top 30 bits (of 32) from port B of cell secure_tiny_top.$flatten\controller.\core.$add$rtl/ascon_core.sv:268$1288 ($add).
Converting cell secure_tiny_top.$flatten\controller.\core.$neg$rtl/ascon_core.sv:268$1295 ($neg) from signed to unsigned.
Removed top 1 bits (of 33) from port A of cell secure_tiny_top.$flatten\controller.\core.$neg$rtl/ascon_core.sv:268$1295 ($neg).
Removed top 30 bits (of 32) from port A of cell secure_tiny_top.$flatten\controller.\core.$lt$rtl/ascon_core.sv:267$1298 ($lt).
Removed top 30 bits (of 32) from port B of cell secure_tiny_top.$flatten\controller.\core.$add$rtl/ascon_core.sv:268$1301 ($add).
Converting cell secure_tiny_top.$flatten\controller.\core.$neg$rtl/ascon_core.sv:268$1308 ($neg) from signed to unsigned.
Removed top 1 bits (of 33) from port A of cell secure_tiny_top.$flatten\controller.\core.$neg$rtl/ascon_core.sv:268$1308 ($neg).
Removed top 29 bits (of 32) from port A of cell secure_tiny_top.$flatten\controller.\core.$lt$rtl/ascon_core.sv:267$1311 ($lt).
Removed top 29 bits (of 32) from port B of cell secure_tiny_top.$flatten\controller.\core.$add$rtl/ascon_core.sv:268$1314 ($add).
Converting cell secure_tiny_top.$flatten\controller.\core.$neg$rtl/ascon_core.sv:268$1321 ($neg) from signed to unsigned.
Removed top 1 bits (of 33) from port A of cell secure_tiny_top.$flatten\controller.\core.$neg$rtl/ascon_core.sv:268$1321 ($neg).
Removed top 29 bits (of 32) from port A of cell secure_tiny_top.$flatten\controller.\core.$lt$rtl/ascon_core.sv:267$1324 ($lt).
Removed top 29 bits (of 32) from port B of cell secure_tiny_top.$flatten\controller.\core.$add$rtl/ascon_core.sv:268$1327 ($add).
Converting cell secure_tiny_top.$flatten\controller.\core.$neg$rtl/ascon_core.sv:268$1334 ($neg) from signed to unsigned.
Removed top 1 bits (of 33) from port A of cell secure_tiny_top.$flatten\controller.\core.$neg$rtl/ascon_core.sv:268$1334 ($neg).
Removed top 29 bits (of 32) from port A of cell secure_tiny_top.$flatten\controller.\core.$lt$rtl/ascon_core.sv:267$1337 ($lt).
Removed top 29 bits (of 32) from port B of cell secure_tiny_top.$flatten\controller.\core.$add$rtl/ascon_core.sv:268$1340 ($add).
Converting cell secure_tiny_top.$flatten\controller.\core.$neg$rtl/ascon_core.sv:268$1347 ($neg) from signed to unsigned.
Removed top 1 bits (of 33) from port A of cell secure_tiny_top.$flatten\controller.\core.$neg$rtl/ascon_core.sv:268$1347 ($neg).
Removed top 29 bits (of 32) from port A of cell secure_tiny_top.$flatten\controller.\core.$lt$rtl/ascon_core.sv:267$1350 ($lt).
Removed top 29 bits (of 32) from port B of cell secure_tiny_top.$flatten\controller.\core.$add$rtl/ascon_core.sv:268$1353 ($add).
Converting cell secure_tiny_top.$flatten\controller.\core.$neg$rtl/ascon_core.sv:268$1360 ($neg) from signed to unsigned.
Removed top 1 bits (of 33) from port A of cell secure_tiny_top.$flatten\controller.\core.$neg$rtl/ascon_core.sv:268$1360 ($neg).
Removed top 28 bits (of 32) from port A of cell secure_tiny_top.$flatten\controller.\core.$lt$rtl/ascon_core.sv:267$1363 ($lt).
Removed top 28 bits (of 32) from port B of cell secure_tiny_top.$flatten\controller.\core.$add$rtl/ascon_core.sv:268$1366 ($add).
Converting cell secure_tiny_top.$flatten\controller.\core.$neg$rtl/ascon_core.sv:268$1373 ($neg) from signed to unsigned.
Removed top 1 bits (of 33) from port A of cell secure_tiny_top.$flatten\controller.\core.$neg$rtl/ascon_core.sv:268$1373 ($neg).
Removed top 28 bits (of 32) from port A of cell secure_tiny_top.$flatten\controller.\core.$lt$rtl/ascon_core.sv:267$1376 ($lt).
Removed top 28 bits (of 32) from port B of cell secure_tiny_top.$flatten\controller.\core.$add$rtl/ascon_core.sv:268$1379 ($add).
Converting cell secure_tiny_top.$flatten\controller.\core.$neg$rtl/ascon_core.sv:268$1386 ($neg) from signed to unsigned.
Removed top 1 bits (of 33) from port A of cell secure_tiny_top.$flatten\controller.\core.$neg$rtl/ascon_core.sv:268$1386 ($neg).
Removed top 28 bits (of 32) from port A of cell secure_tiny_top.$flatten\controller.\core.$lt$rtl/ascon_core.sv:267$1389 ($lt).
Removed top 28 bits (of 32) from port B of cell secure_tiny_top.$flatten\controller.\core.$add$rtl/ascon_core.sv:268$1392 ($add).
Converting cell secure_tiny_top.$flatten\controller.\core.$neg$rtl/ascon_core.sv:268$1399 ($neg) from signed to unsigned.
Removed top 1 bits (of 33) from port A of cell secure_tiny_top.$flatten\controller.\core.$neg$rtl/ascon_core.sv:268$1399 ($neg).
Removed top 28 bits (of 32) from port A of cell secure_tiny_top.$flatten\controller.\core.$lt$rtl/ascon_core.sv:267$1402 ($lt).
Removed top 28 bits (of 32) from port B of cell secure_tiny_top.$flatten\controller.\core.$add$rtl/ascon_core.sv:268$1405 ($add).
Converting cell secure_tiny_top.$flatten\controller.\core.$neg$rtl/ascon_core.sv:268$1412 ($neg) from signed to unsigned.
Removed top 1 bits (of 33) from port A of cell secure_tiny_top.$flatten\controller.\core.$neg$rtl/ascon_core.sv:268$1412 ($neg).
Removed top 28 bits (of 32) from port A of cell secure_tiny_top.$flatten\controller.\core.$lt$rtl/ascon_core.sv:267$1415 ($lt).
Removed top 28 bits (of 32) from port B of cell secure_tiny_top.$flatten\controller.\core.$add$rtl/ascon_core.sv:268$1418 ($add).
Converting cell secure_tiny_top.$flatten\controller.\core.$neg$rtl/ascon_core.sv:268$1425 ($neg) from signed to unsigned.
Removed top 1 bits (of 33) from port A of cell secure_tiny_top.$flatten\controller.\core.$neg$rtl/ascon_core.sv:268$1425 ($neg).
Removed top 28 bits (of 32) from port A of cell secure_tiny_top.$flatten\controller.\core.$lt$rtl/ascon_core.sv:267$1428 ($lt).
Removed top 28 bits (of 32) from port B of cell secure_tiny_top.$flatten\controller.\core.$add$rtl/ascon_core.sv:268$1431 ($add).
Converting cell secure_tiny_top.$flatten\controller.\core.$neg$rtl/ascon_core.sv:268$1438 ($neg) from signed to unsigned.
Removed top 1 bits (of 33) from port A of cell secure_tiny_top.$flatten\controller.\core.$neg$rtl/ascon_core.sv:268$1438 ($neg).
Removed top 28 bits (of 32) from port A of cell secure_tiny_top.$flatten\controller.\core.$lt$rtl/ascon_core.sv:267$1441 ($lt).
Removed top 28 bits (of 32) from port B of cell secure_tiny_top.$flatten\controller.\core.$add$rtl/ascon_core.sv:268$1444 ($add).
Converting cell secure_tiny_top.$flatten\controller.\core.$neg$rtl/ascon_core.sv:268$1451 ($neg) from signed to unsigned.
Removed top 1 bits (of 33) from port A of cell secure_tiny_top.$flatten\controller.\core.$neg$rtl/ascon_core.sv:268$1451 ($neg).
Removed top 28 bits (of 32) from port A of cell secure_tiny_top.$flatten\controller.\core.$lt$rtl/ascon_core.sv:267$1454 ($lt).
Removed top 28 bits (of 32) from port B of cell secure_tiny_top.$flatten\controller.\core.$add$rtl/ascon_core.sv:268$1457 ($add).
Converting cell secure_tiny_top.$flatten\controller.\core.$neg$rtl/ascon_core.sv:268$1464 ($neg) from signed to unsigned.
Removed top 1 bits (of 33) from port A of cell secure_tiny_top.$flatten\controller.\core.$neg$rtl/ascon_core.sv:268$1464 ($neg).
Removed top 1 bits (of 5) from mux cell secure_tiny_top.$flatten\controller.\core.$procmux$4243 ($mux).
Removed top 1 bits (of 5) from mux cell secure_tiny_top.$flatten\controller.\core.$procmux$4323 ($mux).
Removed top 1 bits (of 5) from mux cell secure_tiny_top.$flatten\controller.\core.$procmux$4882 ($mux).
Removed top 1 bits (of 5) from mux cell secure_tiny_top.$flatten\controller.\core.$procmux$4920 ($mux).
Removed top 4 bits (of 5) from port B of cell secure_tiny_top.$flatten\controller.\core.\permutation.$add$rtl/ascon_permutation.sv:141$138 ($add).
Removed top 4 bits (of 5) from port B of cell secure_tiny_top.$flatten\controller.\core.\permutation.$sub$rtl/ascon_permutation.sv:135$136 ($sub).
Removed top 4 bits (of 5) from port B of cell secure_tiny_top.$flatten\controller.\core.\permutation.$ge$rtl/ascon_permutation.sv:120$133 ($ge).
Removed top 28 bits (of 64) from port A of cell secure_tiny_top.$flatten\controller.\core.\permutation.$or$rtl/ascon_permutation.sv:32$120 ($or).
Removed top 19 bits (of 64) from port A of cell secure_tiny_top.$flatten\controller.\core.\permutation.$or$rtl/ascon_permutation.sv:32$117 ($or).
Removed top 39 bits (of 64) from port A of cell secure_tiny_top.$flatten\controller.\core.\permutation.$or$rtl/ascon_permutation.sv:32$114 ($or).
Removed top 61 bits (of 64) from port A of cell secure_tiny_top.$flatten\controller.\core.\permutation.$or$rtl/ascon_permutation.sv:32$111 ($or).
Removed top 6 bits (of 64) from port A of cell secure_tiny_top.$flatten\controller.\core.\permutation.$or$rtl/ascon_permutation.sv:32$108 ($or).
Removed top 1 bits (of 64) from port A of cell secure_tiny_top.$flatten\controller.\core.\permutation.$or$rtl/ascon_permutation.sv:32$105 ($or).
Removed top 17 bits (of 64) from port A of cell secure_tiny_top.$flatten\controller.\core.\permutation.$or$rtl/ascon_permutation.sv:32$102 ($or).
Removed top 10 bits (of 64) from port A of cell secure_tiny_top.$flatten\controller.\core.\permutation.$or$rtl/ascon_permutation.sv:32$99 ($or).
Removed top 41 bits (of 64) from port A of cell secure_tiny_top.$flatten\controller.\core.\permutation.$or$rtl/ascon_permutation.sv:32$96 ($or).
Removed top 7 bits (of 64) from port A of cell secure_tiny_top.$flatten\controller.\core.\permutation.$or$rtl/ascon_permutation.sv:32$93 ($or).
Removed top 28 bits (of 32) from port B of cell secure_tiny_top.$flatten\controller.$eq$rtl/aead_controller.sv:99$272 ($eq).
Removed top 28 bits (of 32) from port B of cell secure_tiny_top.$flatten\controller.$eq$rtl/aead_controller.sv:99$270 ($eq).
Removed top 28 bits (of 32) from port B of cell secure_tiny_top.$flatten\controller.$eq$rtl/aead_controller.sv:99$268 ($eq).
Removed top 28 bits (of 32) from port B of cell secure_tiny_top.$flatten\controller.$eq$rtl/aead_controller.sv:99$266 ($eq).
Removed top 28 bits (of 32) from port B of cell secure_tiny_top.$flatten\controller.$eq$rtl/aead_controller.sv:99$264 ($eq).
Removed top 28 bits (of 32) from port B of cell secure_tiny_top.$flatten\controller.$eq$rtl/aead_controller.sv:99$262 ($eq).
Removed top 28 bits (of 32) from port B of cell secure_tiny_top.$flatten\controller.$eq$rtl/aead_controller.sv:99$260 ($eq).
Removed top 28 bits (of 32) from port B of cell secure_tiny_top.$flatten\controller.$eq$rtl/aead_controller.sv:99$258 ($eq).
Removed top 29 bits (of 32) from port B of cell secure_tiny_top.$flatten\controller.$eq$rtl/aead_controller.sv:99$256 ($eq).
Removed top 29 bits (of 32) from port B of cell secure_tiny_top.$flatten\controller.$eq$rtl/aead_controller.sv:99$254 ($eq).
Removed top 29 bits (of 32) from port B of cell secure_tiny_top.$flatten\controller.$eq$rtl/aead_controller.sv:99$252 ($eq).
Removed top 29 bits (of 32) from port B of cell secure_tiny_top.$flatten\controller.$eq$rtl/aead_controller.sv:99$250 ($eq).
Removed top 30 bits (of 32) from port B of cell secure_tiny_top.$flatten\controller.$eq$rtl/aead_controller.sv:99$248 ($eq).
Removed top 30 bits (of 32) from port B of cell secure_tiny_top.$flatten\controller.$eq$rtl/aead_controller.sv:99$246 ($eq).
Removed top 31 bits (of 32) from port B of cell secure_tiny_top.$flatten\controller.$eq$rtl/aead_controller.sv:99$244 ($eq).
Removed top 31 bits (of 32) from port B of cell secure_tiny_top.$flatten\controller.$add$rtl/aead_controller.sv:276$234 ($add).
Removed top 31 bits (of 32) from port B of cell secure_tiny_top.$flatten\controller.$add$rtl/aead_controller.sv:210$228 ($add).
Converting cell secure_tiny_top.$flatten\controller.$neg$rtl/aead_controller.sv:208$224 ($neg) from signed to unsigned.
Removed top 1 bits (of 33) from port A of cell secure_tiny_top.$flatten\controller.$neg$rtl/aead_controller.sv:208$224 ($neg).
Removed top 31 bits (of 32) from port B of cell secure_tiny_top.$flatten\controller.$add$rtl/aead_controller.sv:197$212 ($add).
Converting cell secure_tiny_top.$flatten\controller.$neg$rtl/aead_controller.sv:195$208 ($neg) from signed to unsigned.
Removed top 1 bits (of 33) from port A of cell secure_tiny_top.$flatten\controller.$neg$rtl/aead_controller.sv:195$208 ($neg).
Removed top 27 bits (of 32) from port B of cell secure_tiny_top.$flatten\controller.$gt$rtl/aead_controller.sv:167$195 ($gt).
Removed top 27 bits (of 32) from port B of cell secure_tiny_top.$flatten\controller.$gt$rtl/aead_controller.sv:167$194 ($gt).
Removed top 1 bits (of 5) from wire secure_tiny_top.$flatten\controller.\core.$4\tail_length[4:0].
Removed top 1 bits (of 5) from wire secure_tiny_top.$flatten\controller.\core.$3\tail_length[4:0].
Removed top 1 bits (of 5) from wire secure_tiny_top.$flatten\controller.\core.$2\tail_length[4:0].

13.12. Executing PEEPOPT pass (run peephole optimizers).

13.13. Executing OPT_CLEAN pass (remove unused cells and wires).
Finding unused cells or wires in module \secure_tiny_top..
Removed 0 unused cells and 3 unused wires.
<suppressed ~1 debug messages>

13.14. Executing ALUMACC pass (create $alu and $macc cells).
Extracting $alu and $macc cells in module secure_tiny_top:
  creating $macc model for $flatten\controller.\core.\permutation.$add$rtl/ascon_permutation.sv:96$50 ($add).
  creating $macc model for $flatten\controller.\core.$neg$rtl/ascon_core.sv:268$1464 ($neg).
  creating $macc model for $flatten\controller.\core.$add$rtl/ascon_core.sv:268$1457 ($add).
  creating $macc model for $flatten\controller.\core.$neg$rtl/ascon_core.sv:268$1451 ($neg).
  creating $macc model for $flatten\controller.\core.$add$rtl/ascon_core.sv:268$1444 ($add).
  creating $macc model for $flatten\controller.\core.$neg$rtl/ascon_core.sv:268$1438 ($neg).
  creating $macc model for $flatten\controller.\core.$add$rtl/ascon_core.sv:268$1431 ($add).
  creating $macc model for $flatten\controller.\core.$neg$rtl/ascon_core.sv:268$1425 ($neg).
  creating $macc model for $flatten\controller.\core.$add$rtl/ascon_core.sv:268$1418 ($add).
  creating $macc model for $flatten\controller.\core.$neg$rtl/ascon_core.sv:268$1412 ($neg).
  creating $macc model for $flatten\controller.\core.$add$rtl/ascon_core.sv:268$1405 ($add).
  creating $macc model for $flatten\controller.\core.$neg$rtl/ascon_core.sv:268$1399 ($neg).
  creating $macc model for $flatten\controller.\core.$add$rtl/ascon_core.sv:268$1392 ($add).
  creating $macc model for $flatten\controller.\core.$neg$rtl/ascon_core.sv:268$1386 ($neg).
  creating $macc model for $flatten\controller.\core.$add$rtl/ascon_core.sv:268$1379 ($add).
  creating $macc model for $flatten\controller.\core.$neg$rtl/ascon_core.sv:268$1373 ($neg).
  creating $macc model for $flatten\controller.\core.$add$rtl/ascon_core.sv:268$1366 ($add).
  creating $macc model for $flatten\controller.\core.$neg$rtl/ascon_core.sv:268$1360 ($neg).
  creating $macc model for $flatten\controller.\core.$add$rtl/ascon_core.sv:268$1353 ($add).
  creating $macc model for $flatten\controller.\core.$neg$rtl/ascon_core.sv:268$1347 ($neg).
  creating $macc model for $flatten\controller.\core.$add$rtl/ascon_core.sv:268$1340 ($add).
  creating $macc model for $flatten\controller.\core.$neg$rtl/ascon_core.sv:268$1334 ($neg).
  creating $macc model for $flatten\controller.\core.$add$rtl/ascon_core.sv:268$1327 ($add).
  creating $macc model for $flatten\controller.\core.$neg$rtl/ascon_core.sv:268$1321 ($neg).
  creating $macc model for $flatten\controller.\core.$add$rtl/ascon_core.sv:268$1314 ($add).
  creating $macc model for $flatten\controller.\core.$neg$rtl/ascon_core.sv:268$1308 ($neg).
  creating $macc model for $flatten\controller.\core.$add$rtl/ascon_core.sv:268$1301 ($add).
  creating $macc model for $flatten\controller.\core.$neg$rtl/ascon_core.sv:268$1295 ($neg).
  creating $macc model for $flatten\controller.\core.$add$rtl/ascon_core.sv:268$1288 ($add).
  creating $macc model for $flatten\controller.\core.$neg$rtl/ascon_core.sv:268$1282 ($neg).
  creating $macc model for $flatten\controller.\core.$add$rtl/ascon_core.sv:268$1275 ($add).
  creating $macc model for $flatten\controller.\core.$neg$rtl/ascon_core.sv:268$1269 ($neg).
  creating $macc model for $flatten\controller.\core.$add$rtl/ascon_core.sv:259$1258 ($add).
  creating $macc model for $flatten\controller.\core.$sub$rtl/ascon_core.sv:123$938 ($sub).
  creating $macc model for $flatten\controller.\core.\permutation.$add$rtl/ascon_permutation.sv:141$138 ($add).
  creating $macc model for $flatten\controller.\core.\permutation.$sub$rtl/ascon_permutation.sv:135$136 ($sub).
  creating $macc model for $flatten\controller.$add$rtl/aead_controller.sv:276$234 ($add).
  creating $macc model for $flatten\controller.$add$rtl/aead_controller.sv:210$228 ($add).
  creating $macc model for $flatten\controller.$neg$rtl/aead_controller.sv:208$224 ($neg).
  creating $macc model for $flatten\controller.$add$rtl/aead_controller.sv:197$212 ($add).
  creating $macc model for $flatten\controller.$neg$rtl/aead_controller.sv:195$208 ($neg).
  creating $macc model for $flatten\controller.\core.\permutation.$sub$rtl/ascon_permutation.sv:96$49 ($sub).
  merging $macc model for $flatten\controller.\core.\permutation.$sub$rtl/ascon_permutation.sv:96$49 into $flatten\controller.\core.\permutation.$add$rtl/ascon_permutation.sv:96$50.
  creating $alu model for $macc $flatten\controller.$neg$rtl/aead_controller.sv:195$208.
  creating $alu model for $macc $flatten\controller.$add$rtl/aead_controller.sv:197$212.
  creating $alu model for $macc $flatten\controller.$neg$rtl/aead_controller.sv:208$224.
  creating $alu model for $macc $flatten\controller.$add$rtl/aead_controller.sv:210$228.
  creating $alu model for $macc $flatten\controller.$add$rtl/aead_controller.sv:276$234.
  creating $alu model for $macc $flatten\controller.\core.\permutation.$sub$rtl/ascon_permutation.sv:135$136.
  creating $alu model for $macc $flatten\controller.\core.\permutation.$add$rtl/ascon_permutation.sv:141$138.
  creating $alu model for $macc $flatten\controller.\core.$sub$rtl/ascon_core.sv:123$938.
  creating $alu model for $macc $flatten\controller.\core.$add$rtl/ascon_core.sv:259$1258.
  creating $alu model for $macc $flatten\controller.\core.$neg$rtl/ascon_core.sv:268$1269.
  creating $alu model for $macc $flatten\controller.\core.$add$rtl/ascon_core.sv:268$1275.
  creating $alu model for $macc $flatten\controller.\core.$neg$rtl/ascon_core.sv:268$1282.
  creating $alu model for $macc $flatten\controller.\core.$add$rtl/ascon_core.sv:268$1288.
  creating $alu model for $macc $flatten\controller.\core.$neg$rtl/ascon_core.sv:268$1295.
  creating $alu model for $macc $flatten\controller.\core.$add$rtl/ascon_core.sv:268$1301.
  creating $alu model for $macc $flatten\controller.\core.$neg$rtl/ascon_core.sv:268$1308.
  creating $alu model for $macc $flatten\controller.\core.$add$rtl/ascon_core.sv:268$1314.
  creating $alu model for $macc $flatten\controller.\core.$neg$rtl/ascon_core.sv:268$1321.
  creating $alu model for $macc $flatten\controller.\core.$add$rtl/ascon_core.sv:268$1327.
  creating $alu model for $macc $flatten\controller.\core.$neg$rtl/ascon_core.sv:268$1334.
  creating $alu model for $macc $flatten\controller.\core.$add$rtl/ascon_core.sv:268$1340.
  creating $alu model for $macc $flatten\controller.\core.$neg$rtl/ascon_core.sv:268$1347.
  creating $alu model for $macc $flatten\controller.\core.$add$rtl/ascon_core.sv:268$1353.
  creating $alu model for $macc $flatten\controller.\core.$neg$rtl/ascon_core.sv:268$1360.
  creating $alu model for $macc $flatten\controller.\core.$add$rtl/ascon_core.sv:268$1366.
  creating $alu model for $macc $flatten\controller.\core.$neg$rtl/ascon_core.sv:268$1373.
  creating $alu model for $macc $flatten\controller.\core.$add$rtl/ascon_core.sv:268$1379.
  creating $alu model for $macc $flatten\controller.\core.$neg$rtl/ascon_core.sv:268$1386.
  creating $alu model for $macc $flatten\controller.\core.$add$rtl/ascon_core.sv:268$1392.
  creating $alu model for $macc $flatten\controller.\core.$neg$rtl/ascon_core.sv:268$1399.
  creating $alu model for $macc $flatten\controller.\core.$add$rtl/ascon_core.sv:268$1405.
  creating $alu model for $macc $flatten\controller.\core.$neg$rtl/ascon_core.sv:268$1412.
  creating $alu model for $macc $flatten\controller.\core.$add$rtl/ascon_core.sv:268$1418.
  creating $alu model for $macc $flatten\controller.\core.$neg$rtl/ascon_core.sv:268$1425.
  creating $alu model for $macc $flatten\controller.\core.$add$rtl/ascon_core.sv:268$1431.
  creating $alu model for $macc $flatten\controller.\core.$neg$rtl/ascon_core.sv:268$1438.
  creating $alu model for $macc $flatten\controller.\core.$add$rtl/ascon_core.sv:268$1444.
  creating $alu model for $macc $flatten\controller.\core.$neg$rtl/ascon_core.sv:268$1451.
  creating $alu model for $macc $flatten\controller.\core.$add$rtl/ascon_core.sv:268$1457.
  creating $alu model for $macc $flatten\controller.\core.$neg$rtl/ascon_core.sv:268$1464.
  creating $macc cell for $flatten\controller.\core.\permutation.$add$rtl/ascon_permutation.sv:96$50: $auto$alumacc.cc:427:replace_macc$6482
  creating $alu model for $flatten\controller.\core.$lt$rtl/ascon_core.sv:267$1454 ($lt): new $alu
  creating $alu model for $flatten\controller.\core.$lt$rtl/ascon_core.sv:267$1441 ($lt): new $alu
  creating $alu model for $flatten\controller.\core.$lt$rtl/ascon_core.sv:267$1428 ($lt): new $alu
  creating $alu model for $flatten\controller.\core.$lt$rtl/ascon_core.sv:267$1415 ($lt): new $alu
  creating $alu model for $flatten\controller.\core.$lt$rtl/ascon_core.sv:267$1402 ($lt): new $alu
  creating $alu model for $flatten\controller.\core.$lt$rtl/ascon_core.sv:267$1389 ($lt): new $alu
  creating $alu model for $flatten\controller.\core.$lt$rtl/ascon_core.sv:267$1376 ($lt): new $alu
  creating $alu model for $flatten\controller.\core.$lt$rtl/ascon_core.sv:267$1363 ($lt): new $alu
  creating $alu model for $flatten\controller.\core.$lt$rtl/ascon_core.sv:267$1350 ($lt): new $alu
  creating $alu model for $flatten\controller.\core.$lt$rtl/ascon_core.sv:267$1337 ($lt): new $alu
  creating $alu model for $flatten\controller.\core.$lt$rtl/ascon_core.sv:267$1324 ($lt): new $alu
  creating $alu model for $flatten\controller.\core.$lt$rtl/ascon_core.sv:267$1311 ($lt): new $alu
  creating $alu model for $flatten\controller.\core.$lt$rtl/ascon_core.sv:267$1298 ($lt): new $alu
  creating $alu model for $flatten\controller.\core.$lt$rtl/ascon_core.sv:267$1285 ($lt): new $alu
  creating $alu model for $flatten\controller.\core.$lt$rtl/ascon_core.sv:267$1272 ($lt): new $alu
  creating $alu model for $flatten\controller.\core.$lt$rtl/ascon_core.sv:267$1259 ($lt): new $alu
  creating $alu model for $flatten\controller.\core.$lt$rtl/ascon_core.sv:249$1064 ($lt): new $alu
  creating $alu model for $flatten\controller.\core.$lt$rtl/ascon_core.sv:208$1057 ($lt): new $alu
  creating $alu model for $flatten\controller.\core.$gt$rtl/ascon_core.sv:162$1051 ($gt): new $alu
  creating $alu model for $flatten\controller.\core.$gt$rtl/ascon_core.sv:162$1050 ($gt): new $alu
  creating $alu model for $flatten\controller.\core.$lt$rtl/ascon_core.sv:76$921 ($lt): new $alu
  creating $alu model for $flatten\controller.\core.$lt$rtl/ascon_core.sv:76$919 ($lt): new $alu
  creating $alu model for $flatten\controller.\core.$lt$rtl/ascon_core.sv:76$912 ($lt): new $alu
  creating $alu model for $flatten\controller.\core.$lt$rtl/ascon_core.sv:76$910 ($lt): new $alu
  creating $alu model for $flatten\controller.\core.$lt$rtl/ascon_core.sv:76$903 ($lt): new $alu
  creating $alu model for $flatten\controller.\core.$lt$rtl/ascon_core.sv:76$901 ($lt): new $alu
  creating $alu model for $flatten\controller.\core.$lt$rtl/ascon_core.sv:76$894 ($lt): new $alu
  creating $alu model for $flatten\controller.\core.$lt$rtl/ascon_core.sv:76$892 ($lt): new $alu
  creating $alu model for $flatten\controller.\core.$lt$rtl/ascon_core.sv:76$885 ($lt): new $alu
  creating $alu model for $flatten\controller.\core.$lt$rtl/ascon_core.sv:76$883 ($lt): new $alu
  creating $alu model for $flatten\controller.\core.$lt$rtl/ascon_core.sv:76$876 ($lt): new $alu
  creating $alu model for $flatten\controller.\core.$lt$rtl/ascon_core.sv:76$874 ($lt): new $alu
  creating $alu model for $flatten\controller.\core.$lt$rtl/ascon_core.sv:76$867 ($lt): new $alu
  creating $alu model for $flatten\controller.\core.$lt$rtl/ascon_core.sv:76$865 ($lt): new $alu
  creating $alu model for $flatten\controller.\core.$lt$rtl/ascon_core.sv:76$858 ($lt): new $alu
  creating $alu model for $flatten\controller.\core.$lt$rtl/ascon_core.sv:76$856 ($lt): new $alu
  creating $alu model for $flatten\controller.\core.$lt$rtl/ascon_core.sv:76$849 ($lt): new $alu
  creating $alu model for $flatten\controller.\core.$lt$rtl/ascon_core.sv:76$847 ($lt): new $alu
  creating $alu model for $flatten\controller.\core.$lt$rtl/ascon_core.sv:76$840 ($lt): new $alu
  creating $alu model for $flatten\controller.\core.$lt$rtl/ascon_core.sv:76$838 ($lt): new $alu
  creating $alu model for $flatten\controller.\core.$lt$rtl/ascon_core.sv:76$831 ($lt): new $alu
  creating $alu model for $flatten\controller.\core.$lt$rtl/ascon_core.sv:76$829 ($lt): new $alu
  creating $alu model for $flatten\controller.\core.$lt$rtl/ascon_core.sv:76$822 ($lt): new $alu
  creating $alu model for $flatten\controller.\core.$lt$rtl/ascon_core.sv:76$820 ($lt): new $alu
  creating $alu model for $flatten\controller.\core.$lt$rtl/ascon_core.sv:76$813 ($lt): new $alu
  creating $alu model for $flatten\controller.\core.$lt$rtl/ascon_core.sv:76$811 ($lt): new $alu
  creating $alu model for $flatten\controller.\core.$lt$rtl/ascon_core.sv:76$804 ($lt): new $alu
  creating $alu model for $flatten\controller.\core.\permutation.$le$rtl/ascon_permutation.sv:120$134 ($le): new $alu
  creating $alu model for $flatten\controller.\core.$lt$rtl/ascon_core.sv:76$802 ($lt): new $alu
  creating $alu model for $flatten\controller.\core.$lt$rtl/ascon_core.sv:76$795 ($lt): new $alu
  creating $alu model for $flatten\controller.\core.\permutation.$ge$rtl/ascon_permutation.sv:120$133 ($ge): new $alu
  creating $alu model for $flatten\controller.\core.$lt$rtl/ascon_core.sv:76$793 ($lt): new $alu
  creating $alu model for $flatten\controller.\core.$lt$rtl/ascon_core.sv:76$786 ($lt): new $alu
  creating $alu model for $flatten\controller.\core.$lt$rtl/ascon_core.sv:76$784 ($lt): new $alu
  creating $alu model for $flatten\controller.\core.$lt$rtl/ascon_core.sv:76$621 ($lt): new $alu
  creating $alu model for $flatten\controller.\core.$lt$rtl/ascon_core.sv:76$612 ($lt): new $alu
  creating $alu model for $flatten\controller.\core.$lt$rtl/ascon_core.sv:76$603 ($lt): new $alu
  creating $alu model for $flatten\controller.\core.$lt$rtl/ascon_core.sv:76$594 ($lt): new $alu
  creating $alu model for $flatten\controller.\core.$lt$rtl/ascon_core.sv:76$585 ($lt): new $alu
  creating $alu model for $flatten\controller.\core.$lt$rtl/ascon_core.sv:76$576 ($lt): new $alu
  creating $alu model for $flatten\controller.\core.$lt$rtl/ascon_core.sv:76$567 ($lt): new $alu
  creating $alu model for $flatten\controller.\core.$lt$rtl/ascon_core.sv:76$558 ($lt): new $alu
  creating $alu model for $flatten\controller.\core.$lt$rtl/ascon_core.sv:76$549 ($lt): new $alu
  creating $alu model for $flatten\controller.\core.$lt$rtl/ascon_core.sv:76$540 ($lt): new $alu
  creating $alu model for $flatten\controller.$gt$rtl/aead_controller.sv:167$195 ($gt): new $alu
  creating $alu model for $flatten\controller.\core.$lt$rtl/ascon_core.sv:76$531 ($lt): new $alu
  creating $alu model for $flatten\controller.$gt$rtl/aead_controller.sv:167$194 ($gt): new $alu
  creating $alu model for $flatten\controller.\core.$lt$rtl/ascon_core.sv:76$522 ($lt): new $alu
  creating $alu model for $flatten\controller.\core.$lt$rtl/ascon_core.sv:76$513 ($lt): new $alu
  creating $alu model for $flatten\controller.\core.$lt$rtl/ascon_core.sv:76$504 ($lt): new $alu
  creating $alu model for $flatten\controller.\core.$lt$rtl/ascon_core.sv:76$495 ($lt): new $alu
  creating $alu model for $flatten\controller.\core.$lt$rtl/ascon_core.sv:76$486 ($lt): new $alu
  creating $alu model for $flatten\controller.$lt$rtl/aead_controller.sv:87$173 ($lt): new $alu
  creating $alu model for $flatten\controller.$lt$rtl/aead_controller.sv:82$167 ($lt): new $alu
  creating $alu model for $flatten\controller.$lt$rtl/aead_controller.sv:81$164 ($lt): new $alu
  creating $alu cell for $flatten\controller.$lt$rtl/aead_controller.sv:81$164: $auto$alumacc.cc:576:replace_alu$6558
  creating $alu cell for $flatten\controller.$lt$rtl/aead_controller.sv:82$167: $auto$alumacc.cc:576:replace_alu$6563
  creating $alu cell for $flatten\controller.$lt$rtl/aead_controller.sv:87$173: $auto$alumacc.cc:576:replace_alu$6568
  creating $alu cell for $flatten\controller.\core.$lt$rtl/ascon_core.sv:76$486: $auto$alumacc.cc:576:replace_alu$6573
  creating $alu cell for $flatten\controller.\core.$lt$rtl/ascon_core.sv:76$495: $auto$alumacc.cc:576:replace_alu$6578
  creating $alu cell for $flatten\controller.\core.$lt$rtl/ascon_core.sv:76$504: $auto$alumacc.cc:576:replace_alu$6583
  creating $alu cell for $flatten\controller.\core.$lt$rtl/ascon_core.sv:76$513: $auto$alumacc.cc:576:replace_alu$6588
  creating $alu cell for $flatten\controller.\core.$lt$rtl/ascon_core.sv:76$522: $auto$alumacc.cc:576:replace_alu$6593
  creating $alu cell for $flatten\controller.$gt$rtl/aead_controller.sv:167$194: $auto$alumacc.cc:576:replace_alu$6598
  creating $alu cell for $flatten\controller.\core.$lt$rtl/ascon_core.sv:76$531: $auto$alumacc.cc:576:replace_alu$6609
  creating $alu cell for $flatten\controller.$gt$rtl/aead_controller.sv:167$195: $auto$alumacc.cc:576:replace_alu$6614
  creating $alu cell for $flatten\controller.\core.$lt$rtl/ascon_core.sv:76$540: $auto$alumacc.cc:576:replace_alu$6625
  creating $alu cell for $flatten\controller.\core.$lt$rtl/ascon_core.sv:76$549: $auto$alumacc.cc:576:replace_alu$6630
  creating $alu cell for $flatten\controller.\core.$lt$rtl/ascon_core.sv:76$558: $auto$alumacc.cc:576:replace_alu$6635
  creating $alu cell for $flatten\controller.\core.$lt$rtl/ascon_core.sv:76$567: $auto$alumacc.cc:576:replace_alu$6640
  creating $alu cell for $flatten\controller.\core.$lt$rtl/ascon_core.sv:76$576: $auto$alumacc.cc:576:replace_alu$6645
  creating $alu cell for $flatten\controller.\core.$lt$rtl/ascon_core.sv:76$585: $auto$alumacc.cc:576:replace_alu$6650
  creating $alu cell for $flatten\controller.\core.$lt$rtl/ascon_core.sv:76$594: $auto$alumacc.cc:576:replace_alu$6655
  creating $alu cell for $flatten\controller.\core.$lt$rtl/ascon_core.sv:76$603: $auto$alumacc.cc:576:replace_alu$6660
  creating $alu cell for $flatten\controller.\core.$lt$rtl/ascon_core.sv:76$612: $auto$alumacc.cc:576:replace_alu$6665
  creating $alu cell for $flatten\controller.\core.$lt$rtl/ascon_core.sv:76$621: $auto$alumacc.cc:576:replace_alu$6670
  creating $alu cell for $flatten\controller.\core.$lt$rtl/ascon_core.sv:76$784: $auto$alumacc.cc:576:replace_alu$6675
  creating $alu cell for $flatten\controller.\core.$lt$rtl/ascon_core.sv:76$786: $auto$alumacc.cc:576:replace_alu$6680
  creating $alu cell for $flatten\controller.\core.$lt$rtl/ascon_core.sv:76$793: $auto$alumacc.cc:576:replace_alu$6685
  creating $alu cell for $flatten\controller.\core.\permutation.$ge$rtl/ascon_permutation.sv:120$133: $auto$alumacc.cc:576:replace_alu$6690
  creating $alu cell for $flatten\controller.\core.$lt$rtl/ascon_core.sv:76$795: $auto$alumacc.cc:576:replace_alu$6703
  creating $alu cell for $flatten\controller.\core.$lt$rtl/ascon_core.sv:76$802: $auto$alumacc.cc:576:replace_alu$6708
  creating $alu cell for $flatten\controller.\core.\permutation.$le$rtl/ascon_permutation.sv:120$134: $auto$alumacc.cc:576:replace_alu$6713
  creating $alu cell for $flatten\controller.\core.$lt$rtl/ascon_core.sv:76$804: $auto$alumacc.cc:576:replace_alu$6722
  creating $alu cell for $flatten\controller.\core.$lt$rtl/ascon_core.sv:76$811: $auto$alumacc.cc:576:replace_alu$6727
  creating $alu cell for $flatten\controller.\core.$lt$rtl/ascon_core.sv:76$813: $auto$alumacc.cc:576:replace_alu$6732
  creating $alu cell for $flatten\controller.\core.$lt$rtl/ascon_core.sv:76$820: $auto$alumacc.cc:576:replace_alu$6737
  creating $alu cell for $flatten\controller.\core.$lt$rtl/ascon_core.sv:76$822: $auto$alumacc.cc:576:replace_alu$6742
  creating $alu cell for $flatten\controller.\core.$lt$rtl/ascon_core.sv:76$829: $auto$alumacc.cc:576:replace_alu$6747
  creating $alu cell for $flatten\controller.\core.$lt$rtl/ascon_core.sv:76$831: $auto$alumacc.cc:576:replace_alu$6752
  creating $alu cell for $flatten\controller.\core.$lt$rtl/ascon_core.sv:76$838: $auto$alumacc.cc:576:replace_alu$6757
  creating $alu cell for $flatten\controller.\core.$lt$rtl/ascon_core.sv:76$840: $auto$alumacc.cc:576:replace_alu$6762
  creating $alu cell for $flatten\controller.\core.$lt$rtl/ascon_core.sv:76$847: $auto$alumacc.cc:576:replace_alu$6767
  creating $alu cell for $flatten\controller.\core.$lt$rtl/ascon_core.sv:76$849: $auto$alumacc.cc:576:replace_alu$6772
  creating $alu cell for $flatten\controller.\core.$lt$rtl/ascon_core.sv:76$856: $auto$alumacc.cc:576:replace_alu$6777
  creating $alu cell for $flatten\controller.\core.$lt$rtl/ascon_core.sv:76$858: $auto$alumacc.cc:576:replace_alu$6782
  creating $alu cell for $flatten\controller.\core.$lt$rtl/ascon_core.sv:76$865: $auto$alumacc.cc:576:replace_alu$6787
  creating $alu cell for $flatten\controller.\core.$lt$rtl/ascon_core.sv:76$867: $auto$alumacc.cc:576:replace_alu$6792
  creating $alu cell for $flatten\controller.\core.$lt$rtl/ascon_core.sv:76$874: $auto$alumacc.cc:576:replace_alu$6797
  creating $alu cell for $flatten\controller.\core.$lt$rtl/ascon_core.sv:76$876: $auto$alumacc.cc:576:replace_alu$6802
  creating $alu cell for $flatten\controller.\core.$lt$rtl/ascon_core.sv:76$883: $auto$alumacc.cc:576:replace_alu$6807
  creating $alu cell for $flatten\controller.\core.$lt$rtl/ascon_core.sv:76$885: $auto$alumacc.cc:576:replace_alu$6812
  creating $alu cell for $flatten\controller.\core.$lt$rtl/ascon_core.sv:76$892: $auto$alumacc.cc:576:replace_alu$6817
  creating $alu cell for $flatten\controller.\core.$lt$rtl/ascon_core.sv:76$894: $auto$alumacc.cc:576:replace_alu$6822
  creating $alu cell for $flatten\controller.\core.$lt$rtl/ascon_core.sv:76$901: $auto$alumacc.cc:576:replace_alu$6827
  creating $alu cell for $flatten\controller.\core.$lt$rtl/ascon_core.sv:76$903: $auto$alumacc.cc:576:replace_alu$6832
  creating $alu cell for $flatten\controller.\core.$lt$rtl/ascon_core.sv:76$910: $auto$alumacc.cc:576:replace_alu$6837
  creating $alu cell for $flatten\controller.\core.$lt$rtl/ascon_core.sv:76$912: $auto$alumacc.cc:576:replace_alu$6842
  creating $alu cell for $flatten\controller.\core.$lt$rtl/ascon_core.sv:76$919: $auto$alumacc.cc:576:replace_alu$6847
  creating $alu cell for $flatten\controller.\core.$lt$rtl/ascon_core.sv:76$921: $auto$alumacc.cc:576:replace_alu$6852
  creating $alu cell for $flatten\controller.\core.$gt$rtl/ascon_core.sv:162$1050: $auto$alumacc.cc:576:replace_alu$6857
  creating $alu cell for $flatten\controller.\core.$gt$rtl/ascon_core.sv:162$1051: $auto$alumacc.cc:576:replace_alu$6868
  creating $alu cell for $flatten\controller.\core.$lt$rtl/ascon_core.sv:208$1057: $auto$alumacc.cc:576:replace_alu$6879
  creating $alu cell for $flatten\controller.\core.$lt$rtl/ascon_core.sv:249$1064: $auto$alumacc.cc:576:replace_alu$6884
  creating $alu cell for $flatten\controller.\core.$lt$rtl/ascon_core.sv:267$1259: $auto$alumacc.cc:576:replace_alu$6889
  creating $alu cell for $flatten\controller.\core.$lt$rtl/ascon_core.sv:267$1272: $auto$alumacc.cc:576:replace_alu$6894
  creating $alu cell for $flatten\controller.\core.$lt$rtl/ascon_core.sv:267$1285: $auto$alumacc.cc:576:replace_alu$6899
  creating $alu cell for $flatten\controller.\core.$lt$rtl/ascon_core.sv:267$1298: $auto$alumacc.cc:576:replace_alu$6904
  creating $alu cell for $flatten\controller.\core.$lt$rtl/ascon_core.sv:267$1311: $auto$alumacc.cc:576:replace_alu$6909
  creating $alu cell for $flatten\controller.\core.$lt$rtl/ascon_core.sv:267$1324: $auto$alumacc.cc:576:replace_alu$6914
  creating $alu cell for $flatten\controller.\core.$lt$rtl/ascon_core.sv:267$1337: $auto$alumacc.cc:576:replace_alu$6919
  creating $alu cell for $flatten\controller.\core.$lt$rtl/ascon_core.sv:267$1350: $auto$alumacc.cc:576:replace_alu$6924
  creating $alu cell for $flatten\controller.\core.$lt$rtl/ascon_core.sv:267$1363: $auto$alumacc.cc:576:replace_alu$6929
  creating $alu cell for $flatten\controller.\core.$lt$rtl/ascon_core.sv:267$1376: $auto$alumacc.cc:576:replace_alu$6934
  creating $alu cell for $flatten\controller.\core.$lt$rtl/ascon_core.sv:267$1389: $auto$alumacc.cc:576:replace_alu$6939
  creating $alu cell for $flatten\controller.\core.$lt$rtl/ascon_core.sv:267$1402: $auto$alumacc.cc:576:replace_alu$6944
  creating $alu cell for $flatten\controller.\core.$lt$rtl/ascon_core.sv:267$1415: $auto$alumacc.cc:576:replace_alu$6949
  creating $alu cell for $flatten\controller.\core.$lt$rtl/ascon_core.sv:267$1428: $auto$alumacc.cc:576:replace_alu$6954
  creating $alu cell for $flatten\controller.\core.$lt$rtl/ascon_core.sv:267$1441: $auto$alumacc.cc:576:replace_alu$6959
  creating $alu cell for $flatten\controller.\core.$lt$rtl/ascon_core.sv:267$1454: $auto$alumacc.cc:576:replace_alu$6964
  creating $alu cell for $flatten\controller.\core.$neg$rtl/ascon_core.sv:268$1464: $auto$alumacc.cc:576:replace_alu$6969
  creating $alu cell for $flatten\controller.\core.$add$rtl/ascon_core.sv:268$1457: $auto$alumacc.cc:576:replace_alu$6972
  creating $alu cell for $flatten\controller.\core.$neg$rtl/ascon_core.sv:268$1451: $auto$alumacc.cc:576:replace_alu$6975
  creating $alu cell for $flatten\controller.\core.$add$rtl/ascon_core.sv:268$1444: $auto$alumacc.cc:576:replace_alu$6978
  creating $alu cell for $flatten\controller.\core.$neg$rtl/ascon_core.sv:268$1438: $auto$alumacc.cc:576:replace_alu$6981
  creating $alu cell for $flatten\controller.\core.$add$rtl/ascon_core.sv:268$1431: $auto$alumacc.cc:576:replace_alu$6984
  creating $alu cell for $flatten\controller.\core.$neg$rtl/ascon_core.sv:268$1425: $auto$alumacc.cc:576:replace_alu$6987
  creating $alu cell for $flatten\controller.\core.$add$rtl/ascon_core.sv:268$1418: $auto$alumacc.cc:576:replace_alu$6990
  creating $alu cell for $flatten\controller.\core.$neg$rtl/ascon_core.sv:268$1412: $auto$alumacc.cc:576:replace_alu$6993
  creating $alu cell for $flatten\controller.\core.$add$rtl/ascon_core.sv:268$1405: $auto$alumacc.cc:576:replace_alu$6996
  creating $alu cell for $flatten\controller.\core.$neg$rtl/ascon_core.sv:268$1399: $auto$alumacc.cc:576:replace_alu$6999
  creating $alu cell for $flatten\controller.\core.$add$rtl/ascon_core.sv:268$1392: $auto$alumacc.cc:576:replace_alu$7002
  creating $alu cell for $flatten\controller.\core.$neg$rtl/ascon_core.sv:268$1386: $auto$alumacc.cc:576:replace_alu$7005
  creating $alu cell for $flatten\controller.\core.$add$rtl/ascon_core.sv:268$1379: $auto$alumacc.cc:576:replace_alu$7008
  creating $alu cell for $flatten\controller.\core.$neg$rtl/ascon_core.sv:268$1373: $auto$alumacc.cc:576:replace_alu$7011
  creating $alu cell for $flatten\controller.\core.$add$rtl/ascon_core.sv:268$1366: $auto$alumacc.cc:576:replace_alu$7014
  creating $alu cell for $flatten\controller.\core.$neg$rtl/ascon_core.sv:268$1360: $auto$alumacc.cc:576:replace_alu$7017
  creating $alu cell for $flatten\controller.\core.$add$rtl/ascon_core.sv:268$1353: $auto$alumacc.cc:576:replace_alu$7020
  creating $alu cell for $flatten\controller.\core.$neg$rtl/ascon_core.sv:268$1347: $auto$alumacc.cc:576:replace_alu$7023
  creating $alu cell for $flatten\controller.\core.$add$rtl/ascon_core.sv:268$1340: $auto$alumacc.cc:576:replace_alu$7026
  creating $alu cell for $flatten\controller.\core.$neg$rtl/ascon_core.sv:268$1334: $auto$alumacc.cc:576:replace_alu$7029
  creating $alu cell for $flatten\controller.\core.$add$rtl/ascon_core.sv:268$1327: $auto$alumacc.cc:576:replace_alu$7032
  creating $alu cell for $flatten\controller.\core.$neg$rtl/ascon_core.sv:268$1321: $auto$alumacc.cc:576:replace_alu$7035
  creating $alu cell for $flatten\controller.\core.$add$rtl/ascon_core.sv:268$1314: $auto$alumacc.cc:576:replace_alu$7038
  creating $alu cell for $flatten\controller.\core.$neg$rtl/ascon_core.sv:268$1308: $auto$alumacc.cc:576:replace_alu$7041
  creating $alu cell for $flatten\controller.\core.$add$rtl/ascon_core.sv:268$1301: $auto$alumacc.cc:576:replace_alu$7044
  creating $alu cell for $flatten\controller.\core.$neg$rtl/ascon_core.sv:268$1295: $auto$alumacc.cc:576:replace_alu$7047
  creating $alu cell for $flatten\controller.\core.$add$rtl/ascon_core.sv:268$1288: $auto$alumacc.cc:576:replace_alu$7050
  creating $alu cell for $flatten\controller.\core.$neg$rtl/ascon_core.sv:268$1282: $auto$alumacc.cc:576:replace_alu$7053
  creating $alu cell for $flatten\controller.\core.$add$rtl/ascon_core.sv:268$1275: $auto$alumacc.cc:576:replace_alu$7056
  creating $alu cell for $flatten\controller.\core.$neg$rtl/ascon_core.sv:268$1269: $auto$alumacc.cc:576:replace_alu$7059
  creating $alu cell for $flatten\controller.\core.$add$rtl/ascon_core.sv:259$1258: $auto$alumacc.cc:576:replace_alu$7062
  creating $alu cell for $flatten\controller.\core.$sub$rtl/ascon_core.sv:123$938: $auto$alumacc.cc:576:replace_alu$7065
  creating $alu cell for $flatten\controller.\core.\permutation.$add$rtl/ascon_permutation.sv:141$138: $auto$alumacc.cc:576:replace_alu$7068
  creating $alu cell for $flatten\controller.\core.\permutation.$sub$rtl/ascon_permutation.sv:135$136: $auto$alumacc.cc:576:replace_alu$7071
  creating $alu cell for $flatten\controller.$add$rtl/aead_controller.sv:276$234: $auto$alumacc.cc:576:replace_alu$7074
  creating $alu cell for $flatten\controller.$add$rtl/aead_controller.sv:210$228: $auto$alumacc.cc:576:replace_alu$7077
  creating $alu cell for $flatten\controller.$neg$rtl/aead_controller.sv:208$224: $auto$alumacc.cc:576:replace_alu$7080
  creating $alu cell for $flatten\controller.$add$rtl/aead_controller.sv:197$212: $auto$alumacc.cc:576:replace_alu$7083
  creating $alu cell for $flatten\controller.$neg$rtl/aead_controller.sv:195$208: $auto$alumacc.cc:576:replace_alu$7086
  created 115 $alu and 1 $macc cells.

13.15. Executing SHARE pass (SAT-based resource sharing).
Found 4 cells in module secure_tiny_top that may be considered for resource sharing.
  Analyzing resource sharing options for $flatten\controller.\core.$shl$rtl/ascon_core.sv:110$631 ($shl):
    Found 1 activation_patterns using ctrl signal { $flatten\controller.\core.$eq$rtl/ascon_core.sv:205$1056_Y \controller.core.phase [9] $auto$rtlil.cc:3234:Not$6883 }.
    Found 1 candidates: $flatten\controller.\core.$shl$rtl/ascon_core.sv:124$943
    Analyzing resource sharing with $flatten\controller.\core.$shl$rtl/ascon_core.sv:124$943 ($shl):
      Found cell that is never activated: $flatten\controller.\core.$procmux$4341
      Found cell that is never activated: $flatten\controller.\core.$procmux$4261
      Found 1 activation_patterns using ctrl signal { \controller.core.phase [5] $auto$rtlil.cc:3234:Not$6888 }.
      Activation pattern for cell $flatten\controller.\core.$shl$rtl/ascon_core.sv:110$631: { $flatten\controller.\core.$eq$rtl/ascon_core.sv:205$1056_Y \controller.core.phase [9] $auto$rtlil.cc:3234:Not$6883 } = 3'010
      Activation pattern for cell $flatten\controller.\core.$shl$rtl/ascon_core.sv:124$943: { \controller.core.phase [5] $auto$rtlil.cc:3234:Not$6888 } = 2'10
      Size of SAT problem: 5 cells, 1498 variables, 3996 clauses
      According to the SAT solver this pair of cells can be shared.
      Activation signal for $flatten\controller.\core.$shl$rtl/ascon_core.sv:124$943: $auto$share.cc:1066:make_cell_activation_logic$7089
      New cell: $auto$share.cc:667:make_supercell$7096 ($shl)
  Analyzing resource sharing options for $auto$share.cc:667:make_supercell$7096 ($shl):
    Found 2 activation_patterns using ctrl signal { $flatten\controller.\core.$eq$rtl/ascon_core.sv:205$1056_Y \controller.core.phase [9] \controller.core.phase [5] $auto$rtlil.cc:3234:Not$6883 $auto$rtlil.cc:3234:Not$6888 }.
    No candidates found.
  Analyzing resource sharing options for $flatten\controller.\core.$shr$rtl/ascon_core.sv:123$939 ($shr):
    Found 1 activation_patterns using ctrl signal { \controller.core.decrypt_reg \controller.core.phase [5] $auto$rtlil.cc:3234:Not$6888 }.
    No candidates found.
  Analyzing resource sharing options for $flatten\controller.\core.\permutation.$auto$mem.cc:305:emit$1473 ($memrd_v2):
    Found 1 activation_patterns using ctrl signal \controller.core.permutation.constant_index [4].
    No candidates found.
Removing 4 cells in module secure_tiny_top:
  Removing cell $flatten\controller.\core.$shl$rtl/ascon_core.sv:124$943 ($shl).
  Removing cell $flatten\controller.\core.$shl$rtl/ascon_core.sv:110$631 ($shl).
  Removing cell $flatten\controller.\core.$procmux$4261 ($mux).
  Removing cell $flatten\controller.\core.$procmux$4341 ($mux).

13.16. Executing OPT pass (performing simple optimizations).

13.16.1. Executing OPT_EXPR pass (perform const folding).
Optimizing module secure_tiny_top.
<suppressed ~128 debug messages>

13.16.2. Executing OPT_MERGE pass (detect identical cells).
Finding identical cells in module `\secure_tiny_top'.
Computing hashes of 1183 cells of `\secure_tiny_top'.
Finding duplicate cells in `\secure_tiny_top'.
Computing hashes of 1182 cells of `\secure_tiny_top'.
Finding duplicate cells in `\secure_tiny_top'.
<suppressed ~3 debug messages>
Removed a total of 1 cells.

13.16.3. Executing OPT_MUXTREE pass (detect dead branches in mux trees).
Running muxtree optimizer on module \secure_tiny_top..
  Creating internal representation of mux trees.
  Evaluating internal representation of mux trees.
  Analyzing evaluation results.
Removed 0 multiplexer ports.
<suppressed ~549 debug messages>

13.16.4. Executing OPT_REDUCE pass (consolidate $*mux and $reduce_* inputs).
  Optimizing cells in module \secure_tiny_top.
Performed a total of 0 changes.

13.16.5. Executing OPT_MERGE pass (detect identical cells).
Finding identical cells in module `\secure_tiny_top'.
Computing hashes of 1182 cells of `\secure_tiny_top'.
Finding duplicate cells in `\secure_tiny_top'.
Removed a total of 0 cells.

13.16.6. Executing OPT_DFF pass (perform DFF optimizations).

13.16.7. Executing OPT_CLEAN pass (remove unused cells and wires).
Finding unused cells or wires in module \secure_tiny_top..
Removed 17 unused cells and 97 unused wires.
<suppressed ~19 debug messages>

13.16.8. Executing OPT_EXPR pass (perform const folding).
Optimizing module secure_tiny_top.

13.16.9. Rerunning OPT passes. (Maybe there is more to do..)

13.16.10. Executing OPT_MUXTREE pass (detect dead branches in mux trees).
Running muxtree optimizer on module \secure_tiny_top..
  Creating internal representation of mux trees.
  Evaluating internal representation of mux trees.
  Analyzing evaluation results.
Removed 0 multiplexer ports.
<suppressed ~549 debug messages>

13.16.11. Executing OPT_REDUCE pass (consolidate $*mux and $reduce_* inputs).
  Optimizing cells in module \secure_tiny_top.
Performed a total of 0 changes.

13.16.12. Executing OPT_MERGE pass (detect identical cells).
Finding identical cells in module `\secure_tiny_top'.
Computing hashes of 1164 cells of `\secure_tiny_top'.
Finding duplicate cells in `\secure_tiny_top'.
Removed a total of 0 cells.

13.16.13. Executing OPT_DFF pass (perform DFF optimizations).

13.16.14. Executing OPT_CLEAN pass (remove unused cells and wires).
Finding unused cells or wires in module \secure_tiny_top..

13.16.15. Executing OPT_EXPR pass (perform const folding).
Optimizing module secure_tiny_top.

13.16.16. Finished fast OPT passes. (There is nothing left to do.)

13.17. Executing MEMORY pass.

13.17.1. Executing OPT_MEM pass (optimize memories).
secure_tiny_top.$flatten\controller.\core.\permutation.$auto$proc_rom.cc:155:do_switch$1472: removing const-0 lane 8
secure_tiny_top.$flatten\controller.\core.\permutation.$auto$proc_rom.cc:155:do_switch$1472: removing const-0 lane 9
secure_tiny_top.$flatten\controller.\core.\permutation.$auto$proc_rom.cc:155:do_switch$1472: removing const-0 lane 10
secure_tiny_top.$flatten\controller.\core.\permutation.$auto$proc_rom.cc:155:do_switch$1472: removing const-0 lane 11
secure_tiny_top.$flatten\controller.\core.\permutation.$auto$proc_rom.cc:155:do_switch$1472: removing const-0 lane 12
secure_tiny_top.$flatten\controller.\core.\permutation.$auto$proc_rom.cc:155:do_switch$1472: removing const-0 lane 13
secure_tiny_top.$flatten\controller.\core.\permutation.$auto$proc_rom.cc:155:do_switch$1472: removing const-0 lane 14
secure_tiny_top.$flatten\controller.\core.\permutation.$auto$proc_rom.cc:155:do_switch$1472: removing const-0 lane 15
secure_tiny_top.$flatten\controller.\core.\permutation.$auto$proc_rom.cc:155:do_switch$1472: removing const-0 lane 16
secure_tiny_top.$flatten\controller.\core.\permutation.$auto$proc_rom.cc:155:do_switch$1472: removing const-0 lane 17
secure_tiny_top.$flatten\controller.\core.\permutation.$auto$proc_rom.cc:155:do_switch$1472: removing const-0 lane 18
secure_tiny_top.$flatten\controller.\core.\permutation.$auto$proc_rom.cc:155:do_switch$1472: removing const-0 lane 19
secure_tiny_top.$flatten\controller.\core.\permutation.$auto$proc_rom.cc:155:do_switch$1472: removing const-0 lane 20
secure_tiny_top.$flatten\controller.\core.\permutation.$auto$proc_rom.cc:155:do_switch$1472: removing const-0 lane 21
secure_tiny_top.$flatten\controller.\core.\permutation.$auto$proc_rom.cc:155:do_switch$1472: removing const-0 lane 22
secure_tiny_top.$flatten\controller.\core.\permutation.$auto$proc_rom.cc:155:do_switch$1472: removing const-0 lane 23
secure_tiny_top.$flatten\controller.\core.\permutation.$auto$proc_rom.cc:155:do_switch$1472: removing const-0 lane 24
secure_tiny_top.$flatten\controller.\core.\permutation.$auto$proc_rom.cc:155:do_switch$1472: removing const-0 lane 25
secure_tiny_top.$flatten\controller.\core.\permutation.$auto$proc_rom.cc:155:do_switch$1472: removing const-0 lane 26
secure_tiny_top.$flatten\controller.\core.\permutation.$auto$proc_rom.cc:155:do_switch$1472: removing const-0 lane 27
secure_tiny_top.$flatten\controller.\core.\permutation.$auto$proc_rom.cc:155:do_switch$1472: removing const-0 lane 28
secure_tiny_top.$flatten\controller.\core.\permutation.$auto$proc_rom.cc:155:do_switch$1472: removing const-0 lane 29
secure_tiny_top.$flatten\controller.\core.\permutation.$auto$proc_rom.cc:155:do_switch$1472: removing const-0 lane 30
secure_tiny_top.$flatten\controller.\core.\permutation.$auto$proc_rom.cc:155:do_switch$1472: removing const-0 lane 31
secure_tiny_top.$flatten\controller.\core.\permutation.$auto$proc_rom.cc:155:do_switch$1472: removing const-0 lane 32
secure_tiny_top.$flatten\controller.\core.\permutation.$auto$proc_rom.cc:155:do_switch$1472: removing const-0 lane 33
secure_tiny_top.$flatten\controller.\core.\permutation.$auto$proc_rom.cc:155:do_switch$1472: removing const-0 lane 34
secure_tiny_top.$flatten\controller.\core.\permutation.$auto$proc_rom.cc:155:do_switch$1472: removing const-0 lane 35
secure_tiny_top.$flatten\controller.\core.\permutation.$auto$proc_rom.cc:155:do_switch$1472: removing const-0 lane 36
secure_tiny_top.$flatten\controller.\core.\permutation.$auto$proc_rom.cc:155:do_switch$1472: removing const-0 lane 37
secure_tiny_top.$flatten\controller.\core.\permutation.$auto$proc_rom.cc:155:do_switch$1472: removing const-0 lane 38
secure_tiny_top.$flatten\controller.\core.\permutation.$auto$proc_rom.cc:155:do_switch$1472: removing const-0 lane 39
secure_tiny_top.$flatten\controller.\core.\permutation.$auto$proc_rom.cc:155:do_switch$1472: removing const-0 lane 40
secure_tiny_top.$flatten\controller.\core.\permutation.$auto$proc_rom.cc:155:do_switch$1472: removing const-0 lane 41
secure_tiny_top.$flatten\controller.\core.\permutation.$auto$proc_rom.cc:155:do_switch$1472: removing const-0 lane 42
secure_tiny_top.$flatten\controller.\core.\permutation.$auto$proc_rom.cc:155:do_switch$1472: removing const-0 lane 43
secure_tiny_top.$flatten\controller.\core.\permutation.$auto$proc_rom.cc:155:do_switch$1472: removing const-0 lane 44
secure_tiny_top.$flatten\controller.\core.\permutation.$auto$proc_rom.cc:155:do_switch$1472: removing const-0 lane 45
secure_tiny_top.$flatten\controller.\core.\permutation.$auto$proc_rom.cc:155:do_switch$1472: removing const-0 lane 46
secure_tiny_top.$flatten\controller.\core.\permutation.$auto$proc_rom.cc:155:do_switch$1472: removing const-0 lane 47
secure_tiny_top.$flatten\controller.\core.\permutation.$auto$proc_rom.cc:155:do_switch$1472: removing const-0 lane 48
secure_tiny_top.$flatten\controller.\core.\permutation.$auto$proc_rom.cc:155:do_switch$1472: removing const-0 lane 49
secure_tiny_top.$flatten\controller.\core.\permutation.$auto$proc_rom.cc:155:do_switch$1472: removing const-0 lane 50
secure_tiny_top.$flatten\controller.\core.\permutation.$auto$proc_rom.cc:155:do_switch$1472: removing const-0 lane 51
secure_tiny_top.$flatten\controller.\core.\permutation.$auto$proc_rom.cc:155:do_switch$1472: removing const-0 lane 52
secure_tiny_top.$flatten\controller.\core.\permutation.$auto$proc_rom.cc:155:do_switch$1472: removing const-0 lane 53
secure_tiny_top.$flatten\controller.\core.\permutation.$auto$proc_rom.cc:155:do_switch$1472: removing const-0 lane 54
secure_tiny_top.$flatten\controller.\core.\permutation.$auto$proc_rom.cc:155:do_switch$1472: removing const-0 lane 55
secure_tiny_top.$flatten\controller.\core.\permutation.$auto$proc_rom.cc:155:do_switch$1472: removing const-0 lane 56
secure_tiny_top.$flatten\controller.\core.\permutation.$auto$proc_rom.cc:155:do_switch$1472: removing const-0 lane 57
secure_tiny_top.$flatten\controller.\core.\permutation.$auto$proc_rom.cc:155:do_switch$1472: removing const-0 lane 58
secure_tiny_top.$flatten\controller.\core.\permutation.$auto$proc_rom.cc:155:do_switch$1472: removing const-0 lane 59
secure_tiny_top.$flatten\controller.\core.\permutation.$auto$proc_rom.cc:155:do_switch$1472: removing const-0 lane 60
secure_tiny_top.$flatten\controller.\core.\permutation.$auto$proc_rom.cc:155:do_switch$1472: removing const-0 lane 61
secure_tiny_top.$flatten\controller.\core.\permutation.$auto$proc_rom.cc:155:do_switch$1472: removing const-0 lane 62
secure_tiny_top.$flatten\controller.\core.\permutation.$auto$proc_rom.cc:155:do_switch$1472: removing const-0 lane 63
Performed a total of 1 transformations.

13.17.2. Executing OPT_MEM_PRIORITY pass (removing unnecessary memory write priority relations).
Performed a total of 0 transformations.

13.17.3. Executing OPT_MEM_FEEDBACK pass (finding memory read-to-write feedback paths).

13.17.4. Executing MEMORY_BMUX2ROM pass (converting muxes to ROMs).

13.17.5. Executing MEMORY_DFF pass (merging $dff cells to $memrd).
Checking read port `$flatten\controller.\core.\permutation.$auto$proc_rom.cc:155:do_switch$1472'[0] in module `\secure_tiny_top': no output FF found.
Checking read port address `$flatten\controller.\core.\permutation.$auto$proc_rom.cc:155:do_switch$1472'[0] in module `\secure_tiny_top': no address FF found.

13.17.6. Executing OPT_CLEAN pass (remove unused cells and wires).
Finding unused cells or wires in module \secure_tiny_top..

13.17.7. Executing MEMORY_SHARE pass (consolidating $memrd/$memwr cells).

13.17.8. Executing OPT_MEM_WIDEN pass (optimize memories where all ports are wide).
Performed a total of 0 transformations.

13.17.9. Executing OPT_CLEAN pass (remove unused cells and wires).
Finding unused cells or wires in module \secure_tiny_top..

13.17.10. Executing MEMORY_COLLECT pass (generating $mem cells).

13.18. Executing OPT_CLEAN pass (remove unused cells and wires).
Finding unused cells or wires in module \secure_tiny_top..

13.19. Executing OPT pass (performing simple optimizations).

13.19.1. Executing OPT_EXPR pass (perform const folding).
Optimizing module secure_tiny_top.
<suppressed ~389 debug messages>

13.19.2. Executing OPT_MERGE pass (detect identical cells).
Finding identical cells in module `\secure_tiny_top'.
Computing hashes of 1046 cells of `\secure_tiny_top'.
Finding duplicate cells in `\secure_tiny_top'.
Computing hashes of 991 cells of `\secure_tiny_top'.
Finding duplicate cells in `\secure_tiny_top'.
<suppressed ~165 debug messages>
Removed a total of 55 cells.

13.19.3. Executing OPT_DFF pass (perform DFF optimizations).
Adding EN signal on $auto$ff.cc:337:slice$6432 ($sdffe) from module secure_tiny_top (D = $flatten\controller.$procmux$5506_Y, Q = \controller.busy).
Adding EN signal on $auto$ff.cc:337:slice$6367 ($sdffe) from module secure_tiny_top (D = $flatten\controller.\core.$procmux$3209_Y [3:0], Q = \controller.core.byte_index [3:0]).

13.19.4. Executing OPT_CLEAN pass (remove unused cells and wires).
Finding unused cells or wires in module \secure_tiny_top..
Removed 68 unused cells and 418 unused wires.
<suppressed ~69 debug messages>

13.19.5. Rerunning OPT passes. (Removed registers in this run.)

13.19.6. Executing OPT_EXPR pass (perform const folding).
Optimizing module secure_tiny_top.
<suppressed ~3 debug messages>

13.19.7. Executing OPT_MERGE pass (detect identical cells).
Finding identical cells in module `\secure_tiny_top'.
Computing hashes of 928 cells of `\secure_tiny_top'.
Finding duplicate cells in `\secure_tiny_top'.
Removed a total of 0 cells.

13.19.8. Executing OPT_DFF pass (perform DFF optimizations).

13.19.9. Executing OPT_CLEAN pass (remove unused cells and wires).
Finding unused cells or wires in module \secure_tiny_top..
Removed 0 unused cells and 1 unused wires.
<suppressed ~1 debug messages>

13.19.10. Finished fast OPT passes.

13.20. Executing MEMORY_MAP pass (converting memories to logic and flip-flops).
Mapping memory $flatten\controller.\core.\permutation.$auto$proc_rom.cc:155:do_switch$1472 in module \secure_tiny_top:
  created 16 $dff cells and 0 static cells of width 8.
  read interface: 0 $dff and 15 $mux cells.
  write interface: 0 write mux blocks.

13.21. Executing OPT pass (performing simple optimizations).

13.21.1. Executing OPT_EXPR pass (perform const folding).
Optimizing module secure_tiny_top.

13.21.2. Executing OPT_MERGE pass (detect identical cells).
Finding identical cells in module `\secure_tiny_top'.
Computing hashes of 942 cells of `\secure_tiny_top'.
Finding duplicate cells in `\secure_tiny_top'.
Removed a total of 0 cells.

13.21.3. Executing OPT_MUXTREE pass (detect dead branches in mux trees).
Running muxtree optimizer on module \secure_tiny_top..
  Creating internal representation of mux trees.
  Evaluating internal representation of mux trees.
  Analyzing evaluation results.
Removed 0 multiplexer ports.
<suppressed ~250 debug messages>

13.21.4. Executing OPT_REDUCE pass (consolidate $*mux and $reduce_* inputs).
  Optimizing cells in module \secure_tiny_top.
    New input vector for $reduce_and cell $auto$simple.cc:211:make_patterns_logic$7421: { $auto$simple.cc:193:make_patterns_logic$6278 $auto$simple.cc:193:make_patterns_logic$6280 $auto$simple.cc:193:make_patterns_logic$6305 $auto$simple.cc:193:make_patterns_logic$6316 $auto$simple.cc:193:make_patterns_logic$6318 $auto$simple.cc:193:make_patterns_logic$6353 $auto$simple.cc:193:make_patterns_logic$6368 $auto$simple.cc:193:make_patterns_logic$6380 $auto$simple.cc:193:make_patterns_logic$7416 $auto$simple.cc:193:make_patterns_logic$7418 }
    New input vector for $reduce_and cell $auto$simple.cc:211:make_patterns_logic$7414: { $auto$simple.cc:193:make_patterns_logic$6241 $auto$simple.cc:193:make_patterns_logic$6433 $auto$simple.cc:193:make_patterns_logic$6437 $auto$simple.cc:193:make_patterns_logic$6439 $auto$simple.cc:193:make_patterns_logic$6441 $auto$simple.cc:193:make_patterns_logic$6443 $auto$simple.cc:193:make_patterns_logic$7411 }
    Consolidated identical input bits for $mux cell $memory$flatten\controller.\core.\permutation.$auto$proc_rom.cc:155:do_switch$1472$rdmux[0][3][6]$7462:
      Old ports: A=8'01111000, B=8'01101001, Y=$memory$flatten\controller.\core.\permutation.$auto$proc_rom.cc:155:do_switch$1472$rdmux[0][2][3]$a$7442
      New ports: A=2'10, B=2'01, Y={ $memory$flatten\controller.\core.\permutation.$auto$proc_rom.cc:155:do_switch$1472$rdmux[0][2][3]$a$7442 [4] $memory$flatten\controller.\core.\permutation.$auto$proc_rom.cc:155:do_switch$1472$rdmux[0][2][3]$a$7442 [0] }
      New connections: { $memory$flatten\controller.\core.\permutation.$auto$proc_rom.cc:155:do_switch$1472$rdmux[0][2][3]$a$7442 [7:5] $memory$flatten\controller.\core.\permutation.$auto$proc_rom.cc:155:do_switch$1472$rdmux[0][2][3]$a$7442 [3:1] } = 6'011100
    Consolidated identical input bits for $mux cell $memory$flatten\controller.\core.\permutation.$auto$proc_rom.cc:155:do_switch$1472$rdmux[0][3][5]$7459:
      Old ports: A=8'10010110, B=8'10000111, Y=$memory$flatten\controller.\core.\permutation.$auto$proc_rom.cc:155:do_switch$1472$rdmux[0][2][2]$b$7440
      New ports: A=2'10, B=2'01, Y={ $memory$flatten\controller.\core.\permutation.$auto$proc_rom.cc:155:do_switch$1472$rdmux[0][2][2]$b$7440 [4] $memory$flatten\controller.\core.\permutation.$auto$proc_rom.cc:155:do_switch$1472$rdmux[0][2][2]$b$7440 [0] }
      New connections: { $memory$flatten\controller.\core.\permutation.$auto$proc_rom.cc:155:do_switch$1472$rdmux[0][2][2]$b$7440 [7:5] $memory$flatten\controller.\core.\permutation.$auto$proc_rom.cc:155:do_switch$1472$rdmux[0][2][2]$b$7440 [3:1] } = 6'100011
    Consolidated identical input bits for $mux cell $memory$flatten\controller.\core.\permutation.$auto$proc_rom.cc:155:do_switch$1472$rdmux[0][3][4]$7456:
      Old ports: A=8'10110100, B=8'10100101, Y=$memory$flatten\controller.\core.\permutation.$auto$proc_rom.cc:155:do_switch$1472$rdmux[0][2][2]$a$7439
      New ports: A=2'10, B=2'01, Y={ $memory$flatten\controller.\core.\permutation.$auto$proc_rom.cc:155:do_switch$1472$rdmux[0][2][2]$a$7439 [4] $memory$flatten\controller.\core.\permutation.$auto$proc_rom.cc:155:do_switch$1472$rdmux[0][2][2]$a$7439 [0] }
      New connections: { $memory$flatten\controller.\core.\permutation.$auto$proc_rom.cc:155:do_switch$1472$rdmux[0][2][2]$a$7439 [7:5] $memory$flatten\controller.\core.\permutation.$auto$proc_rom.cc:155:do_switch$1472$rdmux[0][2][2]$a$7439 [3:1] } = 6'101010
    Consolidated identical input bits for $mux cell $memory$flatten\controller.\core.\permutation.$auto$proc_rom.cc:155:do_switch$1472$rdmux[0][3][3]$7453:
      Old ports: A=8'11010010, B=8'11000011, Y=$memory$flatten\controller.\core.\permutation.$auto$proc_rom.cc:155:do_switch$1472$rdmux[0][2][1]$b$7437
      New ports: A=2'10, B=2'01, Y={ $memory$flatten\controller.\core.\permutation.$auto$proc_rom.cc:155:do_switch$1472$rdmux[0][2][1]$b$7437 [4] $memory$flatten\controller.\core.\permutation.$auto$proc_rom.cc:155:do_switch$1472$rdmux[0][2][1]$b$7437 [0] }
      New connections: { $memory$flatten\controller.\core.\permutation.$auto$proc_rom.cc:155:do_switch$1472$rdmux[0][2][1]$b$7437 [7:5] $memory$flatten\controller.\core.\permutation.$auto$proc_rom.cc:155:do_switch$1472$rdmux[0][2][1]$b$7437 [3:1] } = 6'110001
    Consolidated identical input bits for $mux cell $memory$flatten\controller.\core.\permutation.$auto$proc_rom.cc:155:do_switch$1472$rdmux[0][3][2]$7450:
      Old ports: A=8'11110000, B=8'11100001, Y=$memory$flatten\controller.\core.\permutation.$auto$proc_rom.cc:155:do_switch$1472$rdmux[0][2][1]$a$7436
      New ports: A=2'10, B=2'01, Y={ $memory$flatten\controller.\core.\permutation.$auto$proc_rom.cc:155:do_switch$1472$rdmux[0][2][1]$a$7436 [4] $memory$flatten\controller.\core.\permutation.$auto$proc_rom.cc:155:do_switch$1472$rdmux[0][2][1]$a$7436 [0] }
      New connections: { $memory$flatten\controller.\core.\permutation.$auto$proc_rom.cc:155:do_switch$1472$rdmux[0][2][1]$a$7436 [7:5] $memory$flatten\controller.\core.\permutation.$auto$proc_rom.cc:155:do_switch$1472$rdmux[0][2][1]$a$7436 [3:1] } = 6'111000
    Consolidated identical input bits for $mux cell $memory$flatten\controller.\core.\permutation.$auto$proc_rom.cc:155:do_switch$1472$rdmux[0][3][1]$7447:
      Old ports: A=8'00011110, B=8'00001111, Y=$memory$flatten\controller.\core.\permutation.$auto$proc_rom.cc:155:do_switch$1472$rdmux[0][2][0]$b$7434
      New ports: A=2'10, B=2'01, Y={ $memory$flatten\controller.\core.\permutation.$auto$proc_rom.cc:155:do_switch$1472$rdmux[0][2][0]$b$7434 [4] $memory$flatten\controller.\core.\permutation.$auto$proc_rom.cc:155:do_switch$1472$rdmux[0][2][0]$b$7434 [0] }
      New connections: { $memory$flatten\controller.\core.\permutation.$auto$proc_rom.cc:155:do_switch$1472$rdmux[0][2][0]$b$7434 [7:5] $memory$flatten\controller.\core.\permutation.$auto$proc_rom.cc:155:do_switch$1472$rdmux[0][2][0]$b$7434 [3:1] } = 6'000111
    Consolidated identical input bits for $mux cell $memory$flatten\controller.\core.\permutation.$auto$proc_rom.cc:155:do_switch$1472$rdmux[0][3][0]$7444:
      Old ports: A=8'00111100, B=8'00101101, Y=$memory$flatten\controller.\core.\permutation.$auto$proc_rom.cc:155:do_switch$1472$rdmux[0][2][0]$a$7433
      New ports: A=2'10, B=2'01, Y={ $memory$flatten\controller.\core.\permutation.$auto$proc_rom.cc:155:do_switch$1472$rdmux[0][2][0]$a$7433 [4] $memory$flatten\controller.\core.\permutation.$auto$proc_rom.cc:155:do_switch$1472$rdmux[0][2][0]$a$7433 [0] }
      New connections: { $memory$flatten\controller.\core.\permutation.$auto$proc_rom.cc:155:do_switch$1472$rdmux[0][2][0]$a$7433 [7:5] $memory$flatten\controller.\core.\permutation.$auto$proc_rom.cc:155:do_switch$1472$rdmux[0][2][0]$a$7433 [3:1] } = 6'001110
    Consolidated identical input bits for $mux cell $auto$share.cc:661:make_supercell$7094:
      Old ports: A={ \controller.core.ad_length_reg [3:0] 3'000 }, B={ \controller.core.data_length_reg [3:0] 3'000 }, Y=$auto$share.cc:658:make_supercell$7092
      New ports: A=\controller.core.ad_length_reg [3:0], B=\controller.core.data_length_reg [3:0], Y=$auto$share.cc:658:make_supercell$7092 [6:3]
      New connections: $auto$share.cc:658:make_supercell$7092 [2:0] = 3'000
    Consolidated identical input bits for $pmux cell $flatten\controller.\core.$procmux$3209:
      Old ports: A=0, B={ 32'00000000000000000000000000000000 $flatten\controller.\core.$add$rtl/ascon_core.sv:211$1060_Y [31:4] 36'xxxx00000000000000000000000000000000 $flatten\controller.\core.$add$rtl/ascon_core.sv:211$1060_Y [31:4] 4'x }, Y=$flatten\controller.\core.$procmux$3209_Y
      New ports: A=29'00000000000000000000000000000, B={ 29'00000000000000000000000000000 $flatten\controller.\core.$add$rtl/ascon_core.sv:211$1060_Y [31:4] 30'x00000000000000000000000000000 $flatten\controller.\core.$add$rtl/ascon_core.sv:211$1060_Y [31:4] 1'x }, Y={ $flatten\controller.\core.$procmux$3209_Y [31:4] $flatten\controller.\core.$procmux$3209_Y [0] }
      New connections: $flatten\controller.\core.$procmux$3209_Y [3:1] = { $flatten\controller.\core.$procmux$3209_Y [0] $flatten\controller.\core.$procmux$3209_Y [0] $flatten\controller.\core.$procmux$3209_Y [0] }
    New ctrl vector for $pmux cell $flatten\controller.\core.$procmux$3209: $auto$opt_reduce.cc:137:opt_pmux$7469
    Consolidated identical input bits for $pmux cell $flatten\controller.\core.$procmux$3168:
      Old ports: A=5'01100, B=10'0100001000, Y=$flatten\controller.\core.$procmux$3168_Y
      New ports: A=1'1, B=2'00, Y=$flatten\controller.\core.$procmux$3168_Y [2]
      New connections: { $flatten\controller.\core.$procmux$3168_Y [4:3] $flatten\controller.\core.$procmux$3168_Y [1:0] } = 4'0100
    New ctrl vector for $pmux cell $flatten\controller.\core.$procmux$3168: $auto$opt_reduce.cc:137:opt_pmux$7471
    Consolidated identical input bits for $mux cell $memory$flatten\controller.\core.\permutation.$auto$proc_rom.cc:155:do_switch$1472$rdmux[0][3][7]$7465:
      Old ports: A=8'01011010, B=8'01001011, Y=$memory$flatten\controller.\core.\permutation.$auto$proc_rom.cc:155:do_switch$1472$rdmux[0][2][3]$b$7443
      New ports: A=2'10, B=2'01, Y={ $memory$flatten\controller.\core.\permutation.$auto$proc_rom.cc:155:do_switch$1472$rdmux[0][2][3]$b$7443 [4] $memory$flatten\controller.\core.\permutation.$auto$proc_rom.cc:155:do_switch$1472$rdmux[0][2][3]$b$7443 [0] }
      New connections: { $memory$flatten\controller.\core.\permutation.$auto$proc_rom.cc:155:do_switch$1472$rdmux[0][2][3]$b$7443 [7:5] $memory$flatten\controller.\core.\permutation.$auto$proc_rom.cc:155:do_switch$1472$rdmux[0][2][3]$b$7443 [3:1] } = 6'010101
    New ctrl vector for $pmux cell $flatten\controller.$procmux$5255: \controller.phase [8]
    Consolidated identical input bits for $mux cell $flatten\controller.\core.\permutation.$procmux$5742:
      Old ports: A={ 56'00000000000000000000000000000000000000000000000000000000 $flatten\controller.\core.\permutation.$auto$proc_rom.cc:154:do_switch$1471 [7:0] }, B=64'0000000000000000000000000000000000000000000000000000000000000000, Y=$flatten\controller.\core.\permutation.$0\ascon_round$func$rtl/ascon_permutation.sv:97$2.constant_value[63:0]$18
      New ports: A=$flatten\controller.\core.\permutation.$auto$proc_rom.cc:154:do_switch$1471 [7:0], B=8'00000000, Y=$flatten\controller.\core.\permutation.$0\ascon_round$func$rtl/ascon_permutation.sv:97$2.constant_value[63:0]$18 [7:0]
      New connections: $flatten\controller.\core.\permutation.$0\ascon_round$func$rtl/ascon_permutation.sv:97$2.constant_value[63:0]$18 [63:8] = 56'00000000000000000000000000000000000000000000000000000000
    New ctrl vector for $pmux cell $flatten\controller.$procmux$5506: \controller.phase [0]
  Optimizing cells in module \secure_tiny_top.
    Consolidated identical input bits for $mux cell $memory$flatten\controller.\core.\permutation.$auto$proc_rom.cc:155:do_switch$1472$rdmux[0][2][3]$7441:
      Old ports: A=$memory$flatten\controller.\core.\permutation.$auto$proc_rom.cc:155:do_switch$1472$rdmux[0][2][3]$a$7442, B=$memory$flatten\controller.\core.\permutation.$auto$proc_rom.cc:155:do_switch$1472$rdmux[0][2][3]$b$7443, Y=$memory$flatten\controller.\core.\permutation.$auto$proc_rom.cc:155:do_switch$1472$rdmux[0][1][1]$b$7431
      New ports: A={ 1'1 $memory$flatten\controller.\core.\permutation.$auto$proc_rom.cc:155:do_switch$1472$rdmux[0][2][3]$a$7442 [4] 1'0 $memory$flatten\controller.\core.\permutation.$auto$proc_rom.cc:155:do_switch$1472$rdmux[0][2][3]$a$7442 [0] }, B={ 1'0 $memory$flatten\controller.\core.\permutation.$auto$proc_rom.cc:155:do_switch$1472$rdmux[0][2][3]$b$7443 [4] 1'1 $memory$flatten\controller.\core.\permutation.$auto$proc_rom.cc:155:do_switch$1472$rdmux[0][2][3]$b$7443 [0] }, Y={ $memory$flatten\controller.\core.\permutation.$auto$proc_rom.cc:155:do_switch$1472$rdmux[0][1][1]$b$7431 [5:4] $memory$flatten\controller.\core.\permutation.$auto$proc_rom.cc:155:do_switch$1472$rdmux[0][1][1]$b$7431 [1:0] }
      New connections: { $memory$flatten\controller.\core.\permutation.$auto$proc_rom.cc:155:do_switch$1472$rdmux[0][1][1]$b$7431 [7:6] $memory$flatten\controller.\core.\permutation.$auto$proc_rom.cc:155:do_switch$1472$rdmux[0][1][1]$b$7431 [3:2] } = 4'0110
    Consolidated identical input bits for $mux cell $memory$flatten\controller.\core.\permutation.$auto$proc_rom.cc:155:do_switch$1472$rdmux[0][2][2]$7438:
      Old ports: A=$memory$flatten\controller.\core.\permutation.$auto$proc_rom.cc:155:do_switch$1472$rdmux[0][2][2]$a$7439, B=$memory$flatten\controller.\core.\permutation.$auto$proc_rom.cc:155:do_switch$1472$rdmux[0][2][2]$b$7440, Y=$memory$flatten\controller.\core.\permutation.$auto$proc_rom.cc:155:do_switch$1472$rdmux[0][1][1]$a$7430
      New ports: A={ 1'1 $memory$flatten\controller.\core.\permutation.$auto$proc_rom.cc:155:do_switch$1472$rdmux[0][2][2]$a$7439 [4] 1'0 $memory$flatten\controller.\core.\permutation.$auto$proc_rom.cc:155:do_switch$1472$rdmux[0][2][2]$a$7439 [0] }, B={ 1'0 $memory$flatten\controller.\core.\permutation.$auto$proc_rom.cc:155:do_switch$1472$rdmux[0][2][2]$b$7440 [4] 1'1 $memory$flatten\controller.\core.\permutation.$auto$proc_rom.cc:155:do_switch$1472$rdmux[0][2][2]$b$7440 [0] }, Y={ $memory$flatten\controller.\core.\permutation.$auto$proc_rom.cc:155:do_switch$1472$rdmux[0][1][1]$a$7430 [5:4] $memory$flatten\controller.\core.\permutation.$auto$proc_rom.cc:155:do_switch$1472$rdmux[0][1][1]$a$7430 [1:0] }
      New connections: { $memory$flatten\controller.\core.\permutation.$auto$proc_rom.cc:155:do_switch$1472$rdmux[0][1][1]$a$7430 [7:6] $memory$flatten\controller.\core.\permutation.$auto$proc_rom.cc:155:do_switch$1472$rdmux[0][1][1]$a$7430 [3:2] } = 4'1001
    Consolidated identical input bits for $mux cell $memory$flatten\controller.\core.\permutation.$auto$proc_rom.cc:155:do_switch$1472$rdmux[0][2][1]$7435:
      Old ports: A=$memory$flatten\controller.\core.\permutation.$auto$proc_rom.cc:155:do_switch$1472$rdmux[0][2][1]$a$7436, B=$memory$flatten\controller.\core.\permutation.$auto$proc_rom.cc:155:do_switch$1472$rdmux[0][2][1]$b$7437, Y=$memory$flatten\controller.\core.\permutation.$auto$proc_rom.cc:155:do_switch$1472$rdmux[0][1][0]$b$7428
      New ports: A={ 1'1 $memory$flatten\controller.\core.\permutation.$auto$proc_rom.cc:155:do_switch$1472$rdmux[0][2][1]$a$7436 [4] 1'0 $memory$flatten\controller.\core.\permutation.$auto$proc_rom.cc:155:do_switch$1472$rdmux[0][2][1]$a$7436 [0] }, B={ 1'0 $memory$flatten\controller.\core.\permutation.$auto$proc_rom.cc:155:do_switch$1472$rdmux[0][2][1]$b$7437 [4] 1'1 $memory$flatten\controller.\core.\permutation.$auto$proc_rom.cc:155:do_switch$1472$rdmux[0][2][1]$b$7437 [0] }, Y={ $memory$flatten\controller.\core.\permutation.$auto$proc_rom.cc:155:do_switch$1472$rdmux[0][1][0]$b$7428 [5:4] $memory$flatten\controller.\core.\permutation.$auto$proc_rom.cc:155:do_switch$1472$rdmux[0][1][0]$b$7428 [1:0] }
      New connections: { $memory$flatten\controller.\core.\permutation.$auto$proc_rom.cc:155:do_switch$1472$rdmux[0][1][0]$b$7428 [7:6] $memory$flatten\controller.\core.\permutation.$auto$proc_rom.cc:155:do_switch$1472$rdmux[0][1][0]$b$7428 [3:2] } = 4'1100
    Consolidated identical input bits for $mux cell $memory$flatten\controller.\core.\permutation.$auto$proc_rom.cc:155:do_switch$1472$rdmux[0][2][0]$7432:
      Old ports: A=$memory$flatten\controller.\core.\permutation.$auto$proc_rom.cc:155:do_switch$1472$rdmux[0][2][0]$a$7433, B=$memory$flatten\controller.\core.\permutation.$auto$proc_rom.cc:155:do_switch$1472$rdmux[0][2][0]$b$7434, Y=$memory$flatten\controller.\core.\permutation.$auto$proc_rom.cc:155:do_switch$1472$rdmux[0][1][0]$a$7427
      New ports: A={ 1'1 $memory$flatten\controller.\core.\permutation.$auto$proc_rom.cc:155:do_switch$1472$rdmux[0][2][0]$a$7433 [4] 1'0 $memory$flatten\controller.\core.\permutation.$auto$proc_rom.cc:155:do_switch$1472$rdmux[0][2][0]$a$7433 [0] }, B={ 1'0 $memory$flatten\controller.\core.\permutation.$auto$proc_rom.cc:155:do_switch$1472$rdmux[0][2][0]$b$7434 [4] 1'1 $memory$flatten\controller.\core.\permutation.$auto$proc_rom.cc:155:do_switch$1472$rdmux[0][2][0]$b$7434 [0] }, Y={ $memory$flatten\controller.\core.\permutation.$auto$proc_rom.cc:155:do_switch$1472$rdmux[0][1][0]$a$7427 [5:4] $memory$flatten\controller.\core.\permutation.$auto$proc_rom.cc:155:do_switch$1472$rdmux[0][1][0]$a$7427 [1:0] }
      New connections: { $memory$flatten\controller.\core.\permutation.$auto$proc_rom.cc:155:do_switch$1472$rdmux[0][1][0]$a$7427 [7:6] $memory$flatten\controller.\core.\permutation.$auto$proc_rom.cc:155:do_switch$1472$rdmux[0][1][0]$a$7427 [3:2] } = 4'0011
  Optimizing cells in module \secure_tiny_top.
    Consolidated identical input bits for $mux cell $memory$flatten\controller.\core.\permutation.$auto$proc_rom.cc:155:do_switch$1472$rdmux[0][1][1]$7429:
      Old ports: A=$memory$flatten\controller.\core.\permutation.$auto$proc_rom.cc:155:do_switch$1472$rdmux[0][1][1]$a$7430, B=$memory$flatten\controller.\core.\permutation.$auto$proc_rom.cc:155:do_switch$1472$rdmux[0][1][1]$b$7431, Y=$memory$flatten\controller.\core.\permutation.$auto$proc_rom.cc:155:do_switch$1472$rdmux[0][0][0]$b$7425
      New ports: A={ $memory$flatten\controller.\core.\permutation.$auto$proc_rom.cc:155:do_switch$1472$rdmux[0][1][1]$a$7430 [5:4] 2'01 $memory$flatten\controller.\core.\permutation.$auto$proc_rom.cc:155:do_switch$1472$rdmux[0][1][1]$a$7430 [1:0] }, B={ $memory$flatten\controller.\core.\permutation.$auto$proc_rom.cc:155:do_switch$1472$rdmux[0][1][1]$b$7431 [5:4] 2'10 $memory$flatten\controller.\core.\permutation.$auto$proc_rom.cc:155:do_switch$1472$rdmux[0][1][1]$b$7431 [1:0] }, Y=$memory$flatten\controller.\core.\permutation.$auto$proc_rom.cc:155:do_switch$1472$rdmux[0][0][0]$b$7425 [5:0]
      New connections: $memory$flatten\controller.\core.\permutation.$auto$proc_rom.cc:155:do_switch$1472$rdmux[0][0][0]$b$7425 [7:6] = { $memory$flatten\controller.\core.\permutation.$auto$proc_rom.cc:155:do_switch$1472$rdmux[0][0][0]$b$7425 [2] $memory$flatten\controller.\core.\permutation.$auto$proc_rom.cc:155:do_switch$1472$rdmux[0][0][0]$b$7425 [3] }
    Consolidated identical input bits for $mux cell $memory$flatten\controller.\core.\permutation.$auto$proc_rom.cc:155:do_switch$1472$rdmux[0][1][0]$7426:
      Old ports: A=$memory$flatten\controller.\core.\permutation.$auto$proc_rom.cc:155:do_switch$1472$rdmux[0][1][0]$a$7427, B=$memory$flatten\controller.\core.\permutation.$auto$proc_rom.cc:155:do_switch$1472$rdmux[0][1][0]$b$7428, Y=$memory$flatten\controller.\core.\permutation.$auto$proc_rom.cc:155:do_switch$1472$rdmux[0][0][0]$a$7424
      New ports: A={ 1'0 $memory$flatten\controller.\core.\permutation.$auto$proc_rom.cc:155:do_switch$1472$rdmux[0][1][0]$a$7427 [5:4] 1'1 $memory$flatten\controller.\core.\permutation.$auto$proc_rom.cc:155:do_switch$1472$rdmux[0][1][0]$a$7427 [1:0] }, B={ 1'1 $memory$flatten\controller.\core.\permutation.$auto$proc_rom.cc:155:do_switch$1472$rdmux[0][1][0]$b$7428 [5:4] 1'0 $memory$flatten\controller.\core.\permutation.$auto$proc_rom.cc:155:do_switch$1472$rdmux[0][1][0]$b$7428 [1:0] }, Y={ $memory$flatten\controller.\core.\permutation.$auto$proc_rom.cc:155:do_switch$1472$rdmux[0][0][0]$a$7424 [6:4] $memory$flatten\controller.\core.\permutation.$auto$proc_rom.cc:155:do_switch$1472$rdmux[0][0][0]$a$7424 [2:0] }
      New connections: { $memory$flatten\controller.\core.\permutation.$auto$proc_rom.cc:155:do_switch$1472$rdmux[0][0][0]$a$7424 [7] $memory$flatten\controller.\core.\permutation.$auto$proc_rom.cc:155:do_switch$1472$rdmux[0][0][0]$a$7424 [3] } = { $memory$flatten\controller.\core.\permutation.$auto$proc_rom.cc:155:do_switch$1472$rdmux[0][0][0]$a$7424 [6] $memory$flatten\controller.\core.\permutation.$auto$proc_rom.cc:155:do_switch$1472$rdmux[0][0][0]$a$7424 [2] }
  Optimizing cells in module \secure_tiny_top.
Performed a total of 24 changes.

13.21.5. Executing OPT_MERGE pass (detect identical cells).
Finding identical cells in module `\secure_tiny_top'.
Computing hashes of 944 cells of `\secure_tiny_top'.
Finding duplicate cells in `\secure_tiny_top'.
Computing hashes of 936 cells of `\secure_tiny_top'.
Finding duplicate cells in `\secure_tiny_top'.
Computing hashes of 933 cells of `\secure_tiny_top'.
Finding duplicate cells in `\secure_tiny_top'.
<suppressed ~33 debug messages>
Removed a total of 11 cells.

13.21.6. Executing OPT_SHARE pass.
    Found cells that share an operand and can be merged by moving the $mux $flatten\controller.\core.$procmux$1504 in front of them:
        $flatten\controller.\core.$xor$rtl/ascon_core.sv:214$1061
        $flatten\controller.\core.$xor$rtl/ascon_core.sv:209$1058

    Found cells that share an operand and can be merged by moving the $mux $flatten\controller.\core.$procmux$2486 in front of them:
        $flatten\controller.\core.$xor$rtl/ascon_core.sv:215$1062
        $flatten\controller.\core.$xor$rtl/ascon_core.sv:210$1059

13.21.7. Executing OPT_DFF pass (perform DFF optimizations).
Setting constant 0-bit at position 0 on $auto$ff.cc:337:slice$6350 ($sdffe) from module secure_tiny_top.
Setting constant 0-bit at position 1 on $auto$ff.cc:337:slice$6350 ($sdffe) from module secure_tiny_top.
Setting constant 0-bit at position 4 on $auto$ff.cc:337:slice$6350 ($sdffe) from module secure_tiny_top.

13.21.8. Executing OPT_CLEAN pass (remove unused cells and wires).
Finding unused cells or wires in module \secure_tiny_top..
Removed 1 unused cells and 32 unused wires.
<suppressed ~2 debug messages>

13.21.9. Executing OPT_EXPR pass (perform const folding).
Optimizing module secure_tiny_top.
<suppressed ~17 debug messages>

13.21.10. Rerunning OPT passes. (Maybe there is more to do..)

13.21.11. Executing OPT_MUXTREE pass (detect dead branches in mux trees).
Running muxtree optimizer on module \secure_tiny_top..
  Creating internal representation of mux trees.
  Evaluating internal representation of mux trees.
  Analyzing evaluation results.
    dead port 1/2 on $mux $flatten\controller.\core.$procmux$4729.
    dead port 2/2 on $mux $flatten\controller.\core.$procmux$4888.
Removed 2 multiplexer ports.
<suppressed ~302 debug messages>

13.21.12. Executing OPT_REDUCE pass (consolidate $*mux and $reduce_* inputs).
  Optimizing cells in module \secure_tiny_top.
    Consolidated identical input bits for $mux cell $memory$flatten\controller.\core.\permutation.$auto$proc_rom.cc:155:do_switch$1472$rdmux[0][2][3]$7441:
      Old ports: A={ 1'1 $memory$flatten\controller.\core.\permutation.$auto$proc_rom.cc:155:do_switch$1472$rdmux[0][2][0]$a$7433 [4] 1'0 $memory$flatten\controller.\core.\permutation.$auto$proc_rom.cc:155:do_switch$1472$rdmux[0][2][0]$a$7433 [0] }, B={ 1'0 $memory$flatten\controller.\core.\permutation.$auto$proc_rom.cc:155:do_switch$1472$rdmux[0][2][0]$a$7433 [4] 1'1 $memory$flatten\controller.\core.\permutation.$auto$proc_rom.cc:155:do_switch$1472$rdmux[0][2][0]$a$7433 [0] }, Y={ $memory$flatten\controller.\core.\permutation.$auto$proc_rom.cc:155:do_switch$1472$rdmux[0][1][0]$a$7427 [5:4] $memory$flatten\controller.\core.\permutation.$auto$proc_rom.cc:155:do_switch$1472$rdmux[0][1][0]$a$7427 [1:0] }
      New ports: A=2'10, B=2'01, Y={ $memory$flatten\controller.\core.\permutation.$auto$proc_rom.cc:155:do_switch$1472$rdmux[0][1][0]$a$7427 [5] $memory$flatten\controller.\core.\permutation.$auto$proc_rom.cc:155:do_switch$1472$rdmux[0][1][0]$a$7427 [1] }
      New connections: { $memory$flatten\controller.\core.\permutation.$auto$proc_rom.cc:155:do_switch$1472$rdmux[0][1][0]$a$7427 [4] $memory$flatten\controller.\core.\permutation.$auto$proc_rom.cc:155:do_switch$1472$rdmux[0][1][0]$a$7427 [0] } = { $memory$flatten\controller.\core.\permutation.$auto$proc_rom.cc:155:do_switch$1472$rdmux[0][2][0]$a$7433 [4] $memory$flatten\controller.\core.\permutation.$auto$proc_rom.cc:155:do_switch$1472$rdmux[0][2][0]$a$7433 [0] }
    Consolidated identical input bits for $mux cell $memory$flatten\controller.\core.\permutation.$auto$proc_rom.cc:155:do_switch$1472$rdmux[0][1][1]$7429:
      Old ports: A={ $memory$flatten\controller.\core.\permutation.$auto$proc_rom.cc:155:do_switch$1472$rdmux[0][1][0]$a$7427 [5:4] 2'01 $memory$flatten\controller.\core.\permutation.$auto$proc_rom.cc:155:do_switch$1472$rdmux[0][1][0]$a$7427 [1:0] }, B={ $memory$flatten\controller.\core.\permutation.$auto$proc_rom.cc:155:do_switch$1472$rdmux[0][1][0]$a$7427 [5:4] 2'10 $memory$flatten\controller.\core.\permutation.$auto$proc_rom.cc:155:do_switch$1472$rdmux[0][1][0]$a$7427 [1:0] }, Y=$memory$flatten\controller.\core.\permutation.$auto$proc_rom.cc:155:do_switch$1472$rdmux[0][0][0]$b$7425 [5:0]
      New ports: A=2'01, B=2'10, Y=$memory$flatten\controller.\core.\permutation.$auto$proc_rom.cc:155:do_switch$1472$rdmux[0][0][0]$b$7425 [3:2]
      New connections: { $memory$flatten\controller.\core.\permutation.$auto$proc_rom.cc:155:do_switch$1472$rdmux[0][0][0]$b$7425 [5:4] $memory$flatten\controller.\core.\permutation.$auto$proc_rom.cc:155:do_switch$1472$rdmux[0][0][0]$b$7425 [1:0] } = { $memory$flatten\controller.\core.\permutation.$auto$proc_rom.cc:155:do_switch$1472$rdmux[0][1][0]$a$7427 [5:4] $memory$flatten\controller.\core.\permutation.$auto$proc_rom.cc:155:do_switch$1472$rdmux[0][1][0]$a$7427 [1:0] }
    Consolidated identical input bits for $mux cell $memory$flatten\controller.\core.\permutation.$auto$proc_rom.cc:155:do_switch$1472$rdmux[0][1][0]$7426:
      Old ports: A={ 1'0 $memory$flatten\controller.\core.\permutation.$auto$proc_rom.cc:155:do_switch$1472$rdmux[0][1][0]$a$7427 [5:4] 1'1 $memory$flatten\controller.\core.\permutation.$auto$proc_rom.cc:155:do_switch$1472$rdmux[0][1][0]$a$7427 [1:0] }, B={ 1'1 $memory$flatten\controller.\core.\permutation.$auto$proc_rom.cc:155:do_switch$1472$rdmux[0][1][0]$a$7427 [5:4] 1'0 $memory$flatten\controller.\core.\permutation.$auto$proc_rom.cc:155:do_switch$1472$rdmux[0][1][0]$a$7427 [1:0] }, Y={ $memory$flatten\controller.\core.\permutation.$auto$proc_rom.cc:155:do_switch$1472$rdmux[0][0][0]$a$7424 [6:4] $memory$flatten\controller.\core.\permutation.$auto$proc_rom.cc:155:do_switch$1472$rdmux[0][0][0]$a$7424 [2:0] }
      New ports: A=2'01, B=2'10, Y={ $memory$flatten\controller.\core.\permutation.$auto$proc_rom.cc:155:do_switch$1472$rdmux[0][0][0]$a$7424 [6] $memory$flatten\controller.\core.\permutation.$auto$proc_rom.cc:155:do_switch$1472$rdmux[0][0][0]$a$7424 [2] }
      New connections: { $memory$flatten\controller.\core.\permutation.$auto$proc_rom.cc:155:do_switch$1472$rdmux[0][0][0]$a$7424 [5:4] $memory$flatten\controller.\core.\permutation.$auto$proc_rom.cc:155:do_switch$1472$rdmux[0][0][0]$a$7424 [1:0] } = { $memory$flatten\controller.\core.\permutation.$auto$proc_rom.cc:155:do_switch$1472$rdmux[0][1][0]$a$7427 [5:4] $memory$flatten\controller.\core.\permutation.$auto$proc_rom.cc:155:do_switch$1472$rdmux[0][1][0]$a$7427 [1:0] }
  Optimizing cells in module \secure_tiny_top.
    Consolidated identical input bits for $mux cell $memory$flatten\controller.\core.\permutation.$auto$proc_rom.cc:155:do_switch$1472$rdmux[0][0][0]$7423:
      Old ports: A={ $memory$flatten\controller.\core.\permutation.$auto$proc_rom.cc:155:do_switch$1472$rdmux[0][0][0]$a$7424 [6] $memory$flatten\controller.\core.\permutation.$auto$proc_rom.cc:155:do_switch$1472$rdmux[0][0][0]$a$7424 [6:4] $memory$flatten\controller.\core.\permutation.$auto$proc_rom.cc:155:do_switch$1472$rdmux[0][0][0]$a$7424 [2] $memory$flatten\controller.\core.\permutation.$auto$proc_rom.cc:155:do_switch$1472$rdmux[0][0][0]$a$7424 [2:0] }, B={ $memory$flatten\controller.\core.\permutation.$auto$proc_rom.cc:155:do_switch$1472$rdmux[0][0][0]$b$7425 [2] $memory$flatten\controller.\core.\permutation.$auto$proc_rom.cc:155:do_switch$1472$rdmux[0][0][0]$b$7425 [3] $memory$flatten\controller.\core.\permutation.$auto$proc_rom.cc:155:do_switch$1472$rdmux[0][0][0]$b$7425 [5:0] }, Y=$flatten\controller.\core.\permutation.$auto$proc_rom.cc:154:do_switch$1471 [7:0]
      New ports: A={ $memory$flatten\controller.\core.\permutation.$auto$proc_rom.cc:155:do_switch$1472$rdmux[0][0][0]$a$7424 [6] $memory$flatten\controller.\core.\permutation.$auto$proc_rom.cc:155:do_switch$1472$rdmux[0][0][0]$a$7424 [6] $memory$flatten\controller.\core.\permutation.$auto$proc_rom.cc:155:do_switch$1472$rdmux[0][0][0]$a$7424 [2] $memory$flatten\controller.\core.\permutation.$auto$proc_rom.cc:155:do_switch$1472$rdmux[0][0][0]$a$7424 [2] }, B={ $memory$flatten\controller.\core.\permutation.$auto$proc_rom.cc:155:do_switch$1472$rdmux[0][0][0]$b$7425 [2] $memory$flatten\controller.\core.\permutation.$auto$proc_rom.cc:155:do_switch$1472$rdmux[0][0][0]$b$7425 [3] $memory$flatten\controller.\core.\permutation.$auto$proc_rom.cc:155:do_switch$1472$rdmux[0][0][0]$b$7425 [3:2] }, Y={ $flatten\controller.\core.\permutation.$auto$proc_rom.cc:154:do_switch$1471 [7:6] $flatten\controller.\core.\permutation.$auto$proc_rom.cc:154:do_switch$1471 [3:2] }
      New connections: { $flatten\controller.\core.\permutation.$auto$proc_rom.cc:154:do_switch$1471 [5:4] $flatten\controller.\core.\permutation.$auto$proc_rom.cc:154:do_switch$1471 [1:0] } = { $memory$flatten\controller.\core.\permutation.$auto$proc_rom.cc:155:do_switch$1472$rdmux[0][1][0]$a$7427 [5] $memory$flatten\controller.\core.\permutation.$auto$proc_rom.cc:155:do_switch$1472$rdmux[0][2][0]$a$7433 [4] $memory$flatten\controller.\core.\permutation.$auto$proc_rom.cc:155:do_switch$1472$rdmux[0][1][0]$a$7427 [1] $memory$flatten\controller.\core.\permutation.$auto$proc_rom.cc:155:do_switch$1472$rdmux[0][2][0]$a$7433 [0] }
  Optimizing cells in module \secure_tiny_top.
Performed a total of 4 changes.

13.21.13. Executing OPT_MERGE pass (detect identical cells).
Finding identical cells in module `\secure_tiny_top'.
Computing hashes of 927 cells of `\secure_tiny_top'.
Finding duplicate cells in `\secure_tiny_top'.
Computing hashes of 925 cells of `\secure_tiny_top'.
Finding duplicate cells in `\secure_tiny_top'.
<suppressed ~8 debug messages>
Removed a total of 2 cells.

13.21.14. Executing OPT_SHARE pass.

13.21.15. Executing OPT_DFF pass (perform DFF optimizations).
Setting constant 0-bit at position 0 on $auto$ff.cc:337:slice$6177 ($sdffe) from module secure_tiny_top.
Setting constant 0-bit at position 1 on $auto$ff.cc:337:slice$6177 ($sdffe) from module secure_tiny_top.
Setting constant 0-bit at position 4 on $auto$ff.cc:337:slice$6177 ($sdffe) from module secure_tiny_top.

13.21.16. Executing OPT_CLEAN pass (remove unused cells and wires).
Finding unused cells or wires in module \secure_tiny_top..
Removed 0 unused cells and 19 unused wires.
<suppressed ~1 debug messages>

13.21.17. Executing OPT_EXPR pass (perform const folding).
Optimizing module secure_tiny_top.
<suppressed ~4 debug messages>

13.21.18. Rerunning OPT passes. (Maybe there is more to do..)

13.21.19. Executing OPT_MUXTREE pass (detect dead branches in mux trees).
Running muxtree optimizer on module \secure_tiny_top..
  Creating internal representation of mux trees.
  Evaluating internal representation of mux trees.
  Analyzing evaluation results.
Removed 0 multiplexer ports.
<suppressed ~281 debug messages>

13.21.20. Executing OPT_REDUCE pass (consolidate $*mux and $reduce_* inputs).
  Optimizing cells in module \secure_tiny_top.
    Consolidated identical input bits for $mux cell $memory$flatten\controller.\core.\permutation.$auto$proc_rom.cc:155:do_switch$1472$rdmux[0][0][0]$7423:
      Old ports: A={ $memory$flatten\controller.\core.\permutation.$auto$proc_rom.cc:155:do_switch$1472$rdmux[0][0][0]$a$7424 [6] $memory$flatten\controller.\core.\permutation.$auto$proc_rom.cc:155:do_switch$1472$rdmux[0][0][0]$a$7424 [6] $memory$flatten\controller.\core.\permutation.$auto$proc_rom.cc:155:do_switch$1472$rdmux[0][0][0]$a$7424 [2] $memory$flatten\controller.\core.\permutation.$auto$proc_rom.cc:155:do_switch$1472$rdmux[0][0][0]$a$7424 [2] }, B={ $memory$flatten\controller.\core.\permutation.$auto$proc_rom.cc:155:do_switch$1472$rdmux[0][0][0]$a$7424 [2] $memory$flatten\controller.\core.\permutation.$auto$proc_rom.cc:155:do_switch$1472$rdmux[0][0][0]$a$7424 [6] $memory$flatten\controller.\core.\permutation.$auto$proc_rom.cc:155:do_switch$1472$rdmux[0][0][0]$a$7424 [6] $memory$flatten\controller.\core.\permutation.$auto$proc_rom.cc:155:do_switch$1472$rdmux[0][0][0]$a$7424 [2] }, Y={ $flatten\controller.\core.\permutation.$auto$proc_rom.cc:154:do_switch$1471 [7:6] $flatten\controller.\core.\permutation.$auto$proc_rom.cc:154:do_switch$1471 [3:2] }
      New ports: A={ $memory$flatten\controller.\core.\permutation.$auto$proc_rom.cc:155:do_switch$1472$rdmux[0][0][0]$a$7424 [6] $memory$flatten\controller.\core.\permutation.$auto$proc_rom.cc:155:do_switch$1472$rdmux[0][0][0]$a$7424 [2] }, B={ $memory$flatten\controller.\core.\permutation.$auto$proc_rom.cc:155:do_switch$1472$rdmux[0][0][0]$a$7424 [2] $memory$flatten\controller.\core.\permutation.$auto$proc_rom.cc:155:do_switch$1472$rdmux[0][0][0]$a$7424 [6] }, Y={ $flatten\controller.\core.\permutation.$auto$proc_rom.cc:154:do_switch$1471 [7] $flatten\controller.\core.\permutation.$auto$proc_rom.cc:154:do_switch$1471 [3] }
      New connections: { $flatten\controller.\core.\permutation.$auto$proc_rom.cc:154:do_switch$1471 [6] $flatten\controller.\core.\permutation.$auto$proc_rom.cc:154:do_switch$1471 [2] } = { $memory$flatten\controller.\core.\permutation.$auto$proc_rom.cc:155:do_switch$1472$rdmux[0][0][0]$a$7424 [6] $memory$flatten\controller.\core.\permutation.$auto$proc_rom.cc:155:do_switch$1472$rdmux[0][0][0]$a$7424 [2] }
  Optimizing cells in module \secure_tiny_top.
Performed a total of 1 changes.

13.21.21. Executing OPT_MERGE pass (detect identical cells).
Finding identical cells in module `\secure_tiny_top'.
Computing hashes of 926 cells of `\secure_tiny_top'.
Finding duplicate cells in `\secure_tiny_top'.
Computing hashes of 925 cells of `\secure_tiny_top'.
Finding duplicate cells in `\secure_tiny_top'.
<suppressed ~5 debug messages>
Removed a total of 1 cells.

13.21.22. Executing OPT_SHARE pass.

13.21.23. Executing OPT_DFF pass (perform DFF optimizations).

13.21.24. Executing OPT_CLEAN pass (remove unused cells and wires).
Finding unused cells or wires in module \secure_tiny_top..
Removed 0 unused cells and 4 unused wires.
<suppressed ~1 debug messages>

13.21.25. Executing OPT_EXPR pass (perform const folding).
Optimizing module secure_tiny_top.

13.21.26. Rerunning OPT passes. (Maybe there is more to do..)

13.21.27. Executing OPT_MUXTREE pass (detect dead branches in mux trees).
Running muxtree optimizer on module \secure_tiny_top..
  Creating internal representation of mux trees.
  Evaluating internal representation of mux trees.
  Analyzing evaluation results.
Removed 0 multiplexer ports.
<suppressed ~280 debug messages>

13.21.28. Executing OPT_REDUCE pass (consolidate $*mux and $reduce_* inputs).
  Optimizing cells in module \secure_tiny_top.
Performed a total of 0 changes.

13.21.29. Executing OPT_MERGE pass (detect identical cells).
Finding identical cells in module `\secure_tiny_top'.
Computing hashes of 925 cells of `\secure_tiny_top'.
Finding duplicate cells in `\secure_tiny_top'.
Removed a total of 0 cells.

13.21.30. Executing OPT_SHARE pass.

13.21.31. Executing OPT_DFF pass (perform DFF optimizations).

13.21.32. Executing OPT_CLEAN pass (remove unused cells and wires).
Finding unused cells or wires in module \secure_tiny_top..

13.21.33. Executing OPT_EXPR pass (perform const folding).
Optimizing module secure_tiny_top.

13.21.34. Finished fast OPT passes. (There is nothing left to do.)

13.22. Executing TECHMAP pass (map to technology primitives).

13.22.1. Executing Verilog-2005 frontend: Q:\bin\../share/yosys/techmap.v
Parsing Verilog input from `Q:\bin\../share/yosys/techmap.v' to AST representation.
Generating RTLIL representation for module `\_90_simplemap_bool_ops'.
Generating RTLIL representation for module `\_90_simplemap_reduce_ops'.
Generating RTLIL representation for module `\_90_simplemap_logic_ops'.
Generating RTLIL representation for module `\_90_simplemap_compare_ops'.
Generating RTLIL representation for module `\_90_simplemap_various'.
Generating RTLIL representation for module `\_90_simplemap_registers'.
Generating RTLIL representation for module `\_90_shift_ops_shr_shl_sshl_sshr'.
Generating RTLIL representation for module `\_90_shift_shiftx'.
Generating RTLIL representation for module `\_90_fa'.
Generating RTLIL representation for module `\_90_lcu_brent_kung'.
Generating RTLIL representation for module `\_90_alu'.
Generating RTLIL representation for module `\_90_macc'.
Generating RTLIL representation for module `\_90_alumacc'.
Generating RTLIL representation for module `$__div_mod_u'.
Generating RTLIL representation for module `$__div_mod_trunc'.
Generating RTLIL representation for module `\_90_div'.
Generating RTLIL representation for module `\_90_mod'.
Generating RTLIL representation for module `$__div_mod_floor'.
Generating RTLIL representation for module `\_90_divfloor'.
Generating RTLIL representation for module `\_90_modfloor'.
Generating RTLIL representation for module `\_90_pow'.
Generating RTLIL representation for module `\_90_demux'.
Generating RTLIL representation for module `\_90_lut'.
Generating RTLIL representation for module `$connect'.
Generating RTLIL representation for module `$input_port'.
Successfully finished Verilog frontend.

13.22.2. Continuing TECHMAP pass.
Using template $paramod$78e969f2586efcf3a5b0b0440bcca0db83d5cca2\_90_alu for cells of type $alu.
Using template $paramod$fc972a7a46956c1788f3cb5257b53c8f1df2d0cc\_90_alu for cells of type $alu.
Using extmapper simplemap for cells of type $sdffe.
Using extmapper simplemap for cells of type $xor.
Using extmapper simplemap for cells of type $mux.
Using extmapper simplemap for cells of type $reduce_or.
Using extmapper simplemap for cells of type $reduce_and.
Using extmapper simplemap for cells of type $not.
Using extmapper simplemap for cells of type $ne.
Using extmapper simplemap for cells of type $or.
Using extmapper simplemap for cells of type $and.
Using template $paramod$b18e16801adf491a64caa0542270798e5d4ac6b6\_90_alu for cells of type $alu.
Using template $paramod$constmap:706c0eb3e530f82a75236343d0a170f27093f065$paramod$0b7ef1ec7ff4cd51af214180028bea8c50fdcd6a\_90_shift_ops_shr_shl_sshl_sshr for cells of type $shl.
Using extmapper simplemap for cells of type $eq.
Using template $paramod$99501223b6f7e5af250351eeb57edb5403a5ad0b\_90_alu for cells of type $alu.
Using template $paramod$6a42b6fefed750f8a1c58eab59479d960557103c\_90_alu for cells of type $alu.
Using template $paramod$672a140277c71df8314410f22acc08d55222c3c7\_90_alu for cells of type $alu.
Using template $paramod$200b9977acfd333433396bc8e744688584077592\_90_alu for cells of type $alu.
Using template $paramod$788c3d57e5abb3a3f89aea6d4acd665be37f4e9b\_90_alu for cells of type $alu.
Using template $paramod$9fe62a4b81638d72bc060d25c78265035b9c879a\_90_alu for cells of type $alu.
Using template $paramod$44a13d10af618e7fbe7b9aad2f6151ffcee1e2fa\_90_alu for cells of type $alu.
Using template $paramod$076c9a7a3f037230073fe14dd4865d470cb48917\_90_alu for cells of type $alu.
Using template $paramod$d901baf1fb63991ac0a40d2e3f4807d372bb57a2\_90_alu for cells of type $alu.
Using template $paramod$80fd49bc875a8a1ceaa5f1b164eef265e92f0909\_90_alu for cells of type $alu.
Using template $paramod$a7817265ef3ab2ee43da53bbd8a90f6450d412d9\_90_alu for cells of type $alu.
Using template $paramod$0084fe719dfe5764ea498b16710fd7fd71f6c8a6\_90_alu for cells of type $alu.
Using template $paramod$b7d8bc51a9f2c27358a2ecf6b8f69c0b21118b89\_90_alu for cells of type $alu.
Using template $paramod$83dd457849c736323edf2edb15923eb27f99c683\_90_alu for cells of type $alu.
Using template $paramod$1a3a0c35c4a4896fbfd612699525c057298e72d2\_90_alu for cells of type $alu.
Using template $paramod$79fc7abbb3333dbd5736999d565fd903198fb1eb\_90_alu for cells of type $alu.
Using template $paramod$d1615bf4e5e328245ffd1550e5fe105901cda77b\_90_alu for cells of type $alu.
Using template $paramod$03eba0cdd46566f6651a3011e0b5671fa6b5e494\_90_alu for cells of type $alu.
Using template $paramod$f85408ed1aa3d09e465edae8a7bf590332ae9f7b\_90_alu for cells of type $alu.
Using template $paramod$7af24cf7f572852703f08ef7a936c59efa2c57af\_90_alu for cells of type $alu.
Using template $paramod$3ac6e4268d0279df14823f25676acf685165517e\_90_alu for cells of type $alu.
Using template $paramod$6b90a16b6f3b57b9c9d958838204f952a01dc262\_90_alu for cells of type $alu.
Using template $paramod$d7c91f8d4ce389beb1bd34b271e05fae2549a2a8\_90_alu for cells of type $alu.
Using template $paramod$5546fdacc672a3d7dd1c41165b00804f01545b36\_90_alu for cells of type $alu.
Using template $paramod$740b056ede97228d3eae64ea2fdc81f0a33e0fe7\_90_alu for cells of type $alu.
Using template $paramod$7e708ae28ab761f11d0fb59d3ffc72f6a4baf5d9\_90_alu for cells of type $alu.
Using template $paramod$adbaf76fa5a3091a329503792521395f8ff4d1a4\_90_alu for cells of type $alu.
Using template $paramod$32a7b7b86c07519b7537abc18e96f0331f97914d\_90_alu for cells of type $alu.
Using template $paramod$fbc7873bff55778c0b3173955b7e4bce1d9d6834\_90_alu for cells of type $alu.
Using extmapper maccmap for cells of type $macc_v2.
  sub { 1'0 \controller.core.permutation.rounds_latched [3:2] 2'00 } (5 bits, unsigned)
  add \controller.core.permutation.round_index (5 bits, unsigned)
  add 5'10000 (5 bits, unsigned)
Using extmapper simplemap for cells of type $sdff.
Using extmapper simplemap for cells of type $reduce_bool.
Using extmapper simplemap for cells of type $dff.
Using extmapper simplemap for cells of type $logic_and.
Using extmapper simplemap for cells of type $logic_not.
Using extmapper simplemap for cells of type $logic_or.
Using template $paramod$constmap:bd0c96c44861cc8ca0aab8d1c42369f50b8126b6$paramod$ec3a5fe9d090f707e227c8899faaed3e3740e17c\_90_shift_shiftx for cells of type $shiftx.
Using template $paramod$constmap:1cca79904b647f7a0ad7bb9e95354ad61f3b1955$paramod$78c76a196c1d6a7f7c3772de6ca2b6c435d6f634\_90_shift_ops_shr_shl_sshl_sshr for cells of type $shr.
Using template $paramod$constmap:344a5d64a882abcb583ebb3313019d5570e90afe$paramod$725c87e39d9cfa8e3f87960d3d9518e9172132b3\_90_shift_shiftx for cells of type $shift.
Analyzing pattern of constant bits for this cell:
Creating constmapped module `$paramod$constmap:f0a22e8369d249422875da2d8b5ddc160fe977df$paramod$725c87e39d9cfa8e3f87960d3d9518e9172132b3\_90_shift_shiftx'.

13.22.87. Executing OPT_MUXTREE pass (detect dead branches in mux trees).
Running muxtree optimizer on module $paramod$constmap:f0a22e8369d249422875da2d8b5ddc160fe977df$paramod$725c87e39d9cfa8e3f87960d3d9518e9172132b3\_90_shift_shiftx..
  Creating internal representation of mux trees.
  Evaluating internal representation of mux trees.
  Analyzing evaluation results.
    dead port 2/2 on $mux $procmux$22816.
    dead port 2/2 on $mux $procmux$22822.
    dead port 2/2 on $mux $procmux$22828.
    dead port 2/2 on $mux $procmux$22834.
    dead port 2/2 on $mux $procmux$22840.
    dead port 2/2 on $mux $procmux$22846.
    dead port 2/2 on $mux $procmux$22852.
    dead port 2/2 on $mux $procmux$22858.
Removed 8 multiplexer ports.
<suppressed ~7098 debug messages>

13.22.88. Executing OPT_EXPR pass (perform const folding).
Optimizing module $paramod$constmap:f0a22e8369d249422875da2d8b5ddc160fe977df$paramod$725c87e39d9cfa8e3f87960d3d9518e9172132b3\_90_shift_shiftx.
<suppressed ~26 debug messages>
Removed 0 unused cells and 13 unused wires.
Using template $paramod$constmap:f0a22e8369d249422875da2d8b5ddc160fe977df$paramod$725c87e39d9cfa8e3f87960d3d9518e9172132b3\_90_shift_shiftx for cells of type $shift.
Using extmapper simplemap for cells of type $pmux.
Using template $paramod\_90_fa\WIDTH=32'00000000000000000000000000000101 for cells of type $fa.
Using extmapper simplemap for cells of type $pos.
Using template $paramod\_90_fa\WIDTH=32'00000000000000000000000000100001 for cells of type $fa.
Using template $paramod\_90_lcu_brent_kung\WIDTH=32'00000000000000000000000000100001 for cells of type $lcu.
Using template $paramod\_90_fa\WIDTH=32'00000000000000000000000000011100 for cells of type $fa.
Using template $paramod\_90_lcu_brent_kung\WIDTH=32'00000000000000000000000000011100 for cells of type $lcu.
Using template $paramod\_90_fa\WIDTH=32'00000000000000000000000000000100 for cells of type $fa.
Using template $paramod\_90_lcu_brent_kung\WIDTH=32'00000000000000000000000000000100 for cells of type $lcu.
Using template $paramod\_90_fa\WIDTH=32'00000000000000000000000000000010 for cells of type $fa.
Using template $paramod\_90_lcu_brent_kung\WIDTH=32'00000000000000000000000000000010 for cells of type $lcu.
Using template $paramod\_90_fa\WIDTH=32'00000000000000000000000000100000 for cells of type $fa.
Using template $paramod\_90_lcu_brent_kung\WIDTH=32'00000000000000000000000000100000 for cells of type $lcu.
Using template $paramod\_90_fa\WIDTH=32'00000000000000000000000000000011 for cells of type $fa.
Using template $paramod\_90_lcu_brent_kung\WIDTH=32'00000000000000000000000000000011 for cells of type $lcu.
Using template $paramod\_90_lcu_brent_kung\WIDTH=32'00000000000000000000000000000101 for cells of type $lcu.
Using template $paramod\_90_fa\WIDTH=32'00000000000000000000000000011111 for cells of type $fa.
Using template $paramod\_90_lcu_brent_kung\WIDTH=32'00000000000000000000000000011111 for cells of type $lcu.
Using template $paramod\_90_fa\WIDTH=32'00000000000000000000000000000001 for cells of type $fa.
Using template $paramod\_90_lcu_brent_kung\WIDTH=32'00000000000000000000000000000001 for cells of type $lcu.
Using template $paramod\_90_fa\WIDTH=32'00000000000000000000000000011110 for cells of type $fa.
Using template $paramod\_90_lcu_brent_kung\WIDTH=32'00000000000000000000000000011110 for cells of type $lcu.
Using template $paramod\_90_fa\WIDTH=32'00000000000000000000000000011101 for cells of type $fa.
Using template $paramod\_90_lcu_brent_kung\WIDTH=32'00000000000000000000000000011101 for cells of type $lcu.
No more expansions possible.
<suppressed ~13851 debug messages>

13.23. Executing OPT pass (performing simple optimizations).

13.23.1. Executing OPT_EXPR pass (perform const folding).
Optimizing module secure_tiny_top.
<suppressed ~159661 debug messages>

13.23.2. Executing OPT_MERGE pass (detect identical cells).
Finding identical cells in module `\secure_tiny_top'.
Computing hashes of 117324 cells of `\secure_tiny_top'.
Finding duplicate cells in `\secure_tiny_top'.
Computing hashes of 114716 cells of `\secure_tiny_top'.
Finding duplicate cells in `\secure_tiny_top'.
Computing hashes of 114020 cells of `\secure_tiny_top'.
Finding duplicate cells in `\secure_tiny_top'.
Computing hashes of 113396 cells of `\secure_tiny_top'.
Finding duplicate cells in `\secure_tiny_top'.
Computing hashes of 112582 cells of `\secure_tiny_top'.
Finding duplicate cells in `\secure_tiny_top'.
Computing hashes of 111331 cells of `\secure_tiny_top'.
Finding duplicate cells in `\secure_tiny_top'.
Computing hashes of 109106 cells of `\secure_tiny_top'.
Finding duplicate cells in `\secure_tiny_top'.
Computing hashes of 104928 cells of `\secure_tiny_top'.
Finding duplicate cells in `\secure_tiny_top'.
Computing hashes of 102894 cells of `\secure_tiny_top'.
Finding duplicate cells in `\secure_tiny_top'.
Computing hashes of 102876 cells of `\secure_tiny_top'.
Finding duplicate cells in `\secure_tiny_top'.
Computing hashes of 102858 cells of `\secure_tiny_top'.
Finding duplicate cells in `\secure_tiny_top'.
Computing hashes of 102840 cells of `\secure_tiny_top'.
Finding duplicate cells in `\secure_tiny_top'.
Computing hashes of 102822 cells of `\secure_tiny_top'.
Finding duplicate cells in `\secure_tiny_top'.
Computing hashes of 102804 cells of `\secure_tiny_top'.
Finding duplicate cells in `\secure_tiny_top'.
Computing hashes of 102786 cells of `\secure_tiny_top'.
Finding duplicate cells in `\secure_tiny_top'.
Computing hashes of 102768 cells of `\secure_tiny_top'.
Finding duplicate cells in `\secure_tiny_top'.
Computing hashes of 102750 cells of `\secure_tiny_top'.
Finding duplicate cells in `\secure_tiny_top'.
Computing hashes of 102732 cells of `\secure_tiny_top'.
Finding duplicate cells in `\secure_tiny_top'.
Computing hashes of 102714 cells of `\secure_tiny_top'.
Finding duplicate cells in `\secure_tiny_top'.
Computing hashes of 102696 cells of `\secure_tiny_top'.
Finding duplicate cells in `\secure_tiny_top'.
Computing hashes of 102678 cells of `\secure_tiny_top'.
Finding duplicate cells in `\secure_tiny_top'.
Computing hashes of 102660 cells of `\secure_tiny_top'.
Finding duplicate cells in `\secure_tiny_top'.
Computing hashes of 102642 cells of `\secure_tiny_top'.
Finding duplicate cells in `\secure_tiny_top'.
Computing hashes of 102624 cells of `\secure_tiny_top'.
Finding duplicate cells in `\secure_tiny_top'.
Computing hashes of 102606 cells of `\secure_tiny_top'.
Finding duplicate cells in `\secure_tiny_top'.
<suppressed ~44154 debug messages>
Removed a total of 14718 cells.

13.23.3. Executing OPT_DFF pass (perform DFF optimizations).
Adding SRST signal on $auto$ff.cc:337:slice$10989 ($_SDFF_PN0_) from module secure_tiny_top (D = $auto$simplemap.cc:189:logic_reduce$40189, Q = \controller.done, rval = 1'0).
Adding SRST signal on $auto$ff.cc:337:slice$11556 ($_SDFF_PN0_) from module secure_tiny_top (D = $auto$simplemap.cc:189:logic_reduce$34574, Q = \controller.core.done, rval = 1'0).
Adding SRST signal on $auto$ff.cc:337:slice$11540 ($_SDFF_PN0_) from module secure_tiny_top (D = $auto$simplemap.cc:189:logic_reduce$34592, Q = \controller.core.perm_start, rval = 1'0).

13.23.4. Executing OPT_CLEAN pass (remove unused cells and wires).
Finding unused cells or wires in module \secure_tiny_top..
Removed 56597 unused cells and 12522 unused wires.
<suppressed ~56598 debug messages>

13.23.5. Rerunning OPT passes. (Removed registers in this run.)

13.23.6. Executing OPT_EXPR pass (perform const folding).
Optimizing module secure_tiny_top.
<suppressed ~7521 debug messages>

13.23.7. Executing OPT_MERGE pass (detect identical cells).
Finding identical cells in module `\secure_tiny_top'.
Computing hashes of 40934 cells of `\secure_tiny_top'.
Finding duplicate cells in `\secure_tiny_top'.
Computing hashes of 40768 cells of `\secure_tiny_top'.
Finding duplicate cells in `\secure_tiny_top'.
Computing hashes of 40565 cells of `\secure_tiny_top'.
Finding duplicate cells in `\secure_tiny_top'.
Computing hashes of 37602 cells of `\secure_tiny_top'.
Finding duplicate cells in `\secure_tiny_top'.
Computing hashes of 35862 cells of `\secure_tiny_top'.
Finding duplicate cells in `\secure_tiny_top'.
Computing hashes of 35065 cells of `\secure_tiny_top'.
Finding duplicate cells in `\secure_tiny_top'.
Computing hashes of 34668 cells of `\secure_tiny_top'.
Finding duplicate cells in `\secure_tiny_top'.
Computing hashes of 34401 cells of `\secure_tiny_top'.
Finding duplicate cells in `\secure_tiny_top'.
Computing hashes of 34149 cells of `\secure_tiny_top'.
Finding duplicate cells in `\secure_tiny_top'.
Computing hashes of 33955 cells of `\secure_tiny_top'.
Finding duplicate cells in `\secure_tiny_top'.
Computing hashes of 33821 cells of `\secure_tiny_top'.
Finding duplicate cells in `\secure_tiny_top'.
Computing hashes of 33726 cells of `\secure_tiny_top'.
Finding duplicate cells in `\secure_tiny_top'.
Computing hashes of 33648 cells of `\secure_tiny_top'.
Finding duplicate cells in `\secure_tiny_top'.
Computing hashes of 33595 cells of `\secure_tiny_top'.
Finding duplicate cells in `\secure_tiny_top'.
Computing hashes of 33563 cells of `\secure_tiny_top'.
Finding duplicate cells in `\secure_tiny_top'.
Computing hashes of 33546 cells of `\secure_tiny_top'.
Finding duplicate cells in `\secure_tiny_top'.
Computing hashes of 33532 cells of `\secure_tiny_top'.
Finding duplicate cells in `\secure_tiny_top'.
Computing hashes of 33519 cells of `\secure_tiny_top'.
Finding duplicate cells in `\secure_tiny_top'.
Computing hashes of 33513 cells of `\secure_tiny_top'.
Finding duplicate cells in `\secure_tiny_top'.
Computing hashes of 33509 cells of `\secure_tiny_top'.
Finding duplicate cells in `\secure_tiny_top'.
Computing hashes of 33505 cells of `\secure_tiny_top'.
Finding duplicate cells in `\secure_tiny_top'.
Computing hashes of 33501 cells of `\secure_tiny_top'.
Finding duplicate cells in `\secure_tiny_top'.
Computing hashes of 33497 cells of `\secure_tiny_top'.
Finding duplicate cells in `\secure_tiny_top'.
Computing hashes of 33493 cells of `\secure_tiny_top'.
Finding duplicate cells in `\secure_tiny_top'.
Computing hashes of 33489 cells of `\secure_tiny_top'.
Finding duplicate cells in `\secure_tiny_top'.
Computing hashes of 33485 cells of `\secure_tiny_top'.
Finding duplicate cells in `\secure_tiny_top'.
Computing hashes of 33481 cells of `\secure_tiny_top'.
Finding duplicate cells in `\secure_tiny_top'.
Computing hashes of 33477 cells of `\secure_tiny_top'.
Finding duplicate cells in `\secure_tiny_top'.
Computing hashes of 33473 cells of `\secure_tiny_top'.
Finding duplicate cells in `\secure_tiny_top'.
Computing hashes of 33469 cells of `\secure_tiny_top'.
Finding duplicate cells in `\secure_tiny_top'.
Computing hashes of 33464 cells of `\secure_tiny_top'.
Finding duplicate cells in `\secure_tiny_top'.
Computing hashes of 33458 cells of `\secure_tiny_top'.
Finding duplicate cells in `\secure_tiny_top'.
Computing hashes of 33448 cells of `\secure_tiny_top'.
Finding duplicate cells in `\secure_tiny_top'.
Computing hashes of 33440 cells of `\secure_tiny_top'.
Finding duplicate cells in `\secure_tiny_top'.
Computing hashes of 33432 cells of `\secure_tiny_top'.
Finding duplicate cells in `\secure_tiny_top'.
<suppressed ~22506 debug messages>
Removed a total of 7502 cells.

13.23.8. Executing OPT_DFF pass (perform DFF optimizations).

13.23.9. Executing OPT_CLEAN pass (remove unused cells and wires).
Finding unused cells or wires in module \secure_tiny_top..
Removed 351 unused cells and 1430 unused wires.
<suppressed ~352 debug messages>

13.23.10. Finished fast OPT passes.

13.24. Executing ABC pass (technology mapping using ABC).

13.24.1. Summary of detected clock domains:
  6 cells in clk={ }, en={ }, arst={ }, srst={ }
  7 cells in clk=\clk, en=$flatten\controller.\guard_block.$logic_and$rtl/authentication_guard.sv:30$156_Y, arst={ }, srst=$auto$simple.cc:234:combine_resets$6116
  4 cells in clk=\clk, en=$auto$simple.cc:193:make_patterns_logic$6139, arst={ }, srst=!\rst_n
  5 cells in clk=\clk, en={ }, arst={ }, srst=$auto$simple.cc:234:combine_resets$6144
  134 cells in clk=\clk, en={ }, arst={ }, srst=$auto$simple.cc:234:combine_resets$6151
  6 cells in clk=\clk, en=$auto$simple.cc:193:make_patterns_logic$6160, arst={ }, srst=!\rst_n
  6 cells in clk=\clk, en={ }, arst={ }, srst=$auto$simple.cc:234:combine_resets$6200
  17 cells in clk=\clk, en=$auto$simple.cc:210:make_patterns_logic$7413, arst={ }, srst=!\rst_n
  5 cells in clk=\clk, en={ }, arst={ }, srst=!$auto$simple.cc:234:combine_resets$287487
  3 cells in clk=\clk, en={ }, arst={ }, srst=$auto$simple.cc:234:combine_resets$6429
  19 cells in clk=\clk, en={ }, arst={ }, srst=!$auto$simple.cc:234:combine_resets$6420
  493 cells in clk=\clk, en={ }, arst={ }, srst=!\rst_n
  11 cells in clk=\clk, en=$auto$simple.cc:210:make_patterns_logic$6346, arst={ }, srst=!\rst_n
  6 cells in clk=\clk, en={ }, arst={ }, srst=!$auto$simple.cc:234:combine_resets$287492
  7 cells in clk=\clk, en={ }, arst={ }, srst=!$auto$simple.cc:234:combine_resets$287497
  95 cells in clk=\clk, en=$auto$simple.cc:210:make_patterns_logic$6364, arst={ }, srst=!\rst_n
  8 cells in clk=\clk, en=$auto$simple.cc:210:make_patterns_logic$6180, arst={ }, srst=!\rst_n
  9 cells in clk=\clk, en=$auto$simple.cc:210:make_patterns_logic$6357, arst={ }, srst=!\rst_n
  873 cells in clk=\clk, en=$auto$simple.cc:210:make_patterns_logic$6384, arst={ }, srst=!\rst_n
  3484 cells in clk=\clk, en=$auto$simple.cc:210:make_patterns_logic$7420, arst={ }, srst=!\rst_n
  1144 cells in clk=\clk, en=$auto$simple.cc:210:make_patterns_logic$6416, arst={ }, srst=!\rst_n
  12044 cells in clk=\clk, en=$auto$simple.cc:210:make_patterns_logic$6394, arst={ }, srst=!\rst_n
  193 cells in clk=\clk, en=$auto$simple.cc:210:make_patterns_logic$6333, arst={ }, srst=!\rst_n
  325 cells in clk=\clk, en=$auto$simple.cc:210:make_patterns_logic$6320, arst={ }, srst=!\rst_n
  2513 cells in clk=\clk, en=$auto$simple.cc:210:make_patterns_logic$6307, arst={ }, srst=!\rst_n
  257 cells in clk=\clk, en=$auto$simple.cc:210:make_patterns_logic$6296, arst={ }, srst=!\rst_n
  260 cells in clk=\clk, en=$auto$simple.cc:210:make_patterns_logic$6286, arst={ }, srst=!\rst_n
  1357 cells in clk=\clk, en=$auto$simple.cc:210:make_patterns_logic$6265, arst={ }, srst=!\rst_n
  1144 cells in clk=\clk, en=$auto$simple.cc:210:make_patterns_logic$6259, arst={ }, srst=!\rst_n
  217 cells in clk=\clk, en=$auto$simple.cc:210:make_patterns_logic$6255, arst={ }, srst=!\rst_n
  419 cells in clk=\clk, en=$auto$simple.cc:210:make_patterns_logic$6231, arst={ }, srst=!\rst_n
  422 cells in clk=\clk, en=$auto$simple.cc:210:make_patterns_logic$6219, arst={ }, srst=!\rst_n
  827 cells in clk=\clk, en=$auto$simple.cc:210:make_patterns_logic$6207, arst={ }, srst=!\rst_n
  1026 cells in clk=\clk, en=$auto$simple.cc:210:make_patterns_logic$6195, arst={ }, srst=!\rst_n
  2520 cells in clk=\clk, en=$auto$simple.cc:210:make_patterns_logic$6190, arst={ }, srst=!\rst_n
  38 cells in clk=\clk, en=$auto$simple.cc:210:make_patterns_logic$6174, arst={ }, srst=!\rst_n
  128 cells in clk=\clk, en=$flatten\controller.\tag_hold.$logic_and$rtl/tag_generator.sv:23$147_Y, arst={ }, srst=!\rst_n
  384 cells in clk=\clk, en=$flatten\controller.\verifier.$logic_and$rtl/tag_verifier.sv:36$151_Y, arst={ }, srst=!\rst_n
  2665 cells in clk=\clk, en={ }, arst={ }, srst={ }

13.24.2. Extracting gate netlist of module `\secure_tiny_top' to `<abc-temp-dir>/input.blif'..
No matching clock domain found. Not extracting any FF cells.

13.24.3. Extracting gate netlist of module `\secure_tiny_top' to `<abc-temp-dir>/input.blif'..
Found matching posedge clock domain: \clk, enabled by $flatten\controller.\guard_block.$logic_and$rtl/authentication_guard.sv:30$156_Y, synchronously reset by $auto$simple.cc:234:combine_resets$6116

13.24.3.1. Executed ABC.
Extracted 0 gates and 0 wires to a netlist network with 0 inputs and 0 outputs.
Don't call ABC as there is nothing to map.
Removing temp directory.

13.24.4. Extracting gate netlist of module `\secure_tiny_top' to `<abc-temp-dir>/input.blif'..
Found matching posedge clock domain: \clk, enabled by $auto$simple.cc:193:make_patterns_logic$6139, synchronously reset by !\rst_n

13.24.5. Extracting gate netlist of module `\secure_tiny_top' to `<abc-temp-dir>/input.blif'..
Found matching posedge clock domain: \clk, synchronously reset by $auto$simple.cc:234:combine_resets$6144

13.24.6. Extracting gate netlist of module `\secure_tiny_top' to `<abc-temp-dir>/input.blif'..
Found matching posedge clock domain: \clk, synchronously reset by $auto$simple.cc:234:combine_resets$6151

13.24.7. Extracting gate netlist of module `\secure_tiny_top' to `<abc-temp-dir>/input.blif'..
Found matching posedge clock domain: \clk, enabled by $auto$simple.cc:193:make_patterns_logic$6160, synchronously reset by !\rst_n

13.24.8. Extracting gate netlist of module `\secure_tiny_top' to `<abc-temp-dir>/input.blif'..
Found matching posedge clock domain: \clk, synchronously reset by $auto$simple.cc:234:combine_resets$6200

13.24.9. Extracting gate netlist of module `\secure_tiny_top' to `<abc-temp-dir>/input.blif'..
Found matching posedge clock domain: \clk, enabled by $auto$simple.cc:210:make_patterns_logic$7413, synchronously reset by !\rst_n

13.24.10. Extracting gate netlist of module `\secure_tiny_top' to `<abc-temp-dir>/input.blif'..
Found matching posedge clock domain: \clk, synchronously reset by !$auto$simple.cc:234:combine_resets$287487

13.24.11. Extracting gate netlist of module `\secure_tiny_top' to `<abc-temp-dir>/input.blif'..
Found matching posedge clock domain: \clk, synchronously reset by $auto$simple.cc:234:combine_resets$6429

13.24.11.1. Executed ABC.
Extracted 4 gates and 11 wires to a netlist network with 7 inputs and 4 outputs.
Running ABC script: <abc-temp-dir>/abc.script
ABC: ======== ABC command line "source <abc-temp-dir>/abc.script"
ABC: + read_blif <abc-temp-dir>/input.blif 
ABC: + read_library <abc-temp-dir>/stdcells.genlib 
ABC: + strash 
ABC: + &get -n 
ABC: + &fraig -x 
ABC: + &put 
ABC: + scorr 
ABC: Warning: The network is combinational (run "fraig" or "fraig_sweep").
ABC: + dc2 
ABC: + dretime 
ABC: + strash 
ABC: + &get -n 
ABC: + &dch -f 
ABC: + &nf 
ABC: + &put 
ABC: + write_blif <abc-temp-dir>/output.blif 

13.24.11.2. Re-integrating ABC results.
ABC RESULTS:               AND cells:        1
ABC RESULTS:               NOT cells:        1
ABC RESULTS:                OR cells:        2
ABC RESULTS:        internal signals:        0
ABC RESULTS:           input signals:        7
ABC RESULTS:          output signals:        4
Removing temp directory.

13.24.11.1. Executed ABC.
Extracted 3 gates and 6 wires to a netlist network with 3 inputs and 2 outputs.
Running ABC script: <abc-temp-dir>/abc.script
ABC: ======== ABC command line "source <abc-temp-dir>/abc.script"
ABC: + read_blif <abc-temp-dir>/input.blif 
ABC: + read_library <abc-temp-dir>/stdcells.genlib 
ABC: + strash 
ABC: + &get -n 
ABC: + &fraig -x 
ABC: + &put 
ABC: + scorr 
ABC: Warning: The network is combinational (run "fraig" or "fraig_sweep").
ABC: + dc2 
ABC: + dretime 
ABC: + strash 
ABC: + &get -n 
ABC: + &dch -f 
ABC: + &nf 
ABC: + &put 
ABC: + write_blif <abc-temp-dir>/output.blif 

13.24.11.2. Re-integrating ABC results.
ABC RESULTS:            ANDNOT cells:        1
ABC RESULTS:                OR cells:        1
ABC RESULTS:        internal signals:        1
ABC RESULTS:           input signals:        3
ABC RESULTS:          output signals:        2
Removing temp directory.

13.24.11.1. Executed ABC.
Extracted 4 gates and 8 wires to a netlist network with 4 inputs and 4 outputs.
Running ABC script: <abc-temp-dir>/abc.script
ABC: ======== ABC command line "source <abc-temp-dir>/abc.script"
ABC: + read_blif <abc-temp-dir>/input.blif 
ABC: + read_library <abc-temp-dir>/stdcells.genlib 
ABC: + strash 
ABC: + &get -n 
ABC: + &fraig -x 
ABC: + &put 
ABC: + scorr 
ABC: Warning: The network is combinational (run "fraig" or "fraig_sweep").
ABC: + dc2 
ABC: + dretime 
ABC: + strash 
ABC: + &get -n 
ABC: + &dch -f 
ABC: + &nf 
ABC: + &put 
ABC: + write_blif <abc-temp-dir>/output.blif 

13.24.11.2. Re-integrating ABC results.
ABC RESULTS:               NOT cells:        1
ABC RESULTS:                OR cells:        3
ABC RESULTS:        internal signals:        0
ABC RESULTS:           input signals:        4
ABC RESULTS:          output signals:        4
Removing temp directory.

13.24.12. Extracting gate netlist of module `\secure_tiny_top' to `<abc-temp-dir>/input.blif'..
Found matching posedge clock domain: \clk, synchronously reset by !$auto$simple.cc:234:combine_resets$6420

13.24.13. Extracting gate netlist of module `\secure_tiny_top' to `<abc-temp-dir>/input.blif'..
Found matching posedge clock domain: \clk, synchronously reset by !\rst_n

13.24.14. Extracting gate netlist of module `\secure_tiny_top' to `<abc-temp-dir>/input.blif'..
Found matching posedge clock domain: \clk, enabled by $auto$simple.cc:210:make_patterns_logic$6346, synchronously reset by !\rst_n

13.24.14.1. Executed ABC.
Extracted 133 gates and 267 wires to a netlist network with 134 inputs and 5 outputs.
Running ABC script: <abc-temp-dir>/abc.script
ABC: ======== ABC command line "source <abc-temp-dir>/abc.script"
ABC: + read_blif <abc-temp-dir>/input.blif 
ABC: + read_library <abc-temp-dir>/stdcells.genlib 
ABC: + strash 
ABC: + &get -n 
ABC: + &fraig -x 
ABC: + &put 
ABC: + scorr 
ABC: Warning: The network is combinational (run "fraig" or "fraig_sweep").
ABC: + dc2 
ABC: + dretime 
ABC: + strash 
ABC: + &get -n 
ABC: + &dch -f 
ABC: + &nf 
ABC: + &put 
ABC: + write_blif <abc-temp-dir>/output.blif 

13.24.14.2. Re-integrating ABC results.
ABC RESULTS:               AND cells:       63
ABC RESULTS:               NOR cells:       64
ABC RESULTS:                OR cells:        5
ABC RESULTS:        internal signals:      128
ABC RESULTS:           input signals:      134
ABC RESULTS:          output signals:        5
Removing temp directory.

13.24.14.1. Executed ABC.
Extracted 5 gates and 8 wires to a netlist network with 3 inputs and 3 outputs.
Running ABC script: <abc-temp-dir>/abc.script
ABC: ======== ABC command line "source <abc-temp-dir>/abc.script"
ABC: + read_blif <abc-temp-dir>/input.blif 
ABC: + read_library <abc-temp-dir>/stdcells.genlib 
ABC: + strash 
ABC: + &get -n 
ABC: + &fraig -x 
ABC: + &put 
ABC: + scorr 
ABC: Warning: The network is combinational (run "fraig" or "fraig_sweep").
ABC: + dc2 
ABC: + dretime 
ABC: + strash 
ABC: + &get -n 
ABC: + &dch -f 
ABC: + &nf 
ABC: + &put 
ABC: + write_blif <abc-temp-dir>/output.blif 

13.24.14.2. Re-integrating ABC results.
ABC RESULTS:               AND cells:        2
ABC RESULTS:               MUX cells:        1
ABC RESULTS:             ORNOT cells:        1
ABC RESULTS:        internal signals:        2
ABC RESULTS:           input signals:        3
ABC RESULTS:          output signals:        3
Removing temp directory.

13.24.14.1. Executed ABC.
Extracted 5 gates and 10 wires to a netlist network with 5 inputs and 4 outputs.
Running ABC script: <abc-temp-dir>/abc.script
ABC: ======== ABC command line "source <abc-temp-dir>/abc.script"
ABC: + read_blif <abc-temp-dir>/input.blif 
ABC: + read_library <abc-temp-dir>/stdcells.genlib 
ABC: + strash 
ABC: + &get -n 
ABC: + &fraig -x 
ABC: + &put 
ABC: + scorr 
ABC: Warning: The network is combinational (run "fraig" or "fraig_sweep").
ABC: + dc2 
ABC: + dretime 
ABC: + strash 
ABC: + &get -n 
ABC: + &dch -f 
ABC: + &nf 
ABC: + &put 
ABC: + write_blif <abc-temp-dir>/output.blif 

13.24.14.2. Re-integrating ABC results.
ABC RESULTS:            ANDNOT cells:        1
ABC RESULTS:               NOT cells:        1
ABC RESULTS:                OR cells:        2
ABC RESULTS:        internal signals:        1
ABC RESULTS:           input signals:        5
ABC RESULTS:          output signals:        4
Removing temp directory.

13.24.15. Extracting gate netlist of module `\secure_tiny_top' to `<abc-temp-dir>/input.blif'..
Found matching posedge clock domain: \clk, synchronously reset by !$auto$simple.cc:234:combine_resets$287492

13.24.15.1. Executed ABC.
Extracted 16 gates and 30 wires to a netlist network with 14 inputs and 3 outputs.
Running ABC script: <abc-temp-dir>/abc.script
ABC: ======== ABC command line "source <abc-temp-dir>/abc.script"
ABC: + read_blif <abc-temp-dir>/input.blif 
ABC: + read_library <abc-temp-dir>/stdcells.genlib 
ABC: + strash 
ABC: + &get -n 
ABC: + &fraig -x 
ABC: + &put 
ABC: + scorr 
ABC: Warning: The network is combinational (run "fraig" or "fraig_sweep").
ABC: + dc2 
ABC: + dretime 
ABC: + strash 
ABC: + &get -n 
ABC: + &dch -f 
ABC: + &nf 
ABC: + &put 
ABC: + write_blif <abc-temp-dir>/output.blif 

13.24.15.2. Re-integrating ABC results.
ABC RESULTS:               AND cells:        6
ABC RESULTS:            ANDNOT cells:        1
ABC RESULTS:              NAND cells:        2
ABC RESULTS:               NOR cells:        3
ABC RESULTS:               NOT cells:        1
ABC RESULTS:        internal signals:       13
ABC RESULTS:           input signals:       14
ABC RESULTS:          output signals:        3
Removing temp directory.

13.24.15.1. Executed ABC.
Extracted 4 gates and 10 wires to a netlist network with 6 inputs and 2 outputs.
Running ABC script: <abc-temp-dir>/abc.script
ABC: ======== ABC command line "source <abc-temp-dir>/abc.script"
ABC: + read_blif <abc-temp-dir>/input.blif 
ABC: + read_library <abc-temp-dir>/stdcells.genlib 
ABC: + strash 
ABC: + &get -n 
ABC: + &fraig -x 
ABC: + &put 
ABC: + scorr 
ABC: Warning: The network is combinational (run "fraig" or "fraig_sweep").
ABC: + dc2 
ABC: + dretime 
ABC: + strash 
ABC: + &get -n 
ABC: + &dch -f 
ABC: + &nf 
ABC: + &put 
ABC: + write_blif <abc-temp-dir>/output.blif 

13.24.15.2. Re-integrating ABC results.
ABC RESULTS:               AND cells:        1
ABC RESULTS:              NAND cells:        1
ABC RESULTS:               NOR cells:        2
ABC RESULTS:        internal signals:        2
ABC RESULTS:           input signals:        6
ABC RESULTS:          output signals:        2
Removing temp directory.

13.24.16. Extracting gate netlist of module `\secure_tiny_top' to `<abc-temp-dir>/input.blif'..
Found matching posedge clock domain: \clk, synchronously reset by !$auto$simple.cc:234:combine_resets$287497

13.24.16.1. Executed ABC.
Extracted 2 gates and 5 wires to a netlist network with 3 inputs and 1 outputs.
Running ABC script: <abc-temp-dir>/abc.script
ABC: ======== ABC command line "source <abc-temp-dir>/abc.script"
ABC: + read_blif <abc-temp-dir>/input.blif 
ABC: + read_library <abc-temp-dir>/stdcells.genlib 
ABC: + strash 
ABC: + &get -n 
ABC: + &fraig -x 
ABC: + &put 
ABC: + scorr 
ABC: Warning: The network is combinational (run "fraig" or "fraig_sweep").
ABC: + dc2 
ABC: + dretime 
ABC: + strash 
ABC: + &get -n 
ABC: + &dch -f 
ABC: + &nf 
ABC: + &put 
ABC: + write_blif <abc-temp-dir>/output.blif 

13.24.16.2. Re-integrating ABC results.
ABC RESULTS:                OR cells:        2
ABC RESULTS:        internal signals:        1
ABC RESULTS:           input signals:        3
ABC RESULTS:          output signals:        1
Removing temp directory.

13.24.16.1. Executed ABC.
Extracted 18 gates and 37 wires to a netlist network with 19 inputs and 2 outputs.
Running ABC script: <abc-temp-dir>/abc.script
ABC: ======== ABC command line "source <abc-temp-dir>/abc.script"
ABC: + read_blif <abc-temp-dir>/input.blif 
ABC: + read_library <abc-temp-dir>/stdcells.genlib 
ABC: + strash 
ABC: + &get -n 
ABC: + &fraig -x 
ABC: + &put 
ABC: + scorr 
ABC: Warning: The network is combinational (run "fraig" or "fraig_sweep").
ABC: + dc2 
ABC: + dretime 
ABC: + strash 
ABC: + &get -n 
ABC: + &dch -f 
ABC: + &nf 
ABC: + &put 
ABC: + write_blif <abc-temp-dir>/output.blif 

13.24.16.2. Re-integrating ABC results.
ABC RESULTS:               AND cells:        7
ABC RESULTS:              NAND cells:        3
ABC RESULTS:               NOR cells:        8
ABC RESULTS:        internal signals:       16
ABC RESULTS:           input signals:       19
ABC RESULTS:          output signals:        2
Removing temp directory.

13.24.17. Extracting gate netlist of module `\secure_tiny_top' to `<abc-temp-dir>/input.blif'..
Found matching posedge clock domain: \clk, enabled by $auto$simple.cc:210:make_patterns_logic$6364, synchronously reset by !\rst_n

13.24.17.1. Executed ABC.
Extracted 487 gates and 1253 wires to a netlist network with 764 inputs and 354 outputs.
Running ABC script: <abc-temp-dir>/abc.script
ABC: ======== ABC command line "source <abc-temp-dir>/abc.script"
ABC: + read_blif <abc-temp-dir>/input.blif 
ABC: + read_library <abc-temp-dir>/stdcells.genlib 
ABC: + strash 
ABC: + &get -n 
ABC: + &fraig -x 
ABC: + &put 
ABC: + scorr 
ABC: Warning: The network is combinational (run "fraig" or "fraig_sweep").
ABC: + dc2 
ABC: + dretime 
ABC: + strash 
ABC: + &get -n 
ABC: + &dch -f 
ABC: + &nf 
ABC: + &put 
ABC: + write_blif <abc-temp-dir>/output.blif 

13.24.17.2. Re-integrating ABC results.
ABC RESULTS:               AND cells:       86
ABC RESULTS:            ANDNOT cells:        1
ABC RESULTS:               MUX cells:      321
ABC RESULTS:              NAND cells:       25
ABC RESULTS:               NOR cells:       13
ABC RESULTS:               NOT cells:        8
ABC RESULTS:                OR cells:       19
ABC RESULTS:             ORNOT cells:        3
ABC RESULTS:        internal signals:      135
ABC RESULTS:           input signals:      764
ABC RESULTS:          output signals:      354
Removing temp directory.

13.24.18. Extracting gate netlist of module `\secure_tiny_top' to `<abc-temp-dir>/input.blif'..
Found matching posedge clock domain: \clk, enabled by $auto$simple.cc:210:make_patterns_logic$6180, synchronously reset by !\rst_n

13.24.18.1. Executed ABC.
Extracted 10 gates and 23 wires to a netlist network with 13 inputs and 5 outputs.
Running ABC script: <abc-temp-dir>/abc.script
ABC: ======== ABC command line "source <abc-temp-dir>/abc.script"
ABC: + read_blif <abc-temp-dir>/input.blif 
ABC: + read_library <abc-temp-dir>/stdcells.genlib 
ABC: + strash 
ABC: + &get -n 
ABC: + &fraig -x 
ABC: + &put 
ABC: + scorr 
ABC: Warning: The network is combinational (run "fraig" or "fraig_sweep").
ABC: + dc2 
ABC: + dretime 
ABC: + strash 
ABC: + &get -n 
ABC: + &dch -f 
ABC: + &nf 
ABC: + &put 
ABC: + write_blif <abc-temp-dir>/output.blif 

13.24.18.2. Re-integrating ABC results.
ABC RESULTS:               AND cells:        5
ABC RESULTS:            ANDNOT cells:        1
ABC RESULTS:              NAND cells:        1
ABC RESULTS:               NOR cells:        1
ABC RESULTS:               NOT cells:        1
ABC RESULTS:                OR cells:        3
ABC RESULTS:        internal signals:        5
ABC RESULTS:           input signals:       13
ABC RESULTS:          output signals:        5
Removing temp directory.

13.24.18.1. Executed ABC.
Extracted 5 gates and 12 wires to a netlist network with 7 inputs and 5 outputs.
Running ABC script: <abc-temp-dir>/abc.script
ABC: ======== ABC command line "source <abc-temp-dir>/abc.script"
ABC: + read_blif <abc-temp-dir>/input.blif 
ABC: + read_library <abc-temp-dir>/stdcells.genlib 
ABC: + strash 
ABC: + &get -n 
ABC: + &fraig -x 
ABC: + &put 
ABC: + scorr 
ABC: Warning: The network is combinational (run "fraig" or "fraig_sweep").
ABC: + dc2 
ABC: + dretime 
ABC: + strash 
ABC: + &get -n 
ABC: + &dch -f 
ABC: + &nf 
ABC: + &put 
ABC: + write_blif <abc-temp-dir>/output.blif 

13.24.18.2. Re-integrating ABC results.
ABC RESULTS:               AND cells:        1
ABC RESULTS:               NOT cells:        1
ABC RESULTS:                OR cells:        3
ABC RESULTS:        internal signals:        0
ABC RESULTS:           input signals:        7
ABC RESULTS:          output signals:        5
Removing temp directory.

13.24.19. Extracting gate netlist of module `\secure_tiny_top' to `<abc-temp-dir>/input.blif'..
Found matching posedge clock domain: \clk, enabled by $auto$simple.cc:210:make_patterns_logic$6357, synchronously reset by !\rst_n

13.24.20. Extracting gate netlist of module `\secure_tiny_top' to `<abc-temp-dir>/input.blif'..
Found matching posedge clock domain: \clk, enabled by $auto$simple.cc:210:make_patterns_logic$6384, synchronously reset by !\rst_n
Replacing 270 occurrences of constant undef bits with constant zero bits

13.24.21. Extracting gate netlist of module `\secure_tiny_top' to `<abc-temp-dir>/input.blif'..
Found matching posedge clock domain: \clk, enabled by $auto$simple.cc:210:make_patterns_logic$7420, synchronously reset by !\rst_n
Replacing 1 occurrences of constant undef bits with constant zero bits

13.24.21.1. Executed ABC.
Extracted 6 gates and 14 wires to a netlist network with 8 inputs and 4 outputs.
Running ABC script: <abc-temp-dir>/abc.script
ABC: ======== ABC command line "source <abc-temp-dir>/abc.script"
ABC: + read_blif <abc-temp-dir>/input.blif 
ABC: + read_library <abc-temp-dir>/stdcells.genlib 
ABC: + strash 
ABC: + &get -n 
ABC: + &fraig -x 
ABC: + &put 
ABC: + scorr 
ABC: Warning: The network is combinational (run "fraig" or "fraig_sweep").
ABC: + dc2 
ABC: + dretime 
ABC: + strash 
ABC: + &get -n 
ABC: + &dch -f 
ABC: + &nf 
ABC: + &put 
ABC: + write_blif <abc-temp-dir>/output.blif 

13.24.21.2. Re-integrating ABC results.
ABC RESULTS:               AND cells:        3
ABC RESULTS:                OR cells:        3
ABC RESULTS:        internal signals:        2
ABC RESULTS:           input signals:        8
ABC RESULTS:          output signals:        4
Removing temp directory.

13.24.22. Extracting gate netlist of module `\secure_tiny_top' to `<abc-temp-dir>/input.blif'..
Found matching posedge clock domain: \clk, enabled by $auto$simple.cc:210:make_patterns_logic$6416, synchronously reset by !\rst_n
Replacing 321 occurrences of constant undef bits with constant zero bits

13.24.22.1. Executed ABC.
Extracted 94 gates and 169 wires to a netlist network with 75 inputs and 5 outputs.
Running ABC script: <abc-temp-dir>/abc.script
ABC: ======== ABC command line "source <abc-temp-dir>/abc.script"
ABC: + read_blif <abc-temp-dir>/input.blif 
ABC: + read_library <abc-temp-dir>/stdcells.genlib 
ABC: + strash 
ABC: + &get -n 
ABC: + &fraig -x 
ABC: + &put 
ABC: + scorr 
ABC: Warning: The network is combinational (run "fraig" or "fraig_sweep").
ABC: + dc2 
ABC: + dretime 
ABC: + strash 
ABC: + &get -n 
ABC: + &dch -f 
ABC: + &nf 
ABC: + &put 
ABC: + write_blif <abc-temp-dir>/output.blif 

13.24.22.2. Re-integrating ABC results.
ABC RESULTS:               AND cells:       44
ABC RESULTS:              NAND cells:       20
ABC RESULTS:               NOR cells:       15
ABC RESULTS:               NOT cells:        1
ABC RESULTS:                OR cells:       10
ABC RESULTS:        internal signals:       89
ABC RESULTS:           input signals:       75
ABC RESULTS:          output signals:        5
Removing temp directory.

13.24.22.1. Executed ABC.
Extracted 6 gates and 10 wires to a netlist network with 4 inputs and 5 outputs.
Running ABC script: <abc-temp-dir>/abc.script
ABC: ======== ABC command line "source <abc-temp-dir>/abc.script"
ABC: + read_blif <abc-temp-dir>/input.blif 
ABC: + read_library <abc-temp-dir>/stdcells.genlib 
ABC: + strash 
ABC: + &get -n 
ABC: + &fraig -x 
ABC: + &put 
ABC: + scorr 
ABC: Warning: The network is combinational (run "fraig" or "fraig_sweep").
ABC: + dc2 
ABC: + dretime 
ABC: + strash 
ABC: + &get -n 
ABC: + &dch -f 
ABC: + &nf 
ABC: + &put 
ABC: + write_blif <abc-temp-dir>/output.blif 

13.24.22.2. Re-integrating ABC results.
ABC RESULTS:               AND cells:        1
ABC RESULTS:               NOT cells:        2
ABC RESULTS:                OR cells:        1
ABC RESULTS:              XNOR cells:        1
ABC RESULTS:        internal signals:        1
ABC RESULTS:           input signals:        4
ABC RESULTS:          output signals:        5
Removing temp directory.

13.24.23. Extracting gate netlist of module `\secure_tiny_top' to `<abc-temp-dir>/input.blif'..
Found matching posedge clock domain: \clk, enabled by $auto$simple.cc:210:make_patterns_logic$6394, synchronously reset by !\rst_n

13.24.23.1. Executed ABC.
Extracted 7 gates and 14 wires to a netlist network with 7 inputs and 4 outputs.
Running ABC script: <abc-temp-dir>/abc.script
ABC: ======== ABC command line "source <abc-temp-dir>/abc.script"
ABC: + read_blif <abc-temp-dir>/input.blif 
ABC: + read_library <abc-temp-dir>/stdcells.genlib 
ABC: + strash 
ABC: + &get -n 
ABC: + &fraig -x 
ABC: + &put 
ABC: + scorr 
ABC: Warning: The network is combinational (run "fraig" or "fraig_sweep").
ABC: + dc2 
ABC: + dretime 
ABC: + strash 
ABC: + &get -n 
ABC: + &dch -f 
ABC: + &nf 
ABC: + &put 
ABC: + write_blif <abc-temp-dir>/output.blif 

13.24.23.2. Re-integrating ABC results.
ABC RESULTS:               AND cells:        2
ABC RESULTS:               NOT cells:        1
ABC RESULTS:                OR cells:        2
ABC RESULTS:        internal signals:        3
ABC RESULTS:           input signals:        7
ABC RESULTS:          output signals:        4
Removing temp directory.

13.24.24. Extracting gate netlist of module `\secure_tiny_top' to `<abc-temp-dir>/input.blif'..
Found matching posedge clock domain: \clk, enabled by $auto$simple.cc:210:make_patterns_logic$6333, synchronously reset by !\rst_n

13.24.25. Extracting gate netlist of module `\secure_tiny_top' to `<abc-temp-dir>/input.blif'..
Found matching posedge clock domain: \clk, enabled by $auto$simple.cc:210:make_patterns_logic$6320, synchronously reset by !\rst_n

13.24.26. Extracting gate netlist of module `\secure_tiny_top' to `<abc-temp-dir>/input.blif'..
Found matching posedge clock domain: \clk, enabled by $auto$simple.cc:210:make_patterns_logic$6307, synchronously reset by !\rst_n
Replacing 120 occurrences of constant undef bits with constant zero bits

13.24.26.1. Executed ABC.
Extracted 845 gates and 1217 wires to a netlist network with 370 inputs and 592 outputs.
Running ABC script: <abc-temp-dir>/abc.script
ABC: ======== ABC command line "source <abc-temp-dir>/abc.script"
ABC: + read_blif <abc-temp-dir>/input.blif 
ABC: + read_library <abc-temp-dir>/stdcells.genlib 
ABC: + strash 
ABC: + &get -n 
ABC: + &fraig -x 
ABC: + &put 
ABC: + scorr 
ABC: Warning: The network is combinational (run "fraig" or "fraig_sweep").
ABC: + dc2 
ABC: + dretime 
ABC: + strash 
ABC: + &get -n 
ABC: + &dch -f 
ABC: + &nf 
ABC: + &put 
ABC: + write_blif <abc-temp-dir>/output.blif 

13.24.26.2. Re-integrating ABC results.
ABC RESULTS:               AND cells:      280
ABC RESULTS:            ANDNOT cells:      290
ABC RESULTS:               MUX cells:        2
ABC RESULTS:              NAND cells:       27
ABC RESULTS:               NOR cells:        5
ABC RESULTS:               NOT cells:       28
ABC RESULTS:                OR cells:       35
ABC RESULTS:             ORNOT cells:        1
ABC RESULTS:              XNOR cells:      121
ABC RESULTS:               XOR cells:       60
ABC RESULTS:        internal signals:      255
ABC RESULTS:           input signals:      370
ABC RESULTS:          output signals:      592
Removing temp directory.

13.24.27. Extracting gate netlist of module `\secure_tiny_top' to `<abc-temp-dir>/input.blif'..
Found matching posedge clock domain: \clk, enabled by $auto$simple.cc:210:make_patterns_logic$6296, synchronously reset by !\rst_n

13.24.28. Extracting gate netlist of module `\secure_tiny_top' to `<abc-temp-dir>/input.blif'..
Found matching posedge clock domain: \clk, enabled by $auto$simple.cc:210:make_patterns_logic$6286, synchronously reset by !\rst_n

13.24.28.1. Executed ABC.
Extracted 3483 gates and 4664 wires to a netlist network with 1179 inputs and 948 outputs.
Running ABC script: <abc-temp-dir>/abc.script
ABC: ======== ABC command line "source <abc-temp-dir>/abc.script"
ABC: + read_blif <abc-temp-dir>/input.blif 
ABC: + read_library <abc-temp-dir>/stdcells.genlib 
ABC: + strash 
ABC: + &get -n 
ABC: + &fraig -x 
ABC: + &put 
ABC: + scorr 
ABC: Warning: The network is combinational (run "fraig" or "fraig_sweep").
ABC: + dc2 
ABC: + dretime 
ABC: + strash 
ABC: + &get -n 
ABC: + &dch -f 
ABC: + &nf 
ABC: + &put 
ABC: + write_blif <abc-temp-dir>/output.blif 

13.24.28.2. Re-integrating ABC results.
ABC RESULTS:               AND cells:      497
ABC RESULTS:            ANDNOT cells:       41
ABC RESULTS:               BUF cells:        1
ABC RESULTS:               MUX cells:      295
ABC RESULTS:              NAND cells:       39
ABC RESULTS:               NOR cells:       52
ABC RESULTS:               NOT cells:       46
ABC RESULTS:               ONE cells:        1
ABC RESULTS:                OR cells:       16
ABC RESULTS:             ORNOT cells:        3
ABC RESULTS:              XNOR cells:        7
ABC RESULTS:               XOR cells:        1
ABC RESULTS:              ZERO cells:      319
ABC RESULTS:        internal signals:     2537
ABC RESULTS:           input signals:     1179
ABC RESULTS:          output signals:      948
Removing temp directory.

13.24.28.1. Executed ABC.
Extracted 1016 gates and 1186 wires to a netlist network with 168 inputs and 451 outputs.
Running ABC script: <abc-temp-dir>/abc.script
ABC: ======== ABC command line "source <abc-temp-dir>/abc.script"
ABC: + read_blif <abc-temp-dir>/input.blif 
ABC: + read_library <abc-temp-dir>/stdcells.genlib 
ABC: + strash 
ABC: + &get -n 
ABC: + &fraig -x 
ABC: + &put 
ABC: + scorr 
ABC: Warning: The network is combinational (run "fraig" or "fraig_sweep").
ABC: + dc2 
ABC: + dretime 
ABC: + strash 
ABC: + &get -n 
ABC: + &dch -f 
ABC: + &nf 
ABC: + &put 
ABC: + write_blif <abc-temp-dir>/output.blif 

13.24.28.2. Re-integrating ABC results.
ABC RESULTS:               AND cells:       27
ABC RESULTS:            ANDNOT cells:      376
ABC RESULTS:              NAND cells:      402
ABC RESULTS:               NOR cells:        1
ABC RESULTS:              XNOR cells:        4
ABC RESULTS:        internal signals:      567
ABC RESULTS:           input signals:      168
ABC RESULTS:          output signals:      451
Removing temp directory.

13.24.29. Extracting gate netlist of module `\secure_tiny_top' to `<abc-temp-dir>/input.blif'..
Found matching posedge clock domain: \clk, enabled by $auto$simple.cc:210:make_patterns_logic$6265, synchronously reset by !\rst_n

13.24.30. Extracting gate netlist of module `\secure_tiny_top' to `<abc-temp-dir>/input.blif'..
Found matching posedge clock domain: \clk, enabled by $auto$simple.cc:210:make_patterns_logic$6259, synchronously reset by !\rst_n
Replacing 321 occurrences of constant undef bits with constant zero bits

13.24.31. Extracting gate netlist of module `\secure_tiny_top' to `<abc-temp-dir>/input.blif'..
Found matching posedge clock domain: \clk, enabled by $auto$simple.cc:210:make_patterns_logic$6255, synchronously reset by !\rst_n

13.24.32. Extracting gate netlist of module `\secure_tiny_top' to `<abc-temp-dir>/input.blif'..
Found matching posedge clock domain: \clk, enabled by $auto$simple.cc:210:make_patterns_logic$6231, synchronously reset by !\rst_n

13.24.33. Extracting gate netlist of module `\secure_tiny_top' to `<abc-temp-dir>/input.blif'..
Found matching posedge clock domain: \clk, enabled by $auto$simple.cc:210:make_patterns_logic$6219, synchronously reset by !\rst_n

13.24.34. Extracting gate netlist of module `\secure_tiny_top' to `<abc-temp-dir>/input.blif'..
Found matching posedge clock domain: \clk, enabled by $auto$simple.cc:210:make_patterns_logic$6207, synchronously reset by !\rst_n

13.24.35. Extracting gate netlist of module `\secure_tiny_top' to `<abc-temp-dir>/input.blif'..
Found matching posedge clock domain: \clk, enabled by $auto$simple.cc:210:make_patterns_logic$6195, synchronously reset by !\rst_n

13.24.36. Extracting gate netlist of module `\secure_tiny_top' to `<abc-temp-dir>/input.blif'..
Found matching posedge clock domain: \clk, enabled by $auto$simple.cc:210:make_patterns_logic$6190, synchronously reset by !\rst_n

13.24.37. Extracting gate netlist of module `\secure_tiny_top' to `<abc-temp-dir>/input.blif'..
Found matching posedge clock domain: \clk, enabled by $auto$simple.cc:210:make_patterns_logic$6174, synchronously reset by !\rst_n

13.24.38. Extracting gate netlist of module `\secure_tiny_top' to `<abc-temp-dir>/input.blif'..
Found matching posedge clock domain: \clk, enabled by $flatten\controller.\tag_hold.$logic_and$rtl/tag_generator.sv:23$147_Y, synchronously reset by !\rst_n

13.24.39. Extracting gate netlist of module `\secure_tiny_top' to `<abc-temp-dir>/input.blif'..
Found matching posedge clock domain: \clk, enabled by $flatten\controller.\verifier.$logic_and$rtl/tag_verifier.sv:36$151_Y, synchronously reset by !\rst_n

13.24.39.1. Executed ABC.
Extracted 11916 gates and 12690 wires to a netlist network with 773 inputs and 138 outputs.
Running ABC script: <abc-temp-dir>/abc.script
ABC: ======== ABC command line "source <abc-temp-dir>/abc.script"
ABC: + read_blif <abc-temp-dir>/input.blif 
ABC: + read_library <abc-temp-dir>/stdcells.genlib 
ABC: + strash 
ABC: + &get -n 
ABC: + &fraig -x 
ABC: + &put 
ABC: + scorr 
ABC: Warning: The network is combinational (run "fraig" or "fraig_sweep").
ABC: + dc2 
ABC: + dretime 
ABC: + strash 
ABC: + &get -n 
ABC: + &dch -f 
ABC: + &nf 
ABC: + &put 
ABC: + write_blif <abc-temp-dir>/output.blif 

13.24.39.2. Re-integrating ABC results.
ABC RESULTS:               AND cells:     1293
ABC RESULTS:            ANDNOT cells:      268
ABC RESULTS:               MUX cells:       75
ABC RESULTS:              NAND cells:     5615
ABC RESULTS:               NOR cells:      142
ABC RESULTS:               NOT cells:       18
ABC RESULTS:                OR cells:     1032
ABC RESULTS:             ORNOT cells:      444
ABC RESULTS:              XNOR cells:        3
ABC RESULTS:               XOR cells:        2
ABC RESULTS:        internal signals:    11779
ABC RESULTS:           input signals:      773
ABC RESULTS:          output signals:      138
Removing temp directory.

13.24.39.1. Executed ABC.
Extracted 130 gates and 325 wires to a netlist network with 195 inputs and 65 outputs.
Running ABC script: <abc-temp-dir>/abc.script
ABC: ======== ABC command line "source <abc-temp-dir>/abc.script"
ABC: + read_blif <abc-temp-dir>/input.blif 
ABC: + read_library <abc-temp-dir>/stdcells.genlib 
ABC: + strash 
ABC: + &get -n 
ABC: + &fraig -x 
ABC: + &put 
ABC: + scorr 
ABC: Warning: The network is combinational (run "fraig" or "fraig_sweep").
ABC: + dc2 
ABC: + dretime 
ABC: + strash 
ABC: + &get -n 
ABC: + &dch -f 
ABC: + &nf 
ABC: + &put 
ABC: + write_blif <abc-temp-dir>/output.blif 

13.24.39.2. Re-integrating ABC results.
ABC RESULTS:               AND cells:        3
ABC RESULTS:               MUX cells:       63
ABC RESULTS:                OR cells:       64
ABC RESULTS:        internal signals:       65
ABC RESULTS:           input signals:      195
ABC RESULTS:          output signals:       65
Removing temp directory.

13.24.39.1. Executed ABC.
Extracted 261 gates and 652 wires to a netlist network with 391 inputs and 129 outputs.
Running ABC script: <abc-temp-dir>/abc.script
ABC: ======== ABC command line "source <abc-temp-dir>/abc.script"
ABC: + read_blif <abc-temp-dir>/input.blif 
ABC: + read_library <abc-temp-dir>/stdcells.genlib 
ABC: + strash 
ABC: + &get -n 
ABC: + &fraig -x 
ABC: + &put 
ABC: + scorr 
ABC: Warning: The network is combinational (run "fraig" or "fraig_sweep").
ABC: + dc2 
ABC: + dretime 
ABC: + strash 
ABC: + &get -n 
ABC: + &dch -f 
ABC: + &nf 
ABC: + &put 
ABC: + write_blif <abc-temp-dir>/output.blif 

13.24.39.2. Re-integrating ABC results.
ABC RESULTS:               AND cells:       68
ABC RESULTS:            ANDNOT cells:       64
ABC RESULTS:              NAND cells:       64
ABC RESULTS:               NOR cells:       64
ABC RESULTS:                OR cells:       65
ABC RESULTS:               XOR cells:       64
ABC RESULTS:        internal signals:      132
ABC RESULTS:           input signals:      391
ABC RESULTS:          output signals:      129
Removing temp directory.

13.24.39.1. Executed ABC.
Extracted 2385 gates and 3679 wires to a netlist network with 1291 inputs and 995 outputs.
Running ABC script: <abc-temp-dir>/abc.script
ABC: ======== ABC command line "source <abc-temp-dir>/abc.script"
ABC: + read_blif <abc-temp-dir>/input.blif 
ABC: + read_library <abc-temp-dir>/stdcells.genlib 
ABC: + strash 
ABC: + &get -n 
ABC: + &fraig -x 
ABC: + &put 
ABC: + scorr 
ABC: Warning: The network is combinational (run "fraig" or "fraig_sweep").
ABC: + dc2 
ABC: + dretime 
ABC: + strash 
ABC: + &get -n 
ABC: + &dch -f 
ABC: + &nf 
ABC: + &put 
ABC: + write_blif <abc-temp-dir>/output.blif 

13.24.39.2. Re-integrating ABC results.
ABC RESULTS:               AND cells:      738
ABC RESULTS:            ANDNOT cells:       68
ABC RESULTS:               BUF cells:        8
ABC RESULTS:               MUX cells:      279
ABC RESULTS:              NAND cells:      175
ABC RESULTS:               NOR cells:       68
ABC RESULTS:               NOT cells:      103
ABC RESULTS:                OR cells:      258
ABC RESULTS:             ORNOT cells:       77
ABC RESULTS:              XNOR cells:      114
ABC RESULTS:               XOR cells:      259
ABC RESULTS:        internal signals:     1393
ABC RESULTS:           input signals:     1291
ABC RESULTS:          output signals:      995
Removing temp directory.

13.24.39.1. Executed ABC.
Extracted 193 gates and 516 wires to a netlist network with 323 inputs and 129 outputs.
Running ABC script: <abc-temp-dir>/abc.script
ABC: ======== ABC command line "source <abc-temp-dir>/abc.script"
ABC: + read_blif <abc-temp-dir>/input.blif 
ABC: + read_library <abc-temp-dir>/stdcells.genlib 
ABC: + strash 
ABC: + &get -n 
ABC: + &fraig -x 
ABC: + &put 
ABC: + scorr 
ABC: Warning: The network is combinational (run "fraig" or "fraig_sweep").
ABC: + dc2 
ABC: + dretime 
ABC: + strash 
ABC: + &get -n 
ABC: + &dch -f 
ABC: + &nf 
ABC: + &put 
ABC: + write_blif <abc-temp-dir>/output.blif 

13.24.39.2. Re-integrating ABC results.
ABC RESULTS:               AND cells:        1
ABC RESULTS:               MUX cells:       64
ABC RESULTS:                OR cells:       64
ABC RESULTS:               XOR cells:       64
ABC RESULTS:        internal signals:       64
ABC RESULTS:           input signals:      323
ABC RESULTS:          output signals:      129
Removing temp directory.

13.24.39.1. Executed ABC.
Extracted 132 gates and 267 wires to a netlist network with 134 inputs and 129 outputs.
Running ABC script: <abc-temp-dir>/abc.script
ABC: ======== ABC command line "source <abc-temp-dir>/abc.script"
ABC: + read_blif <abc-temp-dir>/input.blif 
ABC: + read_library <abc-temp-dir>/stdcells.genlib 
ABC: + strash 
ABC: + &get -n 
ABC: + &fraig -x 
ABC: + &put 
ABC: + scorr 
ABC: Warning: The network is combinational (run "fraig" or "fraig_sweep").
ABC: + dc2 
ABC: + dretime 
ABC: + strash 
ABC: + &get -n 
ABC: + &dch -f 
ABC: + &nf 
ABC: + &put 
ABC: + write_blif <abc-temp-dir>/output.blif 

13.24.39.2. Re-integrating ABC results.
ABC RESULTS:               AND cells:      131
ABC RESULTS:                OR cells:        1
ABC RESULTS:        internal signals:        4
ABC RESULTS:           input signals:      134
ABC RESULTS:          output signals:      129
Removing temp directory.

13.24.39.1. Executed ABC.
Extracted 1036 gates and 2142 wires to a netlist network with 1105 inputs and 767 outputs.
Running ABC script: <abc-temp-dir>/abc.script
ABC: ======== ABC command line "source <abc-temp-dir>/abc.script"
ABC: + read_blif <abc-temp-dir>/input.blif 
ABC: + read_library <abc-temp-dir>/stdcells.genlib 
ABC: + strash 
ABC: + &get -n 
ABC: + &fraig -x 
ABC: + &put 
ABC: + scorr 
ABC: Warning: The network is combinational (run "fraig" or "fraig_sweep").
ABC: + dc2 
ABC: + dretime 
ABC: + strash 
ABC: + &get -n 
ABC: + &dch -f 
ABC: + &nf 
ABC: + &put 
ABC: + write_blif <abc-temp-dir>/output.blif 

13.24.39.2. Re-integrating ABC results.
ABC RESULTS:               AND cells:      394
ABC RESULTS:            ANDNOT cells:       21
ABC RESULTS:               MUX cells:      260
ABC RESULTS:              NAND cells:        3
ABC RESULTS:               NOR cells:       18
ABC RESULTS:               NOT cells:       66
ABC RESULTS:                OR cells:      124
ABC RESULTS:             ORNOT cells:        4
ABC RESULTS:              XNOR cells:       15
ABC RESULTS:               XOR cells:      129
ABC RESULTS:        internal signals:      270
ABC RESULTS:           input signals:     1105
ABC RESULTS:          output signals:      767
Removing temp directory.

13.24.39.1. Executed ABC.
Extracted 1016 gates and 1186 wires to a netlist network with 168 inputs and 451 outputs.
Running ABC script: <abc-temp-dir>/abc.script
ABC: ======== ABC command line "source <abc-temp-dir>/abc.script"
ABC: + read_blif <abc-temp-dir>/input.blif 
ABC: + read_library <abc-temp-dir>/stdcells.genlib 
ABC: + strash 
ABC: + &get -n 
ABC: + &fraig -x 
ABC: + &put 
ABC: + scorr 
ABC: Warning: The network is combinational (run "fraig" or "fraig_sweep").
ABC: + dc2 
ABC: + dretime 
ABC: + strash 
ABC: + &get -n 
ABC: + &dch -f 
ABC: + &nf 
ABC: + &put 
ABC: + write_blif <abc-temp-dir>/output.blif 

13.24.39.2. Re-integrating ABC results.
ABC RESULTS:               AND cells:       27
ABC RESULTS:            ANDNOT cells:      376
ABC RESULTS:              NAND cells:      402
ABC RESULTS:               NOR cells:        1
ABC RESULTS:              XNOR cells:        4
ABC RESULTS:        internal signals:      567
ABC RESULTS:           input signals:      168
ABC RESULTS:          output signals:      451
Removing temp directory.

13.24.39.1. Executed ABC.
Extracted 185 gates and 262 wires to a netlist network with 77 inputs and 121 outputs.
Running ABC script: <abc-temp-dir>/abc.script
ABC: ======== ABC command line "source <abc-temp-dir>/abc.script"
ABC: + read_blif <abc-temp-dir>/input.blif 
ABC: + read_library <abc-temp-dir>/stdcells.genlib 
ABC: + strash 
ABC: + &get -n 
ABC: + &fraig -x 
ABC: + &put 
ABC: + scorr 
ABC: Warning: The network is combinational (run "fraig" or "fraig_sweep").
ABC: + dc2 
ABC: + dretime 
ABC: + strash 
ABC: + &get -n 
ABC: + &dch -f 
ABC: + &nf 
ABC: + &put 
ABC: + write_blif <abc-temp-dir>/output.blif 

13.24.39.2. Re-integrating ABC results.
ABC RESULTS:               AND cells:       70
ABC RESULTS:              NAND cells:        2
ABC RESULTS:               NOT cells:        4
ABC RESULTS:                OR cells:       19
ABC RESULTS:             ORNOT cells:        4
ABC RESULTS:              XNOR cells:        3
ABC RESULTS:               XOR cells:       59
ABC RESULTS:        internal signals:       64
ABC RESULTS:           input signals:       77
ABC RESULTS:          output signals:      121
Removing temp directory.

13.24.39.1. Executed ABC.
Extracted 387 gates and 465 wires to a netlist network with 77 inputs and 161 outputs.
Running ABC script: <abc-temp-dir>/abc.script
ABC: ======== ABC command line "source <abc-temp-dir>/abc.script"
ABC: + read_blif <abc-temp-dir>/input.blif 
ABC: + read_library <abc-temp-dir>/stdcells.genlib 
ABC: + strash 
ABC: + &get -n 
ABC: + &fraig -x 
ABC: + &put 
ABC: + scorr 
ABC: Warning: The network is combinational (run "fraig" or "fraig_sweep").
ABC: + dc2 
ABC: + dretime 
ABC: + strash 
ABC: + &get -n 
ABC: + &dch -f 
ABC: + &nf 
ABC: + &put 
ABC: + write_blif <abc-temp-dir>/output.blif 

13.24.39.2. Re-integrating ABC results.
ABC RESULTS:               AND cells:      160
ABC RESULTS:            ANDNOT cells:       21
ABC RESULTS:               MUX cells:        2
ABC RESULTS:              NAND cells:       12
ABC RESULTS:               NOR cells:       12
ABC RESULTS:               NOT cells:        6
ABC RESULTS:                OR cells:        4
ABC RESULTS:             ORNOT cells:        7
ABC RESULTS:              XNOR cells:        7
ABC RESULTS:               XOR cells:       58
ABC RESULTS:        internal signals:      227
ABC RESULTS:           input signals:       77
ABC RESULTS:          output signals:      161
Removing temp directory.

13.24.39.1. Executed ABC.
Extracted 390 gates and 470 wires to a netlist network with 79 inputs and 163 outputs.
Running ABC script: <abc-temp-dir>/abc.script
ABC: ======== ABC command line "source <abc-temp-dir>/abc.script"
ABC: + read_blif <abc-temp-dir>/input.blif 
ABC: + read_library <abc-temp-dir>/stdcells.genlib 
ABC: + strash 
ABC: + &get -n 
ABC: + &fraig -x 
ABC: + &put 
ABC: + scorr 
ABC: Warning: The network is combinational (run "fraig" or "fraig_sweep").
ABC: + dc2 
ABC: + dretime 
ABC: + strash 
ABC: + &get -n 
ABC: + &dch -f 
ABC: + &nf 
ABC: + &put 
ABC: + write_blif <abc-temp-dir>/output.blif 

13.24.39.2. Re-integrating ABC results.
ABC RESULTS:               AND cells:      147
ABC RESULTS:            ANDNOT cells:       17
ABC RESULTS:               MUX cells:        1
ABC RESULTS:              NAND cells:       17
ABC RESULTS:               NOR cells:       16
ABC RESULTS:               NOT cells:        6
ABC RESULTS:                OR cells:        8
ABC RESULTS:             ORNOT cells:        4
ABC RESULTS:              XNOR cells:       11
ABC RESULTS:               XOR cells:       57
ABC RESULTS:        internal signals:      228
ABC RESULTS:           input signals:       79
ABC RESULTS:          output signals:      163
Removing temp directory.

13.24.40. Extracting gate netlist of module `\secure_tiny_top' to `<abc-temp-dir>/input.blif'..
Found matching posedge clock domain: \clk
Replacing 120 occurrences of constant undef bits with constant zero bits

13.24.40.1. Executed ABC.
Extracted 378 gates and 618 wires to a netlist network with 239 inputs and 196 outputs.
Running ABC script: <abc-temp-dir>/abc.script
ABC: ======== ABC command line "source <abc-temp-dir>/abc.script"
ABC: + read_blif <abc-temp-dir>/input.blif 
ABC: + read_library <abc-temp-dir>/stdcells.genlib 
ABC: + strash 
ABC: + &get -n 
ABC: + &fraig -x 
ABC: + &put 
ABC: + scorr 
ABC: Warning: The network is combinational (run "fraig" or "fraig_sweep").
ABC: + dc2 
ABC: + dretime 
ABC: + strash 
ABC: + &get -n 
ABC: + &dch -f 
ABC: + &nf 
ABC: + &put 
ABC: + write_blif <abc-temp-dir>/output.blif 

13.24.40.2. Re-integrating ABC results.
ABC RESULTS:               AND cells:       88
ABC RESULTS:            ANDNOT cells:        3
ABC RESULTS:              NAND cells:       24
ABC RESULTS:               NOR cells:        7
ABC RESULTS:               NOT cells:       67
ABC RESULTS:                OR cells:       61
ABC RESULTS:             ORNOT cells:        5
ABC RESULTS:              XNOR cells:       30
ABC RESULTS:               XOR cells:       64
ABC RESULTS:        internal signals:      183
ABC RESULTS:           input signals:      239
ABC RESULTS:          output signals:      196
Removing temp directory.

13.24.40.1. Executed ABC.
Extracted 706 gates and 1030 wires to a netlist network with 324 inputs and 321 outputs.
Running ABC script: <abc-temp-dir>/abc.script
ABC: ======== ABC command line "source <abc-temp-dir>/abc.script"
ABC: + read_blif <abc-temp-dir>/input.blif 
ABC: + read_library <abc-temp-dir>/stdcells.genlib 
ABC: + strash 
ABC: + &get -n 
ABC: + &fraig -x 
ABC: + &put 
ABC: + scorr 
ABC: Warning: The network is combinational (run "fraig" or "fraig_sweep").
ABC: + dc2 
ABC: + dretime 
ABC: + strash 
ABC: + &get -n 
ABC: + &dch -f 
ABC: + &nf 
ABC: + &put 
ABC: + write_blif <abc-temp-dir>/output.blif 

13.24.40.2. Re-integrating ABC results.
ABC RESULTS:               MUX cells:        1
ABC RESULTS:                OR cells:        1
ABC RESULTS:              XNOR cells:      576
ABC RESULTS:               XOR cells:       64
ABC RESULTS:        internal signals:      385
ABC RESULTS:           input signals:      324
ABC RESULTS:          output signals:      321
Removing temp directory.

13.24.40.1. Executed ABC.
Extracted 2200 gates and 2535 wires to a netlist network with 334 inputs and 323 outputs.
Running ABC script: <abc-temp-dir>/abc.script
ABC: ======== ABC command line "source <abc-temp-dir>/abc.script"
ABC: + read_blif <abc-temp-dir>/input.blif 
ABC: + read_library <abc-temp-dir>/stdcells.genlib 
ABC: + strash 
ABC: + &get -n 
ABC: + &fraig -x 
ABC: + &put 
ABC: + scorr 
ABC: Warning: The network is combinational (run "fraig" or "fraig_sweep").
ABC: + dc2 
ABC: + dretime 
ABC: + strash 
ABC: + &get -n 
ABC: + &dch -f 
ABC: + &nf 
ABC: + &put 
ABC: + write_blif <abc-temp-dir>/output.blif 

13.24.40.2. Re-integrating ABC results.
ABC RESULTS:               AND cells:       10
ABC RESULTS:            ANDNOT cells:      117
ABC RESULTS:               MUX cells:      137
ABC RESULTS:              NAND cells:       66
ABC RESULTS:               NOR cells:       70
ABC RESULTS:               NOT cells:       64
ABC RESULTS:                OR cells:      172
ABC RESULTS:             ORNOT cells:       20
ABC RESULTS:              XNOR cells:      511
ABC RESULTS:               XOR cells:       66
ABC RESULTS:        internal signals:     1878
ABC RESULTS:           input signals:      334
ABC RESULTS:          output signals:      323
Removing temp directory.

13.24.40.1. Executed ABC.
Extracted 33 gates and 49 wires to a netlist network with 15 inputs and 17 outputs.
Running ABC script: <abc-temp-dir>/abc.script
ABC: ======== ABC command line "source <abc-temp-dir>/abc.script"
ABC: + read_blif <abc-temp-dir>/input.blif 
ABC: + read_library <abc-temp-dir>/stdcells.genlib 
ABC: + strash 
ABC: + &get -n 
ABC: + &fraig -x 
ABC: + &put 
ABC: + scorr 
ABC: Warning: The network is combinational (run "fraig" or "fraig_sweep").
ABC: + dc2 
ABC: + dretime 
ABC: + strash 
ABC: + &get -n 
ABC: + &dch -f 
ABC: + &nf 
ABC: + &put 
ABC: + write_blif <abc-temp-dir>/output.blif 

13.24.40.2. Re-integrating ABC results.
ABC RESULTS:               AND cells:        9
ABC RESULTS:              NAND cells:        5
ABC RESULTS:               NOT cells:        3
ABC RESULTS:                OR cells:        1
ABC RESULTS:              XNOR cells:        5
ABC RESULTS:               XOR cells:        6
ABC RESULTS:        internal signals:       17
ABC RESULTS:           input signals:       15
ABC RESULTS:          output signals:       17
Removing temp directory.

13.24.40.1. Executed ABC.
Extracted 0 gates and 0 wires to a netlist network with 0 inputs and 0 outputs.
Don't call ABC as there is nothing to map.
Removing temp directory.

13.24.40.1. Executed ABC.
Extracted 128 gates and 384 wires to a netlist network with 256 inputs and 128 outputs.
Running ABC script: <abc-temp-dir>/abc.script
ABC: ======== ABC command line "source <abc-temp-dir>/abc.script"
ABC: + read_blif <abc-temp-dir>/input.blif 
ABC: + read_library <abc-temp-dir>/stdcells.genlib 
ABC: + strash 
ABC: + &get -n 
ABC: + &fraig -x 
ABC: + &put 
ABC: + scorr 
ABC: Warning: The network is combinational (run "fraig" or "fraig_sweep").
ABC: + dc2 
ABC: + dretime 
ABC: + strash 
ABC: + &get -n 
ABC: + &dch -f 
ABC: + &nf 
ABC: + &put 
ABC: + write_blif <abc-temp-dir>/output.blif 

13.24.40.2. Re-integrating ABC results.
ABC RESULTS:               XOR cells:      128
ABC RESULTS:        internal signals:        0
ABC RESULTS:           input signals:      256
ABC RESULTS:          output signals:      128
Removing temp directory.

13.24.40.1. Executed ABC.
Extracted 2645 gates and 4293 wires to a netlist network with 1646 inputs and 997 outputs.
Running ABC script: <abc-temp-dir>/abc.script
ABC: ======== ABC command line "source <abc-temp-dir>/abc.script"
ABC: + read_blif <abc-temp-dir>/input.blif 
ABC: + read_library <abc-temp-dir>/stdcells.genlib 
ABC: + strash 
ABC: + &get -n 
ABC: + &fraig -x 
ABC: + &put 
ABC: + scorr 
ABC: Warning: The network is combinational (run "fraig" or "fraig_sweep").
ABC: + dc2 
ABC: + dretime 
ABC: + strash 
ABC: + &get -n 
ABC: + &dch -f 
ABC: + &nf 
ABC: + &put 
ABC: + write_blif <abc-temp-dir>/output.blif 

13.24.40.2. Re-integrating ABC results.
ABC RESULTS:               AND cells:      993
ABC RESULTS:            ANDNOT cells:       58
ABC RESULTS:               MUX cells:      393
ABC RESULTS:              NAND cells:      489
ABC RESULTS:               NOR cells:       79
ABC RESULTS:               NOT cells:       16
ABC RESULTS:                OR cells:      140
ABC RESULTS:             ORNOT cells:       75
ABC RESULTS:        internal signals:     1650
ABC RESULTS:           input signals:     1646
ABC RESULTS:          output signals:      997
Removing temp directory.
Removing global temp directory.

13.25. Executing OPT pass (performing simple optimizations).

13.25.1. Executing OPT_EXPR pass (perform const folding).
Optimizing module secure_tiny_top.
<suppressed ~791 debug messages>

13.25.2. Executing OPT_MERGE pass (detect identical cells).
Finding identical cells in module `\secure_tiny_top'.
Computing hashes of 24841 cells of `\secure_tiny_top'.
Finding duplicate cells in `\secure_tiny_top'.
Computing hashes of 24232 cells of `\secure_tiny_top'.
Finding duplicate cells in `\secure_tiny_top'.
Computing hashes of 23872 cells of `\secure_tiny_top'.
Finding duplicate cells in `\secure_tiny_top'.
Computing hashes of 23726 cells of `\secure_tiny_top'.
Finding duplicate cells in `\secure_tiny_top'.
Computing hashes of 23717 cells of `\secure_tiny_top'.
Finding duplicate cells in `\secure_tiny_top'.
Computing hashes of 23716 cells of `\secure_tiny_top'.
Finding duplicate cells in `\secure_tiny_top'.
<suppressed ~3375 debug messages>
Removed a total of 1125 cells.

13.25.3. Executing OPT_DFF pass (perform DFF optimizations).
Setting constant 0-bit at position 0 on $auto$ff.cc:337:slice$7761 ($_SDFFE_PN0P_) from module secure_tiny_top.

13.25.4. Executing OPT_CLEAN pass (remove unused cells and wires).
Finding unused cells or wires in module \secure_tiny_top..
Removed 519 unused cells and 18917 unused wires.
<suppressed ~520 debug messages>

13.25.5. Rerunning OPT passes. (Removed registers in this run.)

13.25.6. Executing OPT_EXPR pass (perform const folding).
Optimizing module secure_tiny_top.
<suppressed ~945 debug messages>

13.25.7. Executing OPT_MERGE pass (detect identical cells).
Finding identical cells in module `\secure_tiny_top'.
Computing hashes of 22357 cells of `\secure_tiny_top'.
Finding duplicate cells in `\secure_tiny_top'.
Computing hashes of 21616 cells of `\secure_tiny_top'.
Finding duplicate cells in `\secure_tiny_top'.
Computing hashes of 21134 cells of `\secure_tiny_top'.
Finding duplicate cells in `\secure_tiny_top'.
Computing hashes of 20981 cells of `\secure_tiny_top'.
Finding duplicate cells in `\secure_tiny_top'.
Computing hashes of 20965 cells of `\secure_tiny_top'.
Finding duplicate cells in `\secure_tiny_top'.
Computing hashes of 20959 cells of `\secure_tiny_top'.
Finding duplicate cells in `\secure_tiny_top'.
Computing hashes of 20955 cells of `\secure_tiny_top'.
Finding duplicate cells in `\secure_tiny_top'.
Computing hashes of 20952 cells of `\secure_tiny_top'.
Finding duplicate cells in `\secure_tiny_top'.
Computing hashes of 20949 cells of `\secure_tiny_top'.
Finding duplicate cells in `\secure_tiny_top'.
Computing hashes of 20946 cells of `\secure_tiny_top'.
Finding duplicate cells in `\secure_tiny_top'.
Computing hashes of 20945 cells of `\secure_tiny_top'.
Finding duplicate cells in `\secure_tiny_top'.
Computing hashes of 20944 cells of `\secure_tiny_top'.
Finding duplicate cells in `\secure_tiny_top'.
Computing hashes of 20943 cells of `\secure_tiny_top'.
Finding duplicate cells in `\secure_tiny_top'.
<suppressed ~4242 debug messages>
Removed a total of 1414 cells.

13.25.8. Executing OPT_DFF pass (perform DFF optimizations).

13.25.9. Executing OPT_CLEAN pass (remove unused cells and wires).
Finding unused cells or wires in module \secure_tiny_top..
Removed 6 unused cells and 2148 unused wires.
<suppressed ~7 debug messages>

13.25.10. Finished fast OPT passes.

13.26. Executing HIERARCHY pass (managing design hierarchy).
Attribute `top' found on module `secure_tiny_top'. Setting top module to secure_tiny_top.

13.26.1. Analyzing design hierarchy..
Top module:  \secure_tiny_top

13.26.2. Analyzing design hierarchy..
Top module:  \secure_tiny_top
Removed 0 unused modules.

13.27. Printing statistics.

=== secure_tiny_top ===

        +----------Local Count, excluding submodules.
        | 
    16898 wires
    27901 wire bits
      195 public wires
     9551 public wire bits
       27 ports
      618 port bits
    20937 cells
      898   $_ANDNOT_
     4220   $_AND_
       20   $_DFF_P_
     1416   $_MUX_
     6442   $_NAND_
      491   $_NOR_
      330   $_NOT_
      425   $_ORNOT_
     1535   $_OR_
     2763   $_SDFFE_PN0P_
        3   $_SDFFE_PP0P_
       10   $_SDFF_PN0_
        4   $_SDFF_PP0_
     1300   $_XNOR_
     1074   $_XOR_
        6   $scopeinfo

13.28. Executing CHECK pass (checking for obvious problems).
Checking module secure_tiny_top...
Found and reported 0 problems.

14. Printing statistics.

=== secure_tiny_top ===

        +----------Local Count, excluding submodules.
        | 
    16898 wires
    27901 wire bits
      195 public wires
     9551 public wire bits
       27 ports
      618 port bits
    20937 cells
      898   $_ANDNOT_
     4220   $_AND_
       20   $_DFF_P_
     1416   $_MUX_
     6442   $_NAND_
      491   $_NOR_
      330   $_NOT_
      425   $_ORNOT_
     1535   $_OR_
     2763   $_SDFFE_PN0P_
        3   $_SDFFE_PP0P_
       10   $_SDFF_PN0_
        4   $_SDFF_PP0_
     1300   $_XNOR_
     1074   $_XOR_
        6   $scopeinfo

End of script. Logfile hash: 5dff53a595
Yosys 0.69+156 (git sha1 9d0c91b23-dirty, Release, GNU /usr/bin/x86_64-w64-mingw32-g++ 15.2.1)
Time spent: 1% 56x opt_expr (0 sec), 1% 35x opt_clean (0 sec), ...
