Timing Analyzer report for secure_tiny
Tue Oct  6 21:07:05 2026
Quartus Prime Version 25.1std.0 Build 1129 10/21/2025 SC Lite Edition


---------------------
; Table of Contents ;
---------------------
  1. Legal Notice
  2. Timing Analyzer Summary
  3. Parallel Compilation
  4. SDC File List
  5. Clocks
  6. Slow 1100mV 100C Model Fmax Summary
  7. Timing Closure Recommendations
  8. Slow 1100mV 100C Model Setup Summary
  9. Slow 1100mV 100C Model Hold Summary
 10. Slow 1100mV 100C Model Recovery Summary
 11. Slow 1100mV 100C Model Removal Summary
 12. Slow 1100mV 100C Model Minimum Pulse Width Summary
 13. Slow 1100mV 100C Model Metastability Summary
 14. Slow 1100mV -40C Model Fmax Summary
 15. Slow 1100mV -40C Model Setup Summary
 16. Slow 1100mV -40C Model Hold Summary
 17. Slow 1100mV -40C Model Recovery Summary
 18. Slow 1100mV -40C Model Removal Summary
 19. Slow 1100mV -40C Model Minimum Pulse Width Summary
 20. Slow 1100mV -40C Model Metastability Summary
 21. Fast 1100mV 100C Model Setup Summary
 22. Fast 1100mV 100C Model Hold Summary
 23. Fast 1100mV 100C Model Recovery Summary
 24. Fast 1100mV 100C Model Removal Summary
 25. Fast 1100mV 100C Model Minimum Pulse Width Summary
 26. Fast 1100mV 100C Model Metastability Summary
 27. Fast 1100mV -40C Model Setup Summary
 28. Fast 1100mV -40C Model Hold Summary
 29. Fast 1100mV -40C Model Recovery Summary
 30. Fast 1100mV -40C Model Removal Summary
 31. Fast 1100mV -40C Model Minimum Pulse Width Summary
 32. Fast 1100mV -40C Model Metastability Summary
 33. Multicorner Timing Analysis Summary
 34. Board Trace Model Assignments
 35. Input Transition Times
 36. Signal Integrity Metrics (Slow 1100mv n40c Model)
 37. Signal Integrity Metrics (Slow 1100mv 100c Model)
 38. Signal Integrity Metrics (Fast 1100mv n40c Model)
 39. Signal Integrity Metrics (Fast 1100mv 100c Model)
 40. Setup Transfers
 41. Hold Transfers
 42. Report TCCS
 43. Report RSKM
 44. Unconstrained Paths Summary
 45. Clock Status Summary
 46. Unconstrained Input Ports
 47. Unconstrained Output Ports
 48. Unconstrained Input Ports
 49. Unconstrained Output Ports
 50. Timing Analyzer Messages



----------------
; Legal Notice ;
----------------
Copyright (C) 2025  Altera Corporation. All rights reserved.
Your use of Altera Corporation's design tools, logic functions 
and other software and tools, and any partner logic 
functions, and any output files from any of the foregoing 
(including device programming or simulation files), and any 
associated documentation or information are expressly subject 
to the terms and conditions of the Altera Program License 
Subscription Agreement, the Altera Quartus Prime License Agreement,
the Altera IP License Agreement, or other applicable license
agreement, including, without limitation, that your use is for
the sole purpose of programming logic devices manufactured by
Altera and sold by Altera or its authorized distributors.  Please
refer to the Altera Software License Subscription Agreements 
on the Quartus Prime software download page.



+---------------------------------------------------------------------------------+
; Timing Analyzer Summary                                                         ;
+-----------------------+---------------------------------------------------------+
; Quartus Prime Version ; Version 25.1std.0 Build 1129 10/21/2025 SC Lite Edition ;
; Timing Analyzer       ; Legacy Timing Analyzer                                  ;
; Revision Name         ; secure_tiny                                             ;
; Device Family         ; Cyclone V                                               ;
; Device Name           ; 5CSEBA6U23I7                                            ;
; Timing Models         ; Final                                                   ;
; Delay Model           ; Combined                                                ;
; Rise/Fall Delays      ; Enabled                                                 ;
+-----------------------+---------------------------------------------------------+


+------------------------------------------+
; Parallel Compilation                     ;
+----------------------------+-------------+
; Processors                 ; Number      ;
+----------------------------+-------------+
; Number detected on machine ; 4           ;
; Maximum allowed            ; 2           ;
;                            ;             ;
; Average used               ; 1.60        ;
; Maximum used               ; 2           ;
;                            ;             ;
; Usage by Processor         ; % Time Used ;
;     Processor 1            ; 100.0%      ;
;     Processor 2            ;  60.4%      ;
+----------------------------+-------------+


+-----------------------------------------------------+
; SDC File List                                       ;
+-----------------+--------+--------------------------+
; SDC File Path   ; Status ; Read at                  ;
+-----------------+--------+--------------------------+
; secure_tiny.sdc ; OK     ; Tue Oct  6 21:06:50 2026 ;
+-----------------+--------+--------------------------+


+-----------------------------------------------------------------------------------------------------------------------------------------------------------------------------------+
; Clocks                                                                                                                                                                            ;
+--------------+------+--------+-----------+-------+--------+------------+-----------+-------------+-------+--------+-----------+------------+----------+--------+--------+---------+
; Clock Name   ; Type ; Period ; Frequency ; Rise  ; Fall   ; Duty Cycle ; Divide by ; Multiply by ; Phase ; Offset ; Edge List ; Edge Shift ; Inverted ; Master ; Source ; Targets ;
+--------------+------+--------+-----------+-------+--------+------------+-----------+-------------+-------+--------+-----------+------------+----------+--------+--------+---------+
; FPGA_CLK1_50 ; Base ; 20.000 ; 50.0 MHz  ; 0.000 ; 10.000 ;            ;           ;             ;       ;        ;           ;            ;          ;        ;        ; { clk } ;
+--------------+------+--------+-----------+-------+--------+------------+-----------+-------------+-------+--------+-----------+------------+----------+--------+--------+---------+


+---------------------------------------------------+
; Slow 1100mV 100C Model Fmax Summary               ;
+-----------+-----------------+--------------+------+
; Fmax      ; Restricted Fmax ; Clock Name   ; Note ;
+-----------+-----------------+--------------+------+
; 79.72 MHz ; 79.72 MHz       ; FPGA_CLK1_50 ;      ;
+-----------+-----------------+--------------+------+
This panel reports FMAX for every clock in the design, regardless of the user-specified clock periods.  FMAX is only computed for paths where the source and destination registers or ports are driven by the same clock.  Paths of different clocks, including generated clocks, are ignored.  For paths between a clock and its inversion, FMAX is computed as if the rising and falling edges are scaled along with FMAX, such that the duty cycle (in terms of a percentage) is maintained. Altera recommends that you always use clock constraints and other slack reports for sign-off analysis.


----------------------------------
; Timing Closure Recommendations ;
----------------------------------
HTML report is unavailable in plain text report export.


+--------------------------------------+
; Slow 1100mV 100C Model Setup Summary ;
+--------------+-------+---------------+
; Clock        ; Slack ; End Point TNS ;
+--------------+-------+---------------+
; FPGA_CLK1_50 ; 7.456 ; 0.000         ;
+--------------+-------+---------------+


+--------------------------------------+
; Slow 1100mV 100C Model Hold Summary  ;
+--------------+-------+---------------+
; Clock        ; Slack ; End Point TNS ;
+--------------+-------+---------------+
; FPGA_CLK1_50 ; 0.338 ; 0.000         ;
+--------------+-------+---------------+


-------------------------------------------
; Slow 1100mV 100C Model Recovery Summary ;
-------------------------------------------
No paths to report.


------------------------------------------
; Slow 1100mV 100C Model Removal Summary ;
------------------------------------------
No paths to report.


+----------------------------------------------------+
; Slow 1100mV 100C Model Minimum Pulse Width Summary ;
+--------------+-------+-----------------------------+
; Clock        ; Slack ; End Point TNS               ;
+--------------+-------+-----------------------------+
; FPGA_CLK1_50 ; 9.170 ; 0.000                       ;
+--------------+-------+-----------------------------+


------------------------------------------------
; Slow 1100mV 100C Model Metastability Summary ;
------------------------------------------------
No synchronizer chains to report.


+---------------------------------------------------+
; Slow 1100mV -40C Model Fmax Summary               ;
+-----------+-----------------+--------------+------+
; Fmax      ; Restricted Fmax ; Clock Name   ; Note ;
+-----------+-----------------+--------------+------+
; 80.96 MHz ; 80.96 MHz       ; FPGA_CLK1_50 ;      ;
+-----------+-----------------+--------------+------+
This panel reports FMAX for every clock in the design, regardless of the user-specified clock periods.  FMAX is only computed for paths where the source and destination registers or ports are driven by the same clock.  Paths of different clocks, including generated clocks, are ignored.  For paths between a clock and its inversion, FMAX is computed as if the rising and falling edges are scaled along with FMAX, such that the duty cycle (in terms of a percentage) is maintained. Altera recommends that you always use clock constraints and other slack reports for sign-off analysis.


+--------------------------------------+
; Slow 1100mV -40C Model Setup Summary ;
+--------------+-------+---------------+
; Clock        ; Slack ; End Point TNS ;
+--------------+-------+---------------+
; FPGA_CLK1_50 ; 7.648 ; 0.000         ;
+--------------+-------+---------------+


+--------------------------------------+
; Slow 1100mV -40C Model Hold Summary  ;
+--------------+-------+---------------+
; Clock        ; Slack ; End Point TNS ;
+--------------+-------+---------------+
; FPGA_CLK1_50 ; 0.315 ; 0.000         ;
+--------------+-------+---------------+


-------------------------------------------
; Slow 1100mV -40C Model Recovery Summary ;
-------------------------------------------
No paths to report.


------------------------------------------
; Slow 1100mV -40C Model Removal Summary ;
------------------------------------------
No paths to report.


+----------------------------------------------------+
; Slow 1100mV -40C Model Minimum Pulse Width Summary ;
+--------------+-------+-----------------------------+
; Clock        ; Slack ; End Point TNS               ;
+--------------+-------+-----------------------------+
; FPGA_CLK1_50 ; 9.273 ; 0.000                       ;
+--------------+-------+-----------------------------+


------------------------------------------------
; Slow 1100mV -40C Model Metastability Summary ;
------------------------------------------------
No synchronizer chains to report.


+---------------------------------------+
; Fast 1100mV 100C Model Setup Summary  ;
+--------------+--------+---------------+
; Clock        ; Slack  ; End Point TNS ;
+--------------+--------+---------------+
; FPGA_CLK1_50 ; 12.957 ; 0.000         ;
+--------------+--------+---------------+


+--------------------------------------+
; Fast 1100mV 100C Model Hold Summary  ;
+--------------+-------+---------------+
; Clock        ; Slack ; End Point TNS ;
+--------------+-------+---------------+
; FPGA_CLK1_50 ; 0.178 ; 0.000         ;
+--------------+-------+---------------+


-------------------------------------------
; Fast 1100mV 100C Model Recovery Summary ;
-------------------------------------------
No paths to report.


------------------------------------------
; Fast 1100mV 100C Model Removal Summary ;
------------------------------------------
No paths to report.


+----------------------------------------------------+
; Fast 1100mV 100C Model Minimum Pulse Width Summary ;
+--------------+-------+-----------------------------+
; Clock        ; Slack ; End Point TNS               ;
+--------------+-------+-----------------------------+
; FPGA_CLK1_50 ; 9.106 ; 0.000                       ;
+--------------+-------+-----------------------------+


------------------------------------------------
; Fast 1100mV 100C Model Metastability Summary ;
------------------------------------------------
No synchronizer chains to report.


+---------------------------------------+
; Fast 1100mV -40C Model Setup Summary  ;
+--------------+--------+---------------+
; Clock        ; Slack  ; End Point TNS ;
+--------------+--------+---------------+
; FPGA_CLK1_50 ; 14.081 ; 0.000         ;
+--------------+--------+---------------+


+--------------------------------------+
; Fast 1100mV -40C Model Hold Summary  ;
+--------------+-------+---------------+
; Clock        ; Slack ; End Point TNS ;
+--------------+-------+---------------+
; FPGA_CLK1_50 ; 0.157 ; 0.000         ;
+--------------+-------+---------------+


-------------------------------------------
; Fast 1100mV -40C Model Recovery Summary ;
-------------------------------------------
No paths to report.


------------------------------------------
; Fast 1100mV -40C Model Removal Summary ;
------------------------------------------
No paths to report.


+----------------------------------------------------+
; Fast 1100mV -40C Model Minimum Pulse Width Summary ;
+--------------+-------+-----------------------------+
; Clock        ; Slack ; End Point TNS               ;
+--------------+-------+-----------------------------+
; FPGA_CLK1_50 ; 9.047 ; 0.000                       ;
+--------------+-------+-----------------------------+


------------------------------------------------
; Fast 1100mV -40C Model Metastability Summary ;
------------------------------------------------
No synchronizer chains to report.


+-----------------------------------------------------------------------------+
; Multicorner Timing Analysis Summary                                         ;
+------------------+-------+-------+----------+---------+---------------------+
; Clock            ; Setup ; Hold  ; Recovery ; Removal ; Minimum Pulse Width ;
+------------------+-------+-------+----------+---------+---------------------+
; Worst-case Slack ; 7.456 ; 0.157 ; N/A      ; N/A     ; 9.047               ;
;  FPGA_CLK1_50    ; 7.456 ; 0.157 ; N/A      ; N/A     ; 9.047               ;
; Design-wide TNS  ; 0.0   ; 0.0   ; 0.0      ; 0.0     ; 0.0                 ;
;  FPGA_CLK1_50    ; 0.000 ; 0.000 ; N/A      ; N/A     ; 0.000               ;
+------------------+-------+-------+----------+---------+---------------------+


+--------------------------------------------------------------------------------------------------------------------------------------------------------------------------------------------------------------------------------------------------------------------------------------------------------------------------------------------------------------------------------------------------------+
; Board Trace Model Assignments                                                                                                                                                                                                                                                                                                                                                                          ;
+-----+--------------+-------------------+-------------------------+-------------------------+---------------+---------------------+----------------+------------------+--------+------------------+------------------------+------------------------+--------------+---------------+-----------------+-------+---------------------+--------------------+---------------+-----------------+-------------+
; Pin ; I/O Standard ; Near Tline Length ; Near Tline L per Length ; Near Tline C per Length ; Near Series R ; Near Differential R ; Near Pull-up R ; Near Pull-down R ; Near C ; Far Tline Length ; Far Tline L per Length ; Far Tline C per Length ; Far Series R ; Far Pull-up R ; Far Pull-down R ; Far C ; Termination Voltage ; Far Differential R ; EBD File Name ; EBD Signal Name ; EBD Far-end ;
+-----+--------------+-------------------+-------------------------+-------------------------+---------------+---------------------+----------------+------------------+--------+------------------+------------------------+------------------------+--------------+---------------+-----------------+-------+---------------------+--------------------+---------------+-----------------+-------------+


+----------------------------------------------------------+
; Input Transition Times                                   ;
+-------+--------------+-----------------+-----------------+
; Pin   ; I/O Standard ; 10-90 Rise Time ; 90-10 Fall Time ;
+-------+--------------+-----------------+-----------------+
; clk   ; 3.3-V LVTTL  ; 2640 ps         ; 2640 ps         ;
; rst_n ; 3.3-V LVTTL  ; 2640 ps         ; 2640 ps         ;
+-------+--------------+-----------------+-----------------+


+----------------------------------------------------------------------------------------------------------------------------------------------------------------------------------------------------------------------------------------------------------------------------------------------------------------------------------------------------------------------------------------------------------------------------------------------------------------------------------------------------------------------------------------------------------------------------------------------------------------------------------------------------------------------------------+
; Signal Integrity Metrics (Slow 1100mv n40c Model)                                                                                                                                                                                                                                                                                                                                                                                                                                                                                                                                                                                                                                ;
+-----+--------------+---------------------+---------------------+------------------------------+------------------------------+---------------------+---------------------+--------------------------------------+--------------------------------------+-----------------------------+-----------------------------+----------------------------+----------------------------+-----------------------------+-----------------------------+--------------------+--------------------+-------------------------------------+-------------------------------------+----------------------------+----------------------------+---------------------------+---------------------------+
; Pin ; I/O Standard ; Board Delay on Rise ; Board Delay on Fall ; Steady State Voh at FPGA Pin ; Steady State Vol at FPGA Pin ; Voh Max at FPGA Pin ; Vol Min at FPGA Pin ; Ringback Voltage on Rise at FPGA Pin ; Ringback Voltage on Fall at FPGA Pin ; 10-90 Rise Time at FPGA Pin ; 90-10 Fall Time at FPGA Pin ; Monotonic Rise at FPGA Pin ; Monotonic Fall at FPGA Pin ; Steady State Voh at Far-end ; Steady State Vol at Far-end ; Voh Max at Far-end ; Vol Min at Far-end ; Ringback Voltage on Rise at Far-end ; Ringback Voltage on Fall at Far-end ; 10-90 Rise Time at Far-end ; 90-10 Fall Time at Far-end ; Monotonic Rise at Far-end ; Monotonic Fall at Far-end ;
+-----+--------------+---------------------+---------------------+------------------------------+------------------------------+---------------------+---------------------+--------------------------------------+--------------------------------------+-----------------------------+-----------------------------+----------------------------+----------------------------+-----------------------------+-----------------------------+--------------------+--------------------+-------------------------------------+-------------------------------------+----------------------------+----------------------------+---------------------------+---------------------------+


+----------------------------------------------------------------------------------------------------------------------------------------------------------------------------------------------------------------------------------------------------------------------------------------------------------------------------------------------------------------------------------------------------------------------------------------------------------------------------------------------------------------------------------------------------------------------------------------------------------------------------------------------------------------------------------+
; Signal Integrity Metrics (Slow 1100mv 100c Model)                                                                                                                                                                                                                                                                                                                                                                                                                                                                                                                                                                                                                                ;
+-----+--------------+---------------------+---------------------+------------------------------+------------------------------+---------------------+---------------------+--------------------------------------+--------------------------------------+-----------------------------+-----------------------------+----------------------------+----------------------------+-----------------------------+-----------------------------+--------------------+--------------------+-------------------------------------+-------------------------------------+----------------------------+----------------------------+---------------------------+---------------------------+
; Pin ; I/O Standard ; Board Delay on Rise ; Board Delay on Fall ; Steady State Voh at FPGA Pin ; Steady State Vol at FPGA Pin ; Voh Max at FPGA Pin ; Vol Min at FPGA Pin ; Ringback Voltage on Rise at FPGA Pin ; Ringback Voltage on Fall at FPGA Pin ; 10-90 Rise Time at FPGA Pin ; 90-10 Fall Time at FPGA Pin ; Monotonic Rise at FPGA Pin ; Monotonic Fall at FPGA Pin ; Steady State Voh at Far-end ; Steady State Vol at Far-end ; Voh Max at Far-end ; Vol Min at Far-end ; Ringback Voltage on Rise at Far-end ; Ringback Voltage on Fall at Far-end ; 10-90 Rise Time at Far-end ; 90-10 Fall Time at Far-end ; Monotonic Rise at Far-end ; Monotonic Fall at Far-end ;
+-----+--------------+---------------------+---------------------+------------------------------+------------------------------+---------------------+---------------------+--------------------------------------+--------------------------------------+-----------------------------+-----------------------------+----------------------------+----------------------------+-----------------------------+-----------------------------+--------------------+--------------------+-------------------------------------+-------------------------------------+----------------------------+----------------------------+---------------------------+---------------------------+


+----------------------------------------------------------------------------------------------------------------------------------------------------------------------------------------------------------------------------------------------------------------------------------------------------------------------------------------------------------------------------------------------------------------------------------------------------------------------------------------------------------------------------------------------------------------------------------------------------------------------------------------------------------------------------------+
; Signal Integrity Metrics (Fast 1100mv n40c Model)                                                                                                                                                                                                                                                                                                                                                                                                                                                                                                                                                                                                                                ;
+-----+--------------+---------------------+---------------------+------------------------------+------------------------------+---------------------+---------------------+--------------------------------------+--------------------------------------+-----------------------------+-----------------------------+----------------------------+----------------------------+-----------------------------+-----------------------------+--------------------+--------------------+-------------------------------------+-------------------------------------+----------------------------+----------------------------+---------------------------+---------------------------+
; Pin ; I/O Standard ; Board Delay on Rise ; Board Delay on Fall ; Steady State Voh at FPGA Pin ; Steady State Vol at FPGA Pin ; Voh Max at FPGA Pin ; Vol Min at FPGA Pin ; Ringback Voltage on Rise at FPGA Pin ; Ringback Voltage on Fall at FPGA Pin ; 10-90 Rise Time at FPGA Pin ; 90-10 Fall Time at FPGA Pin ; Monotonic Rise at FPGA Pin ; Monotonic Fall at FPGA Pin ; Steady State Voh at Far-end ; Steady State Vol at Far-end ; Voh Max at Far-end ; Vol Min at Far-end ; Ringback Voltage on Rise at Far-end ; Ringback Voltage on Fall at Far-end ; 10-90 Rise Time at Far-end ; 90-10 Fall Time at Far-end ; Monotonic Rise at Far-end ; Monotonic Fall at Far-end ;
+-----+--------------+---------------------+---------------------+------------------------------+------------------------------+---------------------+---------------------+--------------------------------------+--------------------------------------+-----------------------------+-----------------------------+----------------------------+----------------------------+-----------------------------+-----------------------------+--------------------+--------------------+-------------------------------------+-------------------------------------+----------------------------+----------------------------+---------------------------+---------------------------+


+----------------------------------------------------------------------------------------------------------------------------------------------------------------------------------------------------------------------------------------------------------------------------------------------------------------------------------------------------------------------------------------------------------------------------------------------------------------------------------------------------------------------------------------------------------------------------------------------------------------------------------------------------------------------------------+
; Signal Integrity Metrics (Fast 1100mv 100c Model)                                                                                                                                                                                                                                                                                                                                                                                                                                                                                                                                                                                                                                ;
+-----+--------------+---------------------+---------------------+------------------------------+------------------------------+---------------------+---------------------+--------------------------------------+--------------------------------------+-----------------------------+-----------------------------+----------------------------+----------------------------+-----------------------------+-----------------------------+--------------------+--------------------+-------------------------------------+-------------------------------------+----------------------------+----------------------------+---------------------------+---------------------------+
; Pin ; I/O Standard ; Board Delay on Rise ; Board Delay on Fall ; Steady State Voh at FPGA Pin ; Steady State Vol at FPGA Pin ; Voh Max at FPGA Pin ; Vol Min at FPGA Pin ; Ringback Voltage on Rise at FPGA Pin ; Ringback Voltage on Fall at FPGA Pin ; 10-90 Rise Time at FPGA Pin ; 90-10 Fall Time at FPGA Pin ; Monotonic Rise at FPGA Pin ; Monotonic Fall at FPGA Pin ; Steady State Voh at Far-end ; Steady State Vol at Far-end ; Voh Max at Far-end ; Vol Min at Far-end ; Ringback Voltage on Rise at Far-end ; Ringback Voltage on Fall at Far-end ; 10-90 Rise Time at Far-end ; 90-10 Fall Time at Far-end ; Monotonic Rise at Far-end ; Monotonic Fall at Far-end ;
+-----+--------------+---------------------+---------------------+------------------------------+------------------------------+---------------------+---------------------+--------------------------------------+--------------------------------------+-----------------------------+-----------------------------+----------------------------+----------------------------+-----------------------------+-----------------------------+--------------------+--------------------+-------------------------------------+-------------------------------------+----------------------------+----------------------------+---------------------------+---------------------------+


+-------------------------------------------------------------------------+
; Setup Transfers                                                         ;
+--------------+--------------+----------+----------+----------+----------+
; From Clock   ; To Clock     ; RR Paths ; FR Paths ; RF Paths ; FF Paths ;
+--------------+--------------+----------+----------+----------+----------+
; FPGA_CLK1_50 ; FPGA_CLK1_50 ; 943672   ; 0        ; 0        ; 0        ;
+--------------+--------------+----------+----------+----------+----------+
Entries labeled "false path" only account for clock-to-clock false paths and not path-based false paths. As a result, actual path counts may be lower than reported.


+-------------------------------------------------------------------------+
; Hold Transfers                                                          ;
+--------------+--------------+----------+----------+----------+----------+
; From Clock   ; To Clock     ; RR Paths ; FR Paths ; RF Paths ; FF Paths ;
+--------------+--------------+----------+----------+----------+----------+
; FPGA_CLK1_50 ; FPGA_CLK1_50 ; 943672   ; 0        ; 0        ; 0        ;
+--------------+--------------+----------+----------+----------+----------+
Entries labeled "false path" only account for clock-to-clock false paths and not path-based false paths. As a result, actual path counts may be lower than reported.


---------------
; Report TCCS ;
---------------
No dedicated SERDES Transmitter circuitry present in device or used in design


---------------
; Report RSKM ;
---------------
No non-DPA dedicated SERDES Receiver circuitry present in device or used in design


+-------------------------------------------------+
; Unconstrained Paths Summary                     ;
+---------------------------------+-------+-------+
; Property                        ; Setup ; Hold  ;
+---------------------------------+-------+-------+
; Illegal Clocks                  ; 0     ; 0     ;
; Unconstrained Clocks            ; 0     ; 0     ;
; Unconstrained Input Ports       ; 471   ; 471   ;
; Unconstrained Input Port Paths  ; 39824 ; 39824 ;
; Unconstrained Output Ports      ; 146   ; 146   ;
; Unconstrained Output Port Paths ; 996   ; 996   ;
+---------------------------------+-------+-------+


+--------------------------------------------+
; Clock Status Summary                       ;
+--------+--------------+------+-------------+
; Target ; Clock        ; Type ; Status      ;
+--------+--------------+------+-------------+
; clk    ; FPGA_CLK1_50 ; Base ; Constrained ;
+--------+--------------+------+-------------+


+----------------------------------------------------------------------------------------------------------+
; Unconstrained Input Ports                                                                                ;
+-------------------+--------------------------------------------------------------------------------------+
; Input Port        ; Comment                                                                              ;
+-------------------+--------------------------------------------------------------------------------------+
; ad_data[0]        ; No input delay, min/max delays, false-path exceptions, or max skew assignments found ;
; ad_data[1]        ; No input delay, min/max delays, false-path exceptions, or max skew assignments found ;
; ad_data[2]        ; No input delay, min/max delays, false-path exceptions, or max skew assignments found ;
; ad_data[3]        ; No input delay, min/max delays, false-path exceptions, or max skew assignments found ;
; ad_data[4]        ; No input delay, min/max delays, false-path exceptions, or max skew assignments found ;
; ad_data[5]        ; No input delay, min/max delays, false-path exceptions, or max skew assignments found ;
; ad_data[6]        ; No input delay, min/max delays, false-path exceptions, or max skew assignments found ;
; ad_data[7]        ; No input delay, min/max delays, false-path exceptions, or max skew assignments found ;
; ad_length[0]      ; No input delay, min/max delays, false-path exceptions, or max skew assignments found ;
; ad_length[1]      ; No input delay, min/max delays, false-path exceptions, or max skew assignments found ;
; ad_length[2]      ; No input delay, min/max delays, false-path exceptions, or max skew assignments found ;
; ad_length[3]      ; No input delay, min/max delays, false-path exceptions, or max skew assignments found ;
; ad_length[4]      ; No input delay, min/max delays, false-path exceptions, or max skew assignments found ;
; ad_length[5]      ; No input delay, min/max delays, false-path exceptions, or max skew assignments found ;
; ad_length[6]      ; No input delay, min/max delays, false-path exceptions, or max skew assignments found ;
; ad_length[7]      ; No input delay, min/max delays, false-path exceptions, or max skew assignments found ;
; ad_length[8]      ; No input delay, min/max delays, false-path exceptions, or max skew assignments found ;
; ad_length[9]      ; No input delay, min/max delays, false-path exceptions, or max skew assignments found ;
; ad_length[10]     ; No input delay, min/max delays, false-path exceptions, or max skew assignments found ;
; ad_length[11]     ; No input delay, min/max delays, false-path exceptions, or max skew assignments found ;
; ad_length[12]     ; No input delay, min/max delays, false-path exceptions, or max skew assignments found ;
; ad_length[13]     ; No input delay, min/max delays, false-path exceptions, or max skew assignments found ;
; ad_length[14]     ; No input delay, min/max delays, false-path exceptions, or max skew assignments found ;
; ad_length[15]     ; No input delay, min/max delays, false-path exceptions, or max skew assignments found ;
; ad_length[16]     ; No input delay, min/max delays, false-path exceptions, or max skew assignments found ;
; ad_length[17]     ; No input delay, min/max delays, false-path exceptions, or max skew assignments found ;
; ad_length[18]     ; No input delay, min/max delays, false-path exceptions, or max skew assignments found ;
; ad_length[19]     ; No input delay, min/max delays, false-path exceptions, or max skew assignments found ;
; ad_length[20]     ; No input delay, min/max delays, false-path exceptions, or max skew assignments found ;
; ad_length[21]     ; No input delay, min/max delays, false-path exceptions, or max skew assignments found ;
; ad_length[22]     ; No input delay, min/max delays, false-path exceptions, or max skew assignments found ;
; ad_length[23]     ; No input delay, min/max delays, false-path exceptions, or max skew assignments found ;
; ad_length[24]     ; No input delay, min/max delays, false-path exceptions, or max skew assignments found ;
; ad_length[25]     ; No input delay, min/max delays, false-path exceptions, or max skew assignments found ;
; ad_length[26]     ; No input delay, min/max delays, false-path exceptions, or max skew assignments found ;
; ad_length[27]     ; No input delay, min/max delays, false-path exceptions, or max skew assignments found ;
; ad_length[28]     ; No input delay, min/max delays, false-path exceptions, or max skew assignments found ;
; ad_length[29]     ; No input delay, min/max delays, false-path exceptions, or max skew assignments found ;
; ad_length[30]     ; No input delay, min/max delays, false-path exceptions, or max skew assignments found ;
; ad_length[31]     ; No input delay, min/max delays, false-path exceptions, or max skew assignments found ;
; ad_valid          ; No input delay, min/max delays, false-path exceptions, or max skew assignments found ;
; data_in[0]        ; No input delay, min/max delays, false-path exceptions, or max skew assignments found ;
; data_in[1]        ; No input delay, min/max delays, false-path exceptions, or max skew assignments found ;
; data_in[2]        ; No input delay, min/max delays, false-path exceptions, or max skew assignments found ;
; data_in[3]        ; No input delay, min/max delays, false-path exceptions, or max skew assignments found ;
; data_in[4]        ; No input delay, min/max delays, false-path exceptions, or max skew assignments found ;
; data_in[5]        ; No input delay, min/max delays, false-path exceptions, or max skew assignments found ;
; data_in[6]        ; No input delay, min/max delays, false-path exceptions, or max skew assignments found ;
; data_in[7]        ; No input delay, min/max delays, false-path exceptions, or max skew assignments found ;
; data_length[0]    ; No input delay, min/max delays, false-path exceptions, or max skew assignments found ;
; data_length[1]    ; No input delay, min/max delays, false-path exceptions, or max skew assignments found ;
; data_length[2]    ; No input delay, min/max delays, false-path exceptions, or max skew assignments found ;
; data_length[3]    ; No input delay, min/max delays, false-path exceptions, or max skew assignments found ;
; data_length[4]    ; No input delay, min/max delays, false-path exceptions, or max skew assignments found ;
; data_length[5]    ; No input delay, min/max delays, false-path exceptions, or max skew assignments found ;
; data_length[6]    ; No input delay, min/max delays, false-path exceptions, or max skew assignments found ;
; data_length[7]    ; No input delay, min/max delays, false-path exceptions, or max skew assignments found ;
; data_length[8]    ; No input delay, min/max delays, false-path exceptions, or max skew assignments found ;
; data_length[9]    ; No input delay, min/max delays, false-path exceptions, or max skew assignments found ;
; data_length[10]   ; No input delay, min/max delays, false-path exceptions, or max skew assignments found ;
; data_length[11]   ; No input delay, min/max delays, false-path exceptions, or max skew assignments found ;
; data_length[12]   ; No input delay, min/max delays, false-path exceptions, or max skew assignments found ;
; data_length[13]   ; No input delay, min/max delays, false-path exceptions, or max skew assignments found ;
; data_length[14]   ; No input delay, min/max delays, false-path exceptions, or max skew assignments found ;
; data_length[15]   ; No input delay, min/max delays, false-path exceptions, or max skew assignments found ;
; data_length[16]   ; No input delay, min/max delays, false-path exceptions, or max skew assignments found ;
; data_length[17]   ; No input delay, min/max delays, false-path exceptions, or max skew assignments found ;
; data_length[18]   ; No input delay, min/max delays, false-path exceptions, or max skew assignments found ;
; data_length[19]   ; No input delay, min/max delays, false-path exceptions, or max skew assignments found ;
; data_length[20]   ; No input delay, min/max delays, false-path exceptions, or max skew assignments found ;
; data_length[21]   ; No input delay, min/max delays, false-path exceptions, or max skew assignments found ;
; data_length[22]   ; No input delay, min/max delays, false-path exceptions, or max skew assignments found ;
; data_length[23]   ; No input delay, min/max delays, false-path exceptions, or max skew assignments found ;
; data_length[24]   ; No input delay, min/max delays, false-path exceptions, or max skew assignments found ;
; data_length[25]   ; No input delay, min/max delays, false-path exceptions, or max skew assignments found ;
; data_length[26]   ; No input delay, min/max delays, false-path exceptions, or max skew assignments found ;
; data_length[27]   ; No input delay, min/max delays, false-path exceptions, or max skew assignments found ;
; data_length[28]   ; No input delay, min/max delays, false-path exceptions, or max skew assignments found ;
; data_length[29]   ; No input delay, min/max delays, false-path exceptions, or max skew assignments found ;
; data_length[30]   ; No input delay, min/max delays, false-path exceptions, or max skew assignments found ;
; data_length[31]   ; No input delay, min/max delays, false-path exceptions, or max skew assignments found ;
; data_valid        ; No input delay, min/max delays, false-path exceptions, or max skew assignments found ;
; decrypt           ; No input delay, min/max delays, false-path exceptions, or max skew assignments found ;
; key[0]            ; No input delay, min/max delays, false-path exceptions, or max skew assignments found ;
; key[1]            ; No input delay, min/max delays, false-path exceptions, or max skew assignments found ;
; key[2]            ; No input delay, min/max delays, false-path exceptions, or max skew assignments found ;
; key[3]            ; No input delay, min/max delays, false-path exceptions, or max skew assignments found ;
; key[4]            ; No input delay, min/max delays, false-path exceptions, or max skew assignments found ;
; key[5]            ; No input delay, min/max delays, false-path exceptions, or max skew assignments found ;
; key[6]            ; No input delay, min/max delays, false-path exceptions, or max skew assignments found ;
; key[7]            ; No input delay, min/max delays, false-path exceptions, or max skew assignments found ;
; key[8]            ; No input delay, min/max delays, false-path exceptions, or max skew assignments found ;
; key[9]            ; No input delay, min/max delays, false-path exceptions, or max skew assignments found ;
; key[10]           ; No input delay, min/max delays, false-path exceptions, or max skew assignments found ;
; key[11]           ; No input delay, min/max delays, false-path exceptions, or max skew assignments found ;
; key[12]           ; No input delay, min/max delays, false-path exceptions, or max skew assignments found ;
; key[13]           ; No input delay, min/max delays, false-path exceptions, or max skew assignments found ;
; key[14]           ; No input delay, min/max delays, false-path exceptions, or max skew assignments found ;
; key[15]           ; No input delay, min/max delays, false-path exceptions, or max skew assignments found ;
; key[16]           ; No input delay, min/max delays, false-path exceptions, or max skew assignments found ;
; key[17]           ; No input delay, min/max delays, false-path exceptions, or max skew assignments found ;
; key[18]           ; No input delay, min/max delays, false-path exceptions, or max skew assignments found ;
; key[19]           ; No input delay, min/max delays, false-path exceptions, or max skew assignments found ;
; key[20]           ; No input delay, min/max delays, false-path exceptions, or max skew assignments found ;
; key[21]           ; No input delay, min/max delays, false-path exceptions, or max skew assignments found ;
; key[22]           ; No input delay, min/max delays, false-path exceptions, or max skew assignments found ;
; key[23]           ; No input delay, min/max delays, false-path exceptions, or max skew assignments found ;
; key[24]           ; No input delay, min/max delays, false-path exceptions, or max skew assignments found ;
; key[25]           ; No input delay, min/max delays, false-path exceptions, or max skew assignments found ;
; key[26]           ; No input delay, min/max delays, false-path exceptions, or max skew assignments found ;
; key[27]           ; No input delay, min/max delays, false-path exceptions, or max skew assignments found ;
; key[28]           ; No input delay, min/max delays, false-path exceptions, or max skew assignments found ;
; key[29]           ; No input delay, min/max delays, false-path exceptions, or max skew assignments found ;
; key[30]           ; No input delay, min/max delays, false-path exceptions, or max skew assignments found ;
; key[31]           ; No input delay, min/max delays, false-path exceptions, or max skew assignments found ;
; key[32]           ; No input delay, min/max delays, false-path exceptions, or max skew assignments found ;
; key[33]           ; No input delay, min/max delays, false-path exceptions, or max skew assignments found ;
; key[34]           ; No input delay, min/max delays, false-path exceptions, or max skew assignments found ;
; key[35]           ; No input delay, min/max delays, false-path exceptions, or max skew assignments found ;
; key[36]           ; No input delay, min/max delays, false-path exceptions, or max skew assignments found ;
; key[37]           ; No input delay, min/max delays, false-path exceptions, or max skew assignments found ;
; key[38]           ; No input delay, min/max delays, false-path exceptions, or max skew assignments found ;
; key[39]           ; No input delay, min/max delays, false-path exceptions, or max skew assignments found ;
; key[40]           ; No input delay, min/max delays, false-path exceptions, or max skew assignments found ;
; key[41]           ; No input delay, min/max delays, false-path exceptions, or max skew assignments found ;
; key[42]           ; No input delay, min/max delays, false-path exceptions, or max skew assignments found ;
; key[43]           ; No input delay, min/max delays, false-path exceptions, or max skew assignments found ;
; key[44]           ; No input delay, min/max delays, false-path exceptions, or max skew assignments found ;
; key[45]           ; No input delay, min/max delays, false-path exceptions, or max skew assignments found ;
; key[46]           ; No input delay, min/max delays, false-path exceptions, or max skew assignments found ;
; key[47]           ; No input delay, min/max delays, false-path exceptions, or max skew assignments found ;
; key[48]           ; No input delay, min/max delays, false-path exceptions, or max skew assignments found ;
; key[49]           ; No input delay, min/max delays, false-path exceptions, or max skew assignments found ;
; key[50]           ; No input delay, min/max delays, false-path exceptions, or max skew assignments found ;
; key[51]           ; No input delay, min/max delays, false-path exceptions, or max skew assignments found ;
; key[52]           ; No input delay, min/max delays, false-path exceptions, or max skew assignments found ;
; key[53]           ; No input delay, min/max delays, false-path exceptions, or max skew assignments found ;
; key[54]           ; No input delay, min/max delays, false-path exceptions, or max skew assignments found ;
; key[55]           ; No input delay, min/max delays, false-path exceptions, or max skew assignments found ;
; key[56]           ; No input delay, min/max delays, false-path exceptions, or max skew assignments found ;
; key[57]           ; No input delay, min/max delays, false-path exceptions, or max skew assignments found ;
; key[58]           ; No input delay, min/max delays, false-path exceptions, or max skew assignments found ;
; key[59]           ; No input delay, min/max delays, false-path exceptions, or max skew assignments found ;
; key[60]           ; No input delay, min/max delays, false-path exceptions, or max skew assignments found ;
; key[61]           ; No input delay, min/max delays, false-path exceptions, or max skew assignments found ;
; key[62]           ; No input delay, min/max delays, false-path exceptions, or max skew assignments found ;
; key[63]           ; No input delay, min/max delays, false-path exceptions, or max skew assignments found ;
; key[64]           ; No input delay, min/max delays, false-path exceptions, or max skew assignments found ;
; key[65]           ; No input delay, min/max delays, false-path exceptions, or max skew assignments found ;
; key[66]           ; No input delay, min/max delays, false-path exceptions, or max skew assignments found ;
; key[67]           ; No input delay, min/max delays, false-path exceptions, or max skew assignments found ;
; key[68]           ; No input delay, min/max delays, false-path exceptions, or max skew assignments found ;
; key[69]           ; No input delay, min/max delays, false-path exceptions, or max skew assignments found ;
; key[70]           ; No input delay, min/max delays, false-path exceptions, or max skew assignments found ;
; key[71]           ; No input delay, min/max delays, false-path exceptions, or max skew assignments found ;
; key[72]           ; No input delay, min/max delays, false-path exceptions, or max skew assignments found ;
; key[73]           ; No input delay, min/max delays, false-path exceptions, or max skew assignments found ;
; key[74]           ; No input delay, min/max delays, false-path exceptions, or max skew assignments found ;
; key[75]           ; No input delay, min/max delays, false-path exceptions, or max skew assignments found ;
; key[76]           ; No input delay, min/max delays, false-path exceptions, or max skew assignments found ;
; key[77]           ; No input delay, min/max delays, false-path exceptions, or max skew assignments found ;
; key[78]           ; No input delay, min/max delays, false-path exceptions, or max skew assignments found ;
; key[79]           ; No input delay, min/max delays, false-path exceptions, or max skew assignments found ;
; key[80]           ; No input delay, min/max delays, false-path exceptions, or max skew assignments found ;
; key[81]           ; No input delay, min/max delays, false-path exceptions, or max skew assignments found ;
; key[82]           ; No input delay, min/max delays, false-path exceptions, or max skew assignments found ;
; key[83]           ; No input delay, min/max delays, false-path exceptions, or max skew assignments found ;
; key[84]           ; No input delay, min/max delays, false-path exceptions, or max skew assignments found ;
; key[85]           ; No input delay, min/max delays, false-path exceptions, or max skew assignments found ;
; key[86]           ; No input delay, min/max delays, false-path exceptions, or max skew assignments found ;
; key[87]           ; No input delay, min/max delays, false-path exceptions, or max skew assignments found ;
; key[88]           ; No input delay, min/max delays, false-path exceptions, or max skew assignments found ;
; key[89]           ; No input delay, min/max delays, false-path exceptions, or max skew assignments found ;
; key[90]           ; No input delay, min/max delays, false-path exceptions, or max skew assignments found ;
; key[91]           ; No input delay, min/max delays, false-path exceptions, or max skew assignments found ;
; key[92]           ; No input delay, min/max delays, false-path exceptions, or max skew assignments found ;
; key[93]           ; No input delay, min/max delays, false-path exceptions, or max skew assignments found ;
; key[94]           ; No input delay, min/max delays, false-path exceptions, or max skew assignments found ;
; key[95]           ; No input delay, min/max delays, false-path exceptions, or max skew assignments found ;
; key[96]           ; No input delay, min/max delays, false-path exceptions, or max skew assignments found ;
; key[97]           ; No input delay, min/max delays, false-path exceptions, or max skew assignments found ;
; key[98]           ; No input delay, min/max delays, false-path exceptions, or max skew assignments found ;
; key[99]           ; No input delay, min/max delays, false-path exceptions, or max skew assignments found ;
; key[100]          ; No input delay, min/max delays, false-path exceptions, or max skew assignments found ;
; key[101]          ; No input delay, min/max delays, false-path exceptions, or max skew assignments found ;
; key[102]          ; No input delay, min/max delays, false-path exceptions, or max skew assignments found ;
; key[103]          ; No input delay, min/max delays, false-path exceptions, or max skew assignments found ;
; key[104]          ; No input delay, min/max delays, false-path exceptions, or max skew assignments found ;
; key[105]          ; No input delay, min/max delays, false-path exceptions, or max skew assignments found ;
; key[106]          ; No input delay, min/max delays, false-path exceptions, or max skew assignments found ;
; key[107]          ; No input delay, min/max delays, false-path exceptions, or max skew assignments found ;
; key[108]          ; No input delay, min/max delays, false-path exceptions, or max skew assignments found ;
; key[109]          ; No input delay, min/max delays, false-path exceptions, or max skew assignments found ;
; key[110]          ; No input delay, min/max delays, false-path exceptions, or max skew assignments found ;
; key[111]          ; No input delay, min/max delays, false-path exceptions, or max skew assignments found ;
; key[112]          ; No input delay, min/max delays, false-path exceptions, or max skew assignments found ;
; key[113]          ; No input delay, min/max delays, false-path exceptions, or max skew assignments found ;
; key[114]          ; No input delay, min/max delays, false-path exceptions, or max skew assignments found ;
; key[115]          ; No input delay, min/max delays, false-path exceptions, or max skew assignments found ;
; key[116]          ; No input delay, min/max delays, false-path exceptions, or max skew assignments found ;
; key[117]          ; No input delay, min/max delays, false-path exceptions, or max skew assignments found ;
; key[118]          ; No input delay, min/max delays, false-path exceptions, or max skew assignments found ;
; key[119]          ; No input delay, min/max delays, false-path exceptions, or max skew assignments found ;
; key[120]          ; No input delay, min/max delays, false-path exceptions, or max skew assignments found ;
; key[121]          ; No input delay, min/max delays, false-path exceptions, or max skew assignments found ;
; key[122]          ; No input delay, min/max delays, false-path exceptions, or max skew assignments found ;
; key[123]          ; No input delay, min/max delays, false-path exceptions, or max skew assignments found ;
; key[124]          ; No input delay, min/max delays, false-path exceptions, or max skew assignments found ;
; key[125]          ; No input delay, min/max delays, false-path exceptions, or max skew assignments found ;
; key[126]          ; No input delay, min/max delays, false-path exceptions, or max skew assignments found ;
; key[127]          ; No input delay, min/max delays, false-path exceptions, or max skew assignments found ;
; nonce[0]          ; No input delay, min/max delays, false-path exceptions, or max skew assignments found ;
; nonce[1]          ; No input delay, min/max delays, false-path exceptions, or max skew assignments found ;
; nonce[2]          ; No input delay, min/max delays, false-path exceptions, or max skew assignments found ;
; nonce[3]          ; No input delay, min/max delays, false-path exceptions, or max skew assignments found ;
; nonce[4]          ; No input delay, min/max delays, false-path exceptions, or max skew assignments found ;
; nonce[5]          ; No input delay, min/max delays, false-path exceptions, or max skew assignments found ;
; nonce[6]          ; No input delay, min/max delays, false-path exceptions, or max skew assignments found ;
; nonce[7]          ; No input delay, min/max delays, false-path exceptions, or max skew assignments found ;
; nonce[8]          ; No input delay, min/max delays, false-path exceptions, or max skew assignments found ;
; nonce[9]          ; No input delay, min/max delays, false-path exceptions, or max skew assignments found ;
; nonce[10]         ; No input delay, min/max delays, false-path exceptions, or max skew assignments found ;
; nonce[11]         ; No input delay, min/max delays, false-path exceptions, or max skew assignments found ;
; nonce[12]         ; No input delay, min/max delays, false-path exceptions, or max skew assignments found ;
; nonce[13]         ; No input delay, min/max delays, false-path exceptions, or max skew assignments found ;
; nonce[14]         ; No input delay, min/max delays, false-path exceptions, or max skew assignments found ;
; nonce[15]         ; No input delay, min/max delays, false-path exceptions, or max skew assignments found ;
; nonce[16]         ; No input delay, min/max delays, false-path exceptions, or max skew assignments found ;
; nonce[17]         ; No input delay, min/max delays, false-path exceptions, or max skew assignments found ;
; nonce[18]         ; No input delay, min/max delays, false-path exceptions, or max skew assignments found ;
; nonce[19]         ; No input delay, min/max delays, false-path exceptions, or max skew assignments found ;
; nonce[20]         ; No input delay, min/max delays, false-path exceptions, or max skew assignments found ;
; nonce[21]         ; No input delay, min/max delays, false-path exceptions, or max skew assignments found ;
; nonce[22]         ; No input delay, min/max delays, false-path exceptions, or max skew assignments found ;
; nonce[23]         ; No input delay, min/max delays, false-path exceptions, or max skew assignments found ;
; nonce[24]         ; No input delay, min/max delays, false-path exceptions, or max skew assignments found ;
; nonce[25]         ; No input delay, min/max delays, false-path exceptions, or max skew assignments found ;
; nonce[26]         ; No input delay, min/max delays, false-path exceptions, or max skew assignments found ;
; nonce[27]         ; No input delay, min/max delays, false-path exceptions, or max skew assignments found ;
; nonce[28]         ; No input delay, min/max delays, false-path exceptions, or max skew assignments found ;
; nonce[29]         ; No input delay, min/max delays, false-path exceptions, or max skew assignments found ;
; nonce[30]         ; No input delay, min/max delays, false-path exceptions, or max skew assignments found ;
; nonce[31]         ; No input delay, min/max delays, false-path exceptions, or max skew assignments found ;
; nonce[32]         ; No input delay, min/max delays, false-path exceptions, or max skew assignments found ;
; nonce[33]         ; No input delay, min/max delays, false-path exceptions, or max skew assignments found ;
; nonce[34]         ; No input delay, min/max delays, false-path exceptions, or max skew assignments found ;
; nonce[35]         ; No input delay, min/max delays, false-path exceptions, or max skew assignments found ;
; nonce[36]         ; No input delay, min/max delays, false-path exceptions, or max skew assignments found ;
; nonce[37]         ; No input delay, min/max delays, false-path exceptions, or max skew assignments found ;
; nonce[38]         ; No input delay, min/max delays, false-path exceptions, or max skew assignments found ;
; nonce[39]         ; No input delay, min/max delays, false-path exceptions, or max skew assignments found ;
; nonce[40]         ; No input delay, min/max delays, false-path exceptions, or max skew assignments found ;
; nonce[41]         ; No input delay, min/max delays, false-path exceptions, or max skew assignments found ;
; nonce[42]         ; No input delay, min/max delays, false-path exceptions, or max skew assignments found ;
; nonce[43]         ; No input delay, min/max delays, false-path exceptions, or max skew assignments found ;
; nonce[44]         ; No input delay, min/max delays, false-path exceptions, or max skew assignments found ;
; nonce[45]         ; No input delay, min/max delays, false-path exceptions, or max skew assignments found ;
; nonce[46]         ; No input delay, min/max delays, false-path exceptions, or max skew assignments found ;
; nonce[47]         ; No input delay, min/max delays, false-path exceptions, or max skew assignments found ;
; nonce[48]         ; No input delay, min/max delays, false-path exceptions, or max skew assignments found ;
; nonce[49]         ; No input delay, min/max delays, false-path exceptions, or max skew assignments found ;
; nonce[50]         ; No input delay, min/max delays, false-path exceptions, or max skew assignments found ;
; nonce[51]         ; No input delay, min/max delays, false-path exceptions, or max skew assignments found ;
; nonce[52]         ; No input delay, min/max delays, false-path exceptions, or max skew assignments found ;
; nonce[53]         ; No input delay, min/max delays, false-path exceptions, or max skew assignments found ;
; nonce[54]         ; No input delay, min/max delays, false-path exceptions, or max skew assignments found ;
; nonce[55]         ; No input delay, min/max delays, false-path exceptions, or max skew assignments found ;
; nonce[56]         ; No input delay, min/max delays, false-path exceptions, or max skew assignments found ;
; nonce[57]         ; No input delay, min/max delays, false-path exceptions, or max skew assignments found ;
; nonce[58]         ; No input delay, min/max delays, false-path exceptions, or max skew assignments found ;
; nonce[59]         ; No input delay, min/max delays, false-path exceptions, or max skew assignments found ;
; nonce[60]         ; No input delay, min/max delays, false-path exceptions, or max skew assignments found ;
; nonce[61]         ; No input delay, min/max delays, false-path exceptions, or max skew assignments found ;
; nonce[62]         ; No input delay, min/max delays, false-path exceptions, or max skew assignments found ;
; nonce[63]         ; No input delay, min/max delays, false-path exceptions, or max skew assignments found ;
; nonce[64]         ; No input delay, min/max delays, false-path exceptions, or max skew assignments found ;
; nonce[65]         ; No input delay, min/max delays, false-path exceptions, or max skew assignments found ;
; nonce[66]         ; No input delay, min/max delays, false-path exceptions, or max skew assignments found ;
; nonce[67]         ; No input delay, min/max delays, false-path exceptions, or max skew assignments found ;
; nonce[68]         ; No input delay, min/max delays, false-path exceptions, or max skew assignments found ;
; nonce[69]         ; No input delay, min/max delays, false-path exceptions, or max skew assignments found ;
; nonce[70]         ; No input delay, min/max delays, false-path exceptions, or max skew assignments found ;
; nonce[71]         ; No input delay, min/max delays, false-path exceptions, or max skew assignments found ;
; nonce[72]         ; No input delay, min/max delays, false-path exceptions, or max skew assignments found ;
; nonce[73]         ; No input delay, min/max delays, false-path exceptions, or max skew assignments found ;
; nonce[74]         ; No input delay, min/max delays, false-path exceptions, or max skew assignments found ;
; nonce[75]         ; No input delay, min/max delays, false-path exceptions, or max skew assignments found ;
; nonce[76]         ; No input delay, min/max delays, false-path exceptions, or max skew assignments found ;
; nonce[77]         ; No input delay, min/max delays, false-path exceptions, or max skew assignments found ;
; nonce[78]         ; No input delay, min/max delays, false-path exceptions, or max skew assignments found ;
; nonce[79]         ; No input delay, min/max delays, false-path exceptions, or max skew assignments found ;
; nonce[80]         ; No input delay, min/max delays, false-path exceptions, or max skew assignments found ;
; nonce[81]         ; No input delay, min/max delays, false-path exceptions, or max skew assignments found ;
; nonce[82]         ; No input delay, min/max delays, false-path exceptions, or max skew assignments found ;
; nonce[83]         ; No input delay, min/max delays, false-path exceptions, or max skew assignments found ;
; nonce[84]         ; No input delay, min/max delays, false-path exceptions, or max skew assignments found ;
; nonce[85]         ; No input delay, min/max delays, false-path exceptions, or max skew assignments found ;
; nonce[86]         ; No input delay, min/max delays, false-path exceptions, or max skew assignments found ;
; nonce[87]         ; No input delay, min/max delays, false-path exceptions, or max skew assignments found ;
; nonce[88]         ; No input delay, min/max delays, false-path exceptions, or max skew assignments found ;
; nonce[89]         ; No input delay, min/max delays, false-path exceptions, or max skew assignments found ;
; nonce[90]         ; No input delay, min/max delays, false-path exceptions, or max skew assignments found ;
; nonce[91]         ; No input delay, min/max delays, false-path exceptions, or max skew assignments found ;
; nonce[92]         ; No input delay, min/max delays, false-path exceptions, or max skew assignments found ;
; nonce[93]         ; No input delay, min/max delays, false-path exceptions, or max skew assignments found ;
; nonce[94]         ; No input delay, min/max delays, false-path exceptions, or max skew assignments found ;
; nonce[95]         ; No input delay, min/max delays, false-path exceptions, or max skew assignments found ;
; nonce[96]         ; No input delay, min/max delays, false-path exceptions, or max skew assignments found ;
; nonce[97]         ; No input delay, min/max delays, false-path exceptions, or max skew assignments found ;
; nonce[98]         ; No input delay, min/max delays, false-path exceptions, or max skew assignments found ;
; nonce[99]         ; No input delay, min/max delays, false-path exceptions, or max skew assignments found ;
; nonce[100]        ; No input delay, min/max delays, false-path exceptions, or max skew assignments found ;
; nonce[101]        ; No input delay, min/max delays, false-path exceptions, or max skew assignments found ;
; nonce[102]        ; No input delay, min/max delays, false-path exceptions, or max skew assignments found ;
; nonce[103]        ; No input delay, min/max delays, false-path exceptions, or max skew assignments found ;
; nonce[104]        ; No input delay, min/max delays, false-path exceptions, or max skew assignments found ;
; nonce[105]        ; No input delay, min/max delays, false-path exceptions, or max skew assignments found ;
; nonce[106]        ; No input delay, min/max delays, false-path exceptions, or max skew assignments found ;
; nonce[107]        ; No input delay, min/max delays, false-path exceptions, or max skew assignments found ;
; nonce[108]        ; No input delay, min/max delays, false-path exceptions, or max skew assignments found ;
; nonce[109]        ; No input delay, min/max delays, false-path exceptions, or max skew assignments found ;
; nonce[110]        ; No input delay, min/max delays, false-path exceptions, or max skew assignments found ;
; nonce[111]        ; No input delay, min/max delays, false-path exceptions, or max skew assignments found ;
; nonce[112]        ; No input delay, min/max delays, false-path exceptions, or max skew assignments found ;
; nonce[113]        ; No input delay, min/max delays, false-path exceptions, or max skew assignments found ;
; nonce[114]        ; No input delay, min/max delays, false-path exceptions, or max skew assignments found ;
; nonce[115]        ; No input delay, min/max delays, false-path exceptions, or max skew assignments found ;
; nonce[116]        ; No input delay, min/max delays, false-path exceptions, or max skew assignments found ;
; nonce[117]        ; No input delay, min/max delays, false-path exceptions, or max skew assignments found ;
; nonce[118]        ; No input delay, min/max delays, false-path exceptions, or max skew assignments found ;
; nonce[119]        ; No input delay, min/max delays, false-path exceptions, or max skew assignments found ;
; nonce[120]        ; No input delay, min/max delays, false-path exceptions, or max skew assignments found ;
; nonce[121]        ; No input delay, min/max delays, false-path exceptions, or max skew assignments found ;
; nonce[122]        ; No input delay, min/max delays, false-path exceptions, or max skew assignments found ;
; nonce[123]        ; No input delay, min/max delays, false-path exceptions, or max skew assignments found ;
; nonce[124]        ; No input delay, min/max delays, false-path exceptions, or max skew assignments found ;
; nonce[125]        ; No input delay, min/max delays, false-path exceptions, or max skew assignments found ;
; nonce[126]        ; No input delay, min/max delays, false-path exceptions, or max skew assignments found ;
; nonce[127]        ; No input delay, min/max delays, false-path exceptions, or max skew assignments found ;
; out_ready         ; No input delay, min/max delays, false-path exceptions, or max skew assignments found ;
; received_tag[0]   ; No input delay, min/max delays, false-path exceptions, or max skew assignments found ;
; received_tag[1]   ; No input delay, min/max delays, false-path exceptions, or max skew assignments found ;
; received_tag[2]   ; No input delay, min/max delays, false-path exceptions, or max skew assignments found ;
; received_tag[3]   ; No input delay, min/max delays, false-path exceptions, or max skew assignments found ;
; received_tag[4]   ; No input delay, min/max delays, false-path exceptions, or max skew assignments found ;
; received_tag[5]   ; No input delay, min/max delays, false-path exceptions, or max skew assignments found ;
; received_tag[6]   ; No input delay, min/max delays, false-path exceptions, or max skew assignments found ;
; received_tag[7]   ; No input delay, min/max delays, false-path exceptions, or max skew assignments found ;
; received_tag[8]   ; No input delay, min/max delays, false-path exceptions, or max skew assignments found ;
; received_tag[9]   ; No input delay, min/max delays, false-path exceptions, or max skew assignments found ;
; received_tag[10]  ; No input delay, min/max delays, false-path exceptions, or max skew assignments found ;
; received_tag[11]  ; No input delay, min/max delays, false-path exceptions, or max skew assignments found ;
; received_tag[12]  ; No input delay, min/max delays, false-path exceptions, or max skew assignments found ;
; received_tag[13]  ; No input delay, min/max delays, false-path exceptions, or max skew assignments found ;
; received_tag[14]  ; No input delay, min/max delays, false-path exceptions, or max skew assignments found ;
; received_tag[15]  ; No input delay, min/max delays, false-path exceptions, or max skew assignments found ;
; received_tag[16]  ; No input delay, min/max delays, false-path exceptions, or max skew assignments found ;
; received_tag[17]  ; No input delay, min/max delays, false-path exceptions, or max skew assignments found ;
; received_tag[18]  ; No input delay, min/max delays, false-path exceptions, or max skew assignments found ;
; received_tag[19]  ; No input delay, min/max delays, false-path exceptions, or max skew assignments found ;
; received_tag[20]  ; No input delay, min/max delays, false-path exceptions, or max skew assignments found ;
; received_tag[21]  ; No input delay, min/max delays, false-path exceptions, or max skew assignments found ;
; received_tag[22]  ; No input delay, min/max delays, false-path exceptions, or max skew assignments found ;
; received_tag[23]  ; No input delay, min/max delays, false-path exceptions, or max skew assignments found ;
; received_tag[24]  ; No input delay, min/max delays, false-path exceptions, or max skew assignments found ;
; received_tag[25]  ; No input delay, min/max delays, false-path exceptions, or max skew assignments found ;
; received_tag[26]  ; No input delay, min/max delays, false-path exceptions, or max skew assignments found ;
; received_tag[27]  ; No input delay, min/max delays, false-path exceptions, or max skew assignments found ;
; received_tag[28]  ; No input delay, min/max delays, false-path exceptions, or max skew assignments found ;
; received_tag[29]  ; No input delay, min/max delays, false-path exceptions, or max skew assignments found ;
; received_tag[30]  ; No input delay, min/max delays, false-path exceptions, or max skew assignments found ;
; received_tag[31]  ; No input delay, min/max delays, false-path exceptions, or max skew assignments found ;
; received_tag[32]  ; No input delay, min/max delays, false-path exceptions, or max skew assignments found ;
; received_tag[33]  ; No input delay, min/max delays, false-path exceptions, or max skew assignments found ;
; received_tag[34]  ; No input delay, min/max delays, false-path exceptions, or max skew assignments found ;
; received_tag[35]  ; No input delay, min/max delays, false-path exceptions, or max skew assignments found ;
; received_tag[36]  ; No input delay, min/max delays, false-path exceptions, or max skew assignments found ;
; received_tag[37]  ; No input delay, min/max delays, false-path exceptions, or max skew assignments found ;
; received_tag[38]  ; No input delay, min/max delays, false-path exceptions, or max skew assignments found ;
; received_tag[39]  ; No input delay, min/max delays, false-path exceptions, or max skew assignments found ;
; received_tag[40]  ; No input delay, min/max delays, false-path exceptions, or max skew assignments found ;
; received_tag[41]  ; No input delay, min/max delays, false-path exceptions, or max skew assignments found ;
; received_tag[42]  ; No input delay, min/max delays, false-path exceptions, or max skew assignments found ;
; received_tag[43]  ; No input delay, min/max delays, false-path exceptions, or max skew assignments found ;
; received_tag[44]  ; No input delay, min/max delays, false-path exceptions, or max skew assignments found ;
; received_tag[45]  ; No input delay, min/max delays, false-path exceptions, or max skew assignments found ;
; received_tag[46]  ; No input delay, min/max delays, false-path exceptions, or max skew assignments found ;
; received_tag[47]  ; No input delay, min/max delays, false-path exceptions, or max skew assignments found ;
; received_tag[48]  ; No input delay, min/max delays, false-path exceptions, or max skew assignments found ;
; received_tag[49]  ; No input delay, min/max delays, false-path exceptions, or max skew assignments found ;
; received_tag[50]  ; No input delay, min/max delays, false-path exceptions, or max skew assignments found ;
; received_tag[51]  ; No input delay, min/max delays, false-path exceptions, or max skew assignments found ;
; received_tag[52]  ; No input delay, min/max delays, false-path exceptions, or max skew assignments found ;
; received_tag[53]  ; No input delay, min/max delays, false-path exceptions, or max skew assignments found ;
; received_tag[54]  ; No input delay, min/max delays, false-path exceptions, or max skew assignments found ;
; received_tag[55]  ; No input delay, min/max delays, false-path exceptions, or max skew assignments found ;
; received_tag[56]  ; No input delay, min/max delays, false-path exceptions, or max skew assignments found ;
; received_tag[57]  ; No input delay, min/max delays, false-path exceptions, or max skew assignments found ;
; received_tag[58]  ; No input delay, min/max delays, false-path exceptions, or max skew assignments found ;
; received_tag[59]  ; No input delay, min/max delays, false-path exceptions, or max skew assignments found ;
; received_tag[60]  ; No input delay, min/max delays, false-path exceptions, or max skew assignments found ;
; received_tag[61]  ; No input delay, min/max delays, false-path exceptions, or max skew assignments found ;
; received_tag[62]  ; No input delay, min/max delays, false-path exceptions, or max skew assignments found ;
; received_tag[63]  ; No input delay, min/max delays, false-path exceptions, or max skew assignments found ;
; received_tag[64]  ; No input delay, min/max delays, false-path exceptions, or max skew assignments found ;
; received_tag[65]  ; No input delay, min/max delays, false-path exceptions, or max skew assignments found ;
; received_tag[66]  ; No input delay, min/max delays, false-path exceptions, or max skew assignments found ;
; received_tag[67]  ; No input delay, min/max delays, false-path exceptions, or max skew assignments found ;
; received_tag[68]  ; No input delay, min/max delays, false-path exceptions, or max skew assignments found ;
; received_tag[69]  ; No input delay, min/max delays, false-path exceptions, or max skew assignments found ;
; received_tag[70]  ; No input delay, min/max delays, false-path exceptions, or max skew assignments found ;
; received_tag[71]  ; No input delay, min/max delays, false-path exceptions, or max skew assignments found ;
; received_tag[72]  ; No input delay, min/max delays, false-path exceptions, or max skew assignments found ;
; received_tag[73]  ; No input delay, min/max delays, false-path exceptions, or max skew assignments found ;
; received_tag[74]  ; No input delay, min/max delays, false-path exceptions, or max skew assignments found ;
; received_tag[75]  ; No input delay, min/max delays, false-path exceptions, or max skew assignments found ;
; received_tag[76]  ; No input delay, min/max delays, false-path exceptions, or max skew assignments found ;
; received_tag[77]  ; No input delay, min/max delays, false-path exceptions, or max skew assignments found ;
; received_tag[78]  ; No input delay, min/max delays, false-path exceptions, or max skew assignments found ;
; received_tag[79]  ; No input delay, min/max delays, false-path exceptions, or max skew assignments found ;
; received_tag[80]  ; No input delay, min/max delays, false-path exceptions, or max skew assignments found ;
; received_tag[81]  ; No input delay, min/max delays, false-path exceptions, or max skew assignments found ;
; received_tag[82]  ; No input delay, min/max delays, false-path exceptions, or max skew assignments found ;
; received_tag[83]  ; No input delay, min/max delays, false-path exceptions, or max skew assignments found ;
; received_tag[84]  ; No input delay, min/max delays, false-path exceptions, or max skew assignments found ;
; received_tag[85]  ; No input delay, min/max delays, false-path exceptions, or max skew assignments found ;
; received_tag[86]  ; No input delay, min/max delays, false-path exceptions, or max skew assignments found ;
; received_tag[87]  ; No input delay, min/max delays, false-path exceptions, or max skew assignments found ;
; received_tag[88]  ; No input delay, min/max delays, false-path exceptions, or max skew assignments found ;
; received_tag[89]  ; No input delay, min/max delays, false-path exceptions, or max skew assignments found ;
; received_tag[90]  ; No input delay, min/max delays, false-path exceptions, or max skew assignments found ;
; received_tag[91]  ; No input delay, min/max delays, false-path exceptions, or max skew assignments found ;
; received_tag[92]  ; No input delay, min/max delays, false-path exceptions, or max skew assignments found ;
; received_tag[93]  ; No input delay, min/max delays, false-path exceptions, or max skew assignments found ;
; received_tag[94]  ; No input delay, min/max delays, false-path exceptions, or max skew assignments found ;
; received_tag[95]  ; No input delay, min/max delays, false-path exceptions, or max skew assignments found ;
; received_tag[96]  ; No input delay, min/max delays, false-path exceptions, or max skew assignments found ;
; received_tag[97]  ; No input delay, min/max delays, false-path exceptions, or max skew assignments found ;
; received_tag[98]  ; No input delay, min/max delays, false-path exceptions, or max skew assignments found ;
; received_tag[99]  ; No input delay, min/max delays, false-path exceptions, or max skew assignments found ;
; received_tag[100] ; No input delay, min/max delays, false-path exceptions, or max skew assignments found ;
; received_tag[101] ; No input delay, min/max delays, false-path exceptions, or max skew assignments found ;
; received_tag[102] ; No input delay, min/max delays, false-path exceptions, or max skew assignments found ;
; received_tag[103] ; No input delay, min/max delays, false-path exceptions, or max skew assignments found ;
; received_tag[104] ; No input delay, min/max delays, false-path exceptions, or max skew assignments found ;
; received_tag[105] ; No input delay, min/max delays, false-path exceptions, or max skew assignments found ;
; received_tag[106] ; No input delay, min/max delays, false-path exceptions, or max skew assignments found ;
; received_tag[107] ; No input delay, min/max delays, false-path exceptions, or max skew assignments found ;
; received_tag[108] ; No input delay, min/max delays, false-path exceptions, or max skew assignments found ;
; received_tag[109] ; No input delay, min/max delays, false-path exceptions, or max skew assignments found ;
; received_tag[110] ; No input delay, min/max delays, false-path exceptions, or max skew assignments found ;
; received_tag[111] ; No input delay, min/max delays, false-path exceptions, or max skew assignments found ;
; received_tag[112] ; No input delay, min/max delays, false-path exceptions, or max skew assignments found ;
; received_tag[113] ; No input delay, min/max delays, false-path exceptions, or max skew assignments found ;
; received_tag[114] ; No input delay, min/max delays, false-path exceptions, or max skew assignments found ;
; received_tag[115] ; No input delay, min/max delays, false-path exceptions, or max skew assignments found ;
; received_tag[116] ; No input delay, min/max delays, false-path exceptions, or max skew assignments found ;
; received_tag[117] ; No input delay, min/max delays, false-path exceptions, or max skew assignments found ;
; received_tag[118] ; No input delay, min/max delays, false-path exceptions, or max skew assignments found ;
; received_tag[119] ; No input delay, min/max delays, false-path exceptions, or max skew assignments found ;
; received_tag[120] ; No input delay, min/max delays, false-path exceptions, or max skew assignments found ;
; received_tag[121] ; No input delay, min/max delays, false-path exceptions, or max skew assignments found ;
; received_tag[122] ; No input delay, min/max delays, false-path exceptions, or max skew assignments found ;
; received_tag[123] ; No input delay, min/max delays, false-path exceptions, or max skew assignments found ;
; received_tag[124] ; No input delay, min/max delays, false-path exceptions, or max skew assignments found ;
; received_tag[125] ; No input delay, min/max delays, false-path exceptions, or max skew assignments found ;
; received_tag[126] ; No input delay, min/max delays, false-path exceptions, or max skew assignments found ;
; received_tag[127] ; No input delay, min/max delays, false-path exceptions, or max skew assignments found ;
; rst_n             ; No input delay, min/max delays, false-path exceptions, or max skew assignments found ;
; start             ; No input delay, min/max delays, false-path exceptions, or max skew assignments found ;
; tag_ready         ; No input delay, min/max delays, false-path exceptions, or max skew assignments found ;
+-------------------+--------------------------------------------------------------------------------------+


+-----------------------------------------------------------------------------------------------------------+
; Unconstrained Output Ports                                                                                ;
+-------------------+---------------------------------------------------------------------------------------+
; Output Port       ; Comment                                                                               ;
+-------------------+---------------------------------------------------------------------------------------+
; accept            ; No output delay, min/max delays, false-path exceptions, or max skew assignments found ;
; ad_ready          ; No output delay, min/max delays, false-path exceptions, or max skew assignments found ;
; auth_result_valid ; No output delay, min/max delays, false-path exceptions, or max skew assignments found ;
; busy              ; No output delay, min/max delays, false-path exceptions, or max skew assignments found ;
; command_error     ; No output delay, min/max delays, false-path exceptions, or max skew assignments found ;
; data_ready        ; No output delay, min/max delays, false-path exceptions, or max skew assignments found ;
; done              ; No output delay, min/max delays, false-path exceptions, or max skew assignments found ;
; out_data[0]       ; No output delay, min/max delays, false-path exceptions, or max skew assignments found ;
; out_data[1]       ; No output delay, min/max delays, false-path exceptions, or max skew assignments found ;
; out_data[2]       ; No output delay, min/max delays, false-path exceptions, or max skew assignments found ;
; out_data[3]       ; No output delay, min/max delays, false-path exceptions, or max skew assignments found ;
; out_data[4]       ; No output delay, min/max delays, false-path exceptions, or max skew assignments found ;
; out_data[5]       ; No output delay, min/max delays, false-path exceptions, or max skew assignments found ;
; out_data[6]       ; No output delay, min/max delays, false-path exceptions, or max skew assignments found ;
; out_data[7]       ; No output delay, min/max delays, false-path exceptions, or max skew assignments found ;
; out_valid         ; No output delay, min/max delays, false-path exceptions, or max skew assignments found ;
; reject            ; No output delay, min/max delays, false-path exceptions, or max skew assignments found ;
; tag_out[0]        ; No output delay, min/max delays, false-path exceptions, or max skew assignments found ;
; tag_out[1]        ; No output delay, min/max delays, false-path exceptions, or max skew assignments found ;
; tag_out[2]        ; No output delay, min/max delays, false-path exceptions, or max skew assignments found ;
; tag_out[3]        ; No output delay, min/max delays, false-path exceptions, or max skew assignments found ;
; tag_out[4]        ; No output delay, min/max delays, false-path exceptions, or max skew assignments found ;
; tag_out[5]        ; No output delay, min/max delays, false-path exceptions, or max skew assignments found ;
; tag_out[6]        ; No output delay, min/max delays, false-path exceptions, or max skew assignments found ;
; tag_out[7]        ; No output delay, min/max delays, false-path exceptions, or max skew assignments found ;
; tag_out[8]        ; No output delay, min/max delays, false-path exceptions, or max skew assignments found ;
; tag_out[9]        ; No output delay, min/max delays, false-path exceptions, or max skew assignments found ;
; tag_out[10]       ; No output delay, min/max delays, false-path exceptions, or max skew assignments found ;
; tag_out[11]       ; No output delay, min/max delays, false-path exceptions, or max skew assignments found ;
; tag_out[12]       ; No output delay, min/max delays, false-path exceptions, or max skew assignments found ;
; tag_out[13]       ; No output delay, min/max delays, false-path exceptions, or max skew assignments found ;
; tag_out[14]       ; No output delay, min/max delays, false-path exceptions, or max skew assignments found ;
; tag_out[15]       ; No output delay, min/max delays, false-path exceptions, or max skew assignments found ;
; tag_out[16]       ; No output delay, min/max delays, false-path exceptions, or max skew assignments found ;
; tag_out[17]       ; No output delay, min/max delays, false-path exceptions, or max skew assignments found ;
; tag_out[18]       ; No output delay, min/max delays, false-path exceptions, or max skew assignments found ;
; tag_out[19]       ; No output delay, min/max delays, false-path exceptions, or max skew assignments found ;
; tag_out[20]       ; No output delay, min/max delays, false-path exceptions, or max skew assignments found ;
; tag_out[21]       ; No output delay, min/max delays, false-path exceptions, or max skew assignments found ;
; tag_out[22]       ; No output delay, min/max delays, false-path exceptions, or max skew assignments found ;
; tag_out[23]       ; No output delay, min/max delays, false-path exceptions, or max skew assignments found ;
; tag_out[24]       ; No output delay, min/max delays, false-path exceptions, or max skew assignments found ;
; tag_out[25]       ; No output delay, min/max delays, false-path exceptions, or max skew assignments found ;
; tag_out[26]       ; No output delay, min/max delays, false-path exceptions, or max skew assignments found ;
; tag_out[27]       ; No output delay, min/max delays, false-path exceptions, or max skew assignments found ;
; tag_out[28]       ; No output delay, min/max delays, false-path exceptions, or max skew assignments found ;
; tag_out[29]       ; No output delay, min/max delays, false-path exceptions, or max skew assignments found ;
; tag_out[30]       ; No output delay, min/max delays, false-path exceptions, or max skew assignments found ;
; tag_out[31]       ; No output delay, min/max delays, false-path exceptions, or max skew assignments found ;
; tag_out[32]       ; No output delay, min/max delays, false-path exceptions, or max skew assignments found ;
; tag_out[33]       ; No output delay, min/max delays, false-path exceptions, or max skew assignments found ;
; tag_out[34]       ; No output delay, min/max delays, false-path exceptions, or max skew assignments found ;
; tag_out[35]       ; No output delay, min/max delays, false-path exceptions, or max skew assignments found ;
; tag_out[36]       ; No output delay, min/max delays, false-path exceptions, or max skew assignments found ;
; tag_out[37]       ; No output delay, min/max delays, false-path exceptions, or max skew assignments found ;
; tag_out[38]       ; No output delay, min/max delays, false-path exceptions, or max skew assignments found ;
; tag_out[39]       ; No output delay, min/max delays, false-path exceptions, or max skew assignments found ;
; tag_out[40]       ; No output delay, min/max delays, false-path exceptions, or max skew assignments found ;
; tag_out[41]       ; No output delay, min/max delays, false-path exceptions, or max skew assignments found ;
; tag_out[42]       ; No output delay, min/max delays, false-path exceptions, or max skew assignments found ;
; tag_out[43]       ; No output delay, min/max delays, false-path exceptions, or max skew assignments found ;
; tag_out[44]       ; No output delay, min/max delays, false-path exceptions, or max skew assignments found ;
; tag_out[45]       ; No output delay, min/max delays, false-path exceptions, or max skew assignments found ;
; tag_out[46]       ; No output delay, min/max delays, false-path exceptions, or max skew assignments found ;
; tag_out[47]       ; No output delay, min/max delays, false-path exceptions, or max skew assignments found ;
; tag_out[48]       ; No output delay, min/max delays, false-path exceptions, or max skew assignments found ;
; tag_out[49]       ; No output delay, min/max delays, false-path exceptions, or max skew assignments found ;
; tag_out[50]       ; No output delay, min/max delays, false-path exceptions, or max skew assignments found ;
; tag_out[51]       ; No output delay, min/max delays, false-path exceptions, or max skew assignments found ;
; tag_out[52]       ; No output delay, min/max delays, false-path exceptions, or max skew assignments found ;
; tag_out[53]       ; No output delay, min/max delays, false-path exceptions, or max skew assignments found ;
; tag_out[54]       ; No output delay, min/max delays, false-path exceptions, or max skew assignments found ;
; tag_out[55]       ; No output delay, min/max delays, false-path exceptions, or max skew assignments found ;
; tag_out[56]       ; No output delay, min/max delays, false-path exceptions, or max skew assignments found ;
; tag_out[57]       ; No output delay, min/max delays, false-path exceptions, or max skew assignments found ;
; tag_out[58]       ; No output delay, min/max delays, false-path exceptions, or max skew assignments found ;
; tag_out[59]       ; No output delay, min/max delays, false-path exceptions, or max skew assignments found ;
; tag_out[60]       ; No output delay, min/max delays, false-path exceptions, or max skew assignments found ;
; tag_out[61]       ; No output delay, min/max delays, false-path exceptions, or max skew assignments found ;
; tag_out[62]       ; No output delay, min/max delays, false-path exceptions, or max skew assignments found ;
; tag_out[63]       ; No output delay, min/max delays, false-path exceptions, or max skew assignments found ;
; tag_out[64]       ; No output delay, min/max delays, false-path exceptions, or max skew assignments found ;
; tag_out[65]       ; No output delay, min/max delays, false-path exceptions, or max skew assignments found ;
; tag_out[66]       ; No output delay, min/max delays, false-path exceptions, or max skew assignments found ;
; tag_out[67]       ; No output delay, min/max delays, false-path exceptions, or max skew assignments found ;
; tag_out[68]       ; No output delay, min/max delays, false-path exceptions, or max skew assignments found ;
; tag_out[69]       ; No output delay, min/max delays, false-path exceptions, or max skew assignments found ;
; tag_out[70]       ; No output delay, min/max delays, false-path exceptions, or max skew assignments found ;
; tag_out[71]       ; No output delay, min/max delays, false-path exceptions, or max skew assignments found ;
; tag_out[72]       ; No output delay, min/max delays, false-path exceptions, or max skew assignments found ;
; tag_out[73]       ; No output delay, min/max delays, false-path exceptions, or max skew assignments found ;
; tag_out[74]       ; No output delay, min/max delays, false-path exceptions, or max skew assignments found ;
; tag_out[75]       ; No output delay, min/max delays, false-path exceptions, or max skew assignments found ;
; tag_out[76]       ; No output delay, min/max delays, false-path exceptions, or max skew assignments found ;
; tag_out[77]       ; No output delay, min/max delays, false-path exceptions, or max skew assignments found ;
; tag_out[78]       ; No output delay, min/max delays, false-path exceptions, or max skew assignments found ;
; tag_out[79]       ; No output delay, min/max delays, false-path exceptions, or max skew assignments found ;
; tag_out[80]       ; No output delay, min/max delays, false-path exceptions, or max skew assignments found ;
; tag_out[81]       ; No output delay, min/max delays, false-path exceptions, or max skew assignments found ;
; tag_out[82]       ; No output delay, min/max delays, false-path exceptions, or max skew assignments found ;
; tag_out[83]       ; No output delay, min/max delays, false-path exceptions, or max skew assignments found ;
; tag_out[84]       ; No output delay, min/max delays, false-path exceptions, or max skew assignments found ;
; tag_out[85]       ; No output delay, min/max delays, false-path exceptions, or max skew assignments found ;
; tag_out[86]       ; No output delay, min/max delays, false-path exceptions, or max skew assignments found ;
; tag_out[87]       ; No output delay, min/max delays, false-path exceptions, or max skew assignments found ;
; tag_out[88]       ; No output delay, min/max delays, false-path exceptions, or max skew assignments found ;
; tag_out[89]       ; No output delay, min/max delays, false-path exceptions, or max skew assignments found ;
; tag_out[90]       ; No output delay, min/max delays, false-path exceptions, or max skew assignments found ;
; tag_out[91]       ; No output delay, min/max delays, false-path exceptions, or max skew assignments found ;
; tag_out[92]       ; No output delay, min/max delays, false-path exceptions, or max skew assignments found ;
; tag_out[93]       ; No output delay, min/max delays, false-path exceptions, or max skew assignments found ;
; tag_out[94]       ; No output delay, min/max delays, false-path exceptions, or max skew assignments found ;
; tag_out[95]       ; No output delay, min/max delays, false-path exceptions, or max skew assignments found ;
; tag_out[96]       ; No output delay, min/max delays, false-path exceptions, or max skew assignments found ;
; tag_out[97]       ; No output delay, min/max delays, false-path exceptions, or max skew assignments found ;
; tag_out[98]       ; No output delay, min/max delays, false-path exceptions, or max skew assignments found ;
; tag_out[99]       ; No output delay, min/max delays, false-path exceptions, or max skew assignments found ;
; tag_out[100]      ; No output delay, min/max delays, false-path exceptions, or max skew assignments found ;
; tag_out[101]      ; No output delay, min/max delays, false-path exceptions, or max skew assignments found ;
; tag_out[102]      ; No output delay, min/max delays, false-path exceptions, or max skew assignments found ;
; tag_out[103]      ; No output delay, min/max delays, false-path exceptions, or max skew assignments found ;
; tag_out[104]      ; No output delay, min/max delays, false-path exceptions, or max skew assignments found ;
; tag_out[105]      ; No output delay, min/max delays, false-path exceptions, or max skew assignments found ;
; tag_out[106]      ; No output delay, min/max delays, false-path exceptions, or max skew assignments found ;
; tag_out[107]      ; No output delay, min/max delays, false-path exceptions, or max skew assignments found ;
; tag_out[108]      ; No output delay, min/max delays, false-path exceptions, or max skew assignments found ;
; tag_out[109]      ; No output delay, min/max delays, false-path exceptions, or max skew assignments found ;
; tag_out[110]      ; No output delay, min/max delays, false-path exceptions, or max skew assignments found ;
; tag_out[111]      ; No output delay, min/max delays, false-path exceptions, or max skew assignments found ;
; tag_out[112]      ; No output delay, min/max delays, false-path exceptions, or max skew assignments found ;
; tag_out[113]      ; No output delay, min/max delays, false-path exceptions, or max skew assignments found ;
; tag_out[114]      ; No output delay, min/max delays, false-path exceptions, or max skew assignments found ;
; tag_out[115]      ; No output delay, min/max delays, false-path exceptions, or max skew assignments found ;
; tag_out[116]      ; No output delay, min/max delays, false-path exceptions, or max skew assignments found ;
; tag_out[117]      ; No output delay, min/max delays, false-path exceptions, or max skew assignments found ;
; tag_out[118]      ; No output delay, min/max delays, false-path exceptions, or max skew assignments found ;
; tag_out[119]      ; No output delay, min/max delays, false-path exceptions, or max skew assignments found ;
; tag_out[120]      ; No output delay, min/max delays, false-path exceptions, or max skew assignments found ;
; tag_out[121]      ; No output delay, min/max delays, false-path exceptions, or max skew assignments found ;
; tag_out[122]      ; No output delay, min/max delays, false-path exceptions, or max skew assignments found ;
; tag_out[123]      ; No output delay, min/max delays, false-path exceptions, or max skew assignments found ;
; tag_out[124]      ; No output delay, min/max delays, false-path exceptions, or max skew assignments found ;
; tag_out[125]      ; No output delay, min/max delays, false-path exceptions, or max skew assignments found ;
; tag_out[126]      ; No output delay, min/max delays, false-path exceptions, or max skew assignments found ;
; tag_out[127]      ; No output delay, min/max delays, false-path exceptions, or max skew assignments found ;
; tag_valid         ; No output delay, min/max delays, false-path exceptions, or max skew assignments found ;
+-------------------+---------------------------------------------------------------------------------------+


+----------------------------------------------------------------------------------------------------------+
; Unconstrained Input Ports                                                                                ;
+-------------------+--------------------------------------------------------------------------------------+
; Input Port        ; Comment                                                                              ;
+-------------------+--------------------------------------------------------------------------------------+
; ad_data[0]        ; No input delay, min/max delays, false-path exceptions, or max skew assignments found ;
; ad_data[1]        ; No input delay, min/max delays, false-path exceptions, or max skew assignments found ;
; ad_data[2]        ; No input delay, min/max delays, false-path exceptions, or max skew assignments found ;
; ad_data[3]        ; No input delay, min/max delays, false-path exceptions, or max skew assignments found ;
; ad_data[4]        ; No input delay, min/max delays, false-path exceptions, or max skew assignments found ;
; ad_data[5]        ; No input delay, min/max delays, false-path exceptions, or max skew assignments found ;
; ad_data[6]        ; No input delay, min/max delays, false-path exceptions, or max skew assignments found ;
; ad_data[7]        ; No input delay, min/max delays, false-path exceptions, or max skew assignments found ;
; ad_length[0]      ; No input delay, min/max delays, false-path exceptions, or max skew assignments found ;
; ad_length[1]      ; No input delay, min/max delays, false-path exceptions, or max skew assignments found ;
; ad_length[2]      ; No input delay, min/max delays, false-path exceptions, or max skew assignments found ;
; ad_length[3]      ; No input delay, min/max delays, false-path exceptions, or max skew assignments found ;
; ad_length[4]      ; No input delay, min/max delays, false-path exceptions, or max skew assignments found ;
; ad_length[5]      ; No input delay, min/max delays, false-path exceptions, or max skew assignments found ;
; ad_length[6]      ; No input delay, min/max delays, false-path exceptions, or max skew assignments found ;
; ad_length[7]      ; No input delay, min/max delays, false-path exceptions, or max skew assignments found ;
; ad_length[8]      ; No input delay, min/max delays, false-path exceptions, or max skew assignments found ;
; ad_length[9]      ; No input delay, min/max delays, false-path exceptions, or max skew assignments found ;
; ad_length[10]     ; No input delay, min/max delays, false-path exceptions, or max skew assignments found ;
; ad_length[11]     ; No input delay, min/max delays, false-path exceptions, or max skew assignments found ;
; ad_length[12]     ; No input delay, min/max delays, false-path exceptions, or max skew assignments found ;
; ad_length[13]     ; No input delay, min/max delays, false-path exceptions, or max skew assignments found ;
; ad_length[14]     ; No input delay, min/max delays, false-path exceptions, or max skew assignments found ;
; ad_length[15]     ; No input delay, min/max delays, false-path exceptions, or max skew assignments found ;
; ad_length[16]     ; No input delay, min/max delays, false-path exceptions, or max skew assignments found ;
; ad_length[17]     ; No input delay, min/max delays, false-path exceptions, or max skew assignments found ;
; ad_length[18]     ; No input delay, min/max delays, false-path exceptions, or max skew assignments found ;
; ad_length[19]     ; No input delay, min/max delays, false-path exceptions, or max skew assignments found ;
; ad_length[20]     ; No input delay, min/max delays, false-path exceptions, or max skew assignments found ;
; ad_length[21]     ; No input delay, min/max delays, false-path exceptions, or max skew assignments found ;
; ad_length[22]     ; No input delay, min/max delays, false-path exceptions, or max skew assignments found ;
; ad_length[23]     ; No input delay, min/max delays, false-path exceptions, or max skew assignments found ;
; ad_length[24]     ; No input delay, min/max delays, false-path exceptions, or max skew assignments found ;
; ad_length[25]     ; No input delay, min/max delays, false-path exceptions, or max skew assignments found ;
; ad_length[26]     ; No input delay, min/max delays, false-path exceptions, or max skew assignments found ;
; ad_length[27]     ; No input delay, min/max delays, false-path exceptions, or max skew assignments found ;
; ad_length[28]     ; No input delay, min/max delays, false-path exceptions, or max skew assignments found ;
; ad_length[29]     ; No input delay, min/max delays, false-path exceptions, or max skew assignments found ;
; ad_length[30]     ; No input delay, min/max delays, false-path exceptions, or max skew assignments found ;
; ad_length[31]     ; No input delay, min/max delays, false-path exceptions, or max skew assignments found ;
; ad_valid          ; No input delay, min/max delays, false-path exceptions, or max skew assignments found ;
; data_in[0]        ; No input delay, min/max delays, false-path exceptions, or max skew assignments found ;
; data_in[1]        ; No input delay, min/max delays, false-path exceptions, or max skew assignments found ;
; data_in[2]        ; No input delay, min/max delays, false-path exceptions, or max skew assignments found ;
; data_in[3]        ; No input delay, min/max delays, false-path exceptions, or max skew assignments found ;
; data_in[4]        ; No input delay, min/max delays, false-path exceptions, or max skew assignments found ;
; data_in[5]        ; No input delay, min/max delays, false-path exceptions, or max skew assignments found ;
; data_in[6]        ; No input delay, min/max delays, false-path exceptions, or max skew assignments found ;
; data_in[7]        ; No input delay, min/max delays, false-path exceptions, or max skew assignments found ;
; data_length[0]    ; No input delay, min/max delays, false-path exceptions, or max skew assignments found ;
; data_length[1]    ; No input delay, min/max delays, false-path exceptions, or max skew assignments found ;
; data_length[2]    ; No input delay, min/max delays, false-path exceptions, or max skew assignments found ;
; data_length[3]    ; No input delay, min/max delays, false-path exceptions, or max skew assignments found ;
; data_length[4]    ; No input delay, min/max delays, false-path exceptions, or max skew assignments found ;
; data_length[5]    ; No input delay, min/max delays, false-path exceptions, or max skew assignments found ;
; data_length[6]    ; No input delay, min/max delays, false-path exceptions, or max skew assignments found ;
; data_length[7]    ; No input delay, min/max delays, false-path exceptions, or max skew assignments found ;
; data_length[8]    ; No input delay, min/max delays, false-path exceptions, or max skew assignments found ;
; data_length[9]    ; No input delay, min/max delays, false-path exceptions, or max skew assignments found ;
; data_length[10]   ; No input delay, min/max delays, false-path exceptions, or max skew assignments found ;
; data_length[11]   ; No input delay, min/max delays, false-path exceptions, or max skew assignments found ;
; data_length[12]   ; No input delay, min/max delays, false-path exceptions, or max skew assignments found ;
; data_length[13]   ; No input delay, min/max delays, false-path exceptions, or max skew assignments found ;
; data_length[14]   ; No input delay, min/max delays, false-path exceptions, or max skew assignments found ;
; data_length[15]   ; No input delay, min/max delays, false-path exceptions, or max skew assignments found ;
; data_length[16]   ; No input delay, min/max delays, false-path exceptions, or max skew assignments found ;
; data_length[17]   ; No input delay, min/max delays, false-path exceptions, or max skew assignments found ;
; data_length[18]   ; No input delay, min/max delays, false-path exceptions, or max skew assignments found ;
; data_length[19]   ; No input delay, min/max delays, false-path exceptions, or max skew assignments found ;
; data_length[20]   ; No input delay, min/max delays, false-path exceptions, or max skew assignments found ;
; data_length[21]   ; No input delay, min/max delays, false-path exceptions, or max skew assignments found ;
; data_length[22]   ; No input delay, min/max delays, false-path exceptions, or max skew assignments found ;
; data_length[23]   ; No input delay, min/max delays, false-path exceptions, or max skew assignments found ;
; data_length[24]   ; No input delay, min/max delays, false-path exceptions, or max skew assignments found ;
; data_length[25]   ; No input delay, min/max delays, false-path exceptions, or max skew assignments found ;
; data_length[26]   ; No input delay, min/max delays, false-path exceptions, or max skew assignments found ;
; data_length[27]   ; No input delay, min/max delays, false-path exceptions, or max skew assignments found ;
; data_length[28]   ; No input delay, min/max delays, false-path exceptions, or max skew assignments found ;
; data_length[29]   ; No input delay, min/max delays, false-path exceptions, or max skew assignments found ;
; data_length[30]   ; No input delay, min/max delays, false-path exceptions, or max skew assignments found ;
; data_length[31]   ; No input delay, min/max delays, false-path exceptions, or max skew assignments found ;
; data_valid        ; No input delay, min/max delays, false-path exceptions, or max skew assignments found ;
; decrypt           ; No input delay, min/max delays, false-path exceptions, or max skew assignments found ;
; key[0]            ; No input delay, min/max delays, false-path exceptions, or max skew assignments found ;
; key[1]            ; No input delay, min/max delays, false-path exceptions, or max skew assignments found ;
; key[2]            ; No input delay, min/max delays, false-path exceptions, or max skew assignments found ;
; key[3]            ; No input delay, min/max delays, false-path exceptions, or max skew assignments found ;
; key[4]            ; No input delay, min/max delays, false-path exceptions, or max skew assignments found ;
; key[5]            ; No input delay, min/max delays, false-path exceptions, or max skew assignments found ;
; key[6]            ; No input delay, min/max delays, false-path exceptions, or max skew assignments found ;
; key[7]            ; No input delay, min/max delays, false-path exceptions, or max skew assignments found ;
; key[8]            ; No input delay, min/max delays, false-path exceptions, or max skew assignments found ;
; key[9]            ; No input delay, min/max delays, false-path exceptions, or max skew assignments found ;
; key[10]           ; No input delay, min/max delays, false-path exceptions, or max skew assignments found ;
; key[11]           ; No input delay, min/max delays, false-path exceptions, or max skew assignments found ;
; key[12]           ; No input delay, min/max delays, false-path exceptions, or max skew assignments found ;
; key[13]           ; No input delay, min/max delays, false-path exceptions, or max skew assignments found ;
; key[14]           ; No input delay, min/max delays, false-path exceptions, or max skew assignments found ;
; key[15]           ; No input delay, min/max delays, false-path exceptions, or max skew assignments found ;
; key[16]           ; No input delay, min/max delays, false-path exceptions, or max skew assignments found ;
; key[17]           ; No input delay, min/max delays, false-path exceptions, or max skew assignments found ;
; key[18]           ; No input delay, min/max delays, false-path exceptions, or max skew assignments found ;
; key[19]           ; No input delay, min/max delays, false-path exceptions, or max skew assignments found ;
; key[20]           ; No input delay, min/max delays, false-path exceptions, or max skew assignments found ;
; key[21]           ; No input delay, min/max delays, false-path exceptions, or max skew assignments found ;
; key[22]           ; No input delay, min/max delays, false-path exceptions, or max skew assignments found ;
; key[23]           ; No input delay, min/max delays, false-path exceptions, or max skew assignments found ;
; key[24]           ; No input delay, min/max delays, false-path exceptions, or max skew assignments found ;
; key[25]           ; No input delay, min/max delays, false-path exceptions, or max skew assignments found ;
; key[26]           ; No input delay, min/max delays, false-path exceptions, or max skew assignments found ;
; key[27]           ; No input delay, min/max delays, false-path exceptions, or max skew assignments found ;
; key[28]           ; No input delay, min/max delays, false-path exceptions, or max skew assignments found ;
; key[29]           ; No input delay, min/max delays, false-path exceptions, or max skew assignments found ;
; key[30]           ; No input delay, min/max delays, false-path exceptions, or max skew assignments found ;
; key[31]           ; No input delay, min/max delays, false-path exceptions, or max skew assignments found ;
; key[32]           ; No input delay, min/max delays, false-path exceptions, or max skew assignments found ;
; key[33]           ; No input delay, min/max delays, false-path exceptions, or max skew assignments found ;
; key[34]           ; No input delay, min/max delays, false-path exceptions, or max skew assignments found ;
; key[35]           ; No input delay, min/max delays, false-path exceptions, or max skew assignments found ;
; key[36]           ; No input delay, min/max delays, false-path exceptions, or max skew assignments found ;
; key[37]           ; No input delay, min/max delays, false-path exceptions, or max skew assignments found ;
; key[38]           ; No input delay, min/max delays, false-path exceptions, or max skew assignments found ;
; key[39]           ; No input delay, min/max delays, false-path exceptions, or max skew assignments found ;
; key[40]           ; No input delay, min/max delays, false-path exceptions, or max skew assignments found ;
; key[41]           ; No input delay, min/max delays, false-path exceptions, or max skew assignments found ;
; key[42]           ; No input delay, min/max delays, false-path exceptions, or max skew assignments found ;
; key[43]           ; No input delay, min/max delays, false-path exceptions, or max skew assignments found ;
; key[44]           ; No input delay, min/max delays, false-path exceptions, or max skew assignments found ;
; key[45]           ; No input delay, min/max delays, false-path exceptions, or max skew assignments found ;
; key[46]           ; No input delay, min/max delays, false-path exceptions, or max skew assignments found ;
; key[47]           ; No input delay, min/max delays, false-path exceptions, or max skew assignments found ;
; key[48]           ; No input delay, min/max delays, false-path exceptions, or max skew assignments found ;
; key[49]           ; No input delay, min/max delays, false-path exceptions, or max skew assignments found ;
; key[50]           ; No input delay, min/max delays, false-path exceptions, or max skew assignments found ;
; key[51]           ; No input delay, min/max delays, false-path exceptions, or max skew assignments found ;
; key[52]           ; No input delay, min/max delays, false-path exceptions, or max skew assignments found ;
; key[53]           ; No input delay, min/max delays, false-path exceptions, or max skew assignments found ;
; key[54]           ; No input delay, min/max delays, false-path exceptions, or max skew assignments found ;
; key[55]           ; No input delay, min/max delays, false-path exceptions, or max skew assignments found ;
; key[56]           ; No input delay, min/max delays, false-path exceptions, or max skew assignments found ;
; key[57]           ; No input delay, min/max delays, false-path exceptions, or max skew assignments found ;
; key[58]           ; No input delay, min/max delays, false-path exceptions, or max skew assignments found ;
; key[59]           ; No input delay, min/max delays, false-path exceptions, or max skew assignments found ;
; key[60]           ; No input delay, min/max delays, false-path exceptions, or max skew assignments found ;
; key[61]           ; No input delay, min/max delays, false-path exceptions, or max skew assignments found ;
; key[62]           ; No input delay, min/max delays, false-path exceptions, or max skew assignments found ;
; key[63]           ; No input delay, min/max delays, false-path exceptions, or max skew assignments found ;
; key[64]           ; No input delay, min/max delays, false-path exceptions, or max skew assignments found ;
; key[65]           ; No input delay, min/max delays, false-path exceptions, or max skew assignments found ;
; key[66]           ; No input delay, min/max delays, false-path exceptions, or max skew assignments found ;
; key[67]           ; No input delay, min/max delays, false-path exceptions, or max skew assignments found ;
; key[68]           ; No input delay, min/max delays, false-path exceptions, or max skew assignments found ;
; key[69]           ; No input delay, min/max delays, false-path exceptions, or max skew assignments found ;
; key[70]           ; No input delay, min/max delays, false-path exceptions, or max skew assignments found ;
; key[71]           ; No input delay, min/max delays, false-path exceptions, or max skew assignments found ;
; key[72]           ; No input delay, min/max delays, false-path exceptions, or max skew assignments found ;
; key[73]           ; No input delay, min/max delays, false-path exceptions, or max skew assignments found ;
; key[74]           ; No input delay, min/max delays, false-path exceptions, or max skew assignments found ;
; key[75]           ; No input delay, min/max delays, false-path exceptions, or max skew assignments found ;
; key[76]           ; No input delay, min/max delays, false-path exceptions, or max skew assignments found ;
; key[77]           ; No input delay, min/max delays, false-path exceptions, or max skew assignments found ;
; key[78]           ; No input delay, min/max delays, false-path exceptions, or max skew assignments found ;
; key[79]           ; No input delay, min/max delays, false-path exceptions, or max skew assignments found ;
; key[80]           ; No input delay, min/max delays, false-path exceptions, or max skew assignments found ;
; key[81]           ; No input delay, min/max delays, false-path exceptions, or max skew assignments found ;
; key[82]           ; No input delay, min/max delays, false-path exceptions, or max skew assignments found ;
; key[83]           ; No input delay, min/max delays, false-path exceptions, or max skew assignments found ;
; key[84]           ; No input delay, min/max delays, false-path exceptions, or max skew assignments found ;
; key[85]           ; No input delay, min/max delays, false-path exceptions, or max skew assignments found ;
; key[86]           ; No input delay, min/max delays, false-path exceptions, or max skew assignments found ;
; key[87]           ; No input delay, min/max delays, false-path exceptions, or max skew assignments found ;
; key[88]           ; No input delay, min/max delays, false-path exceptions, or max skew assignments found ;
; key[89]           ; No input delay, min/max delays, false-path exceptions, or max skew assignments found ;
; key[90]           ; No input delay, min/max delays, false-path exceptions, or max skew assignments found ;
; key[91]           ; No input delay, min/max delays, false-path exceptions, or max skew assignments found ;
; key[92]           ; No input delay, min/max delays, false-path exceptions, or max skew assignments found ;
; key[93]           ; No input delay, min/max delays, false-path exceptions, or max skew assignments found ;
; key[94]           ; No input delay, min/max delays, false-path exceptions, or max skew assignments found ;
; key[95]           ; No input delay, min/max delays, false-path exceptions, or max skew assignments found ;
; key[96]           ; No input delay, min/max delays, false-path exceptions, or max skew assignments found ;
; key[97]           ; No input delay, min/max delays, false-path exceptions, or max skew assignments found ;
; key[98]           ; No input delay, min/max delays, false-path exceptions, or max skew assignments found ;
; key[99]           ; No input delay, min/max delays, false-path exceptions, or max skew assignments found ;
; key[100]          ; No input delay, min/max delays, false-path exceptions, or max skew assignments found ;
; key[101]          ; No input delay, min/max delays, false-path exceptions, or max skew assignments found ;
; key[102]          ; No input delay, min/max delays, false-path exceptions, or max skew assignments found ;
; key[103]          ; No input delay, min/max delays, false-path exceptions, or max skew assignments found ;
; key[104]          ; No input delay, min/max delays, false-path exceptions, or max skew assignments found ;
; key[105]          ; No input delay, min/max delays, false-path exceptions, or max skew assignments found ;
; key[106]          ; No input delay, min/max delays, false-path exceptions, or max skew assignments found ;
; key[107]          ; No input delay, min/max delays, false-path exceptions, or max skew assignments found ;
; key[108]          ; No input delay, min/max delays, false-path exceptions, or max skew assignments found ;
; key[109]          ; No input delay, min/max delays, false-path exceptions, or max skew assignments found ;
; key[110]          ; No input delay, min/max delays, false-path exceptions, or max skew assignments found ;
; key[111]          ; No input delay, min/max delays, false-path exceptions, or max skew assignments found ;
; key[112]          ; No input delay, min/max delays, false-path exceptions, or max skew assignments found ;
; key[113]          ; No input delay, min/max delays, false-path exceptions, or max skew assignments found ;
; key[114]          ; No input delay, min/max delays, false-path exceptions, or max skew assignments found ;
; key[115]          ; No input delay, min/max delays, false-path exceptions, or max skew assignments found ;
; key[116]          ; No input delay, min/max delays, false-path exceptions, or max skew assignments found ;
; key[117]          ; No input delay, min/max delays, false-path exceptions, or max skew assignments found ;
; key[118]          ; No input delay, min/max delays, false-path exceptions, or max skew assignments found ;
; key[119]          ; No input delay, min/max delays, false-path exceptions, or max skew assignments found ;
; key[120]          ; No input delay, min/max delays, false-path exceptions, or max skew assignments found ;
; key[121]          ; No input delay, min/max delays, false-path exceptions, or max skew assignments found ;
; key[122]          ; No input delay, min/max delays, false-path exceptions, or max skew assignments found ;
; key[123]          ; No input delay, min/max delays, false-path exceptions, or max skew assignments found ;
; key[124]          ; No input delay, min/max delays, false-path exceptions, or max skew assignments found ;
; key[125]          ; No input delay, min/max delays, false-path exceptions, or max skew assignments found ;
; key[126]          ; No input delay, min/max delays, false-path exceptions, or max skew assignments found ;
; key[127]          ; No input delay, min/max delays, false-path exceptions, or max skew assignments found ;
; nonce[0]          ; No input delay, min/max delays, false-path exceptions, or max skew assignments found ;
; nonce[1]          ; No input delay, min/max delays, false-path exceptions, or max skew assignments found ;
; nonce[2]          ; No input delay, min/max delays, false-path exceptions, or max skew assignments found ;
; nonce[3]          ; No input delay, min/max delays, false-path exceptions, or max skew assignments found ;
; nonce[4]          ; No input delay, min/max delays, false-path exceptions, or max skew assignments found ;
; nonce[5]          ; No input delay, min/max delays, false-path exceptions, or max skew assignments found ;
; nonce[6]          ; No input delay, min/max delays, false-path exceptions, or max skew assignments found ;
; nonce[7]          ; No input delay, min/max delays, false-path exceptions, or max skew assignments found ;
; nonce[8]          ; No input delay, min/max delays, false-path exceptions, or max skew assignments found ;
; nonce[9]          ; No input delay, min/max delays, false-path exceptions, or max skew assignments found ;
; nonce[10]         ; No input delay, min/max delays, false-path exceptions, or max skew assignments found ;
; nonce[11]         ; No input delay, min/max delays, false-path exceptions, or max skew assignments found ;
; nonce[12]         ; No input delay, min/max delays, false-path exceptions, or max skew assignments found ;
; nonce[13]         ; No input delay, min/max delays, false-path exceptions, or max skew assignments found ;
; nonce[14]         ; No input delay, min/max delays, false-path exceptions, or max skew assignments found ;
; nonce[15]         ; No input delay, min/max delays, false-path exceptions, or max skew assignments found ;
; nonce[16]         ; No input delay, min/max delays, false-path exceptions, or max skew assignments found ;
; nonce[17]         ; No input delay, min/max delays, false-path exceptions, or max skew assignments found ;
; nonce[18]         ; No input delay, min/max delays, false-path exceptions, or max skew assignments found ;
; nonce[19]         ; No input delay, min/max delays, false-path exceptions, or max skew assignments found ;
; nonce[20]         ; No input delay, min/max delays, false-path exceptions, or max skew assignments found ;
; nonce[21]         ; No input delay, min/max delays, false-path exceptions, or max skew assignments found ;
; nonce[22]         ; No input delay, min/max delays, false-path exceptions, or max skew assignments found ;
; nonce[23]         ; No input delay, min/max delays, false-path exceptions, or max skew assignments found ;
; nonce[24]         ; No input delay, min/max delays, false-path exceptions, or max skew assignments found ;
; nonce[25]         ; No input delay, min/max delays, false-path exceptions, or max skew assignments found ;
; nonce[26]         ; No input delay, min/max delays, false-path exceptions, or max skew assignments found ;
; nonce[27]         ; No input delay, min/max delays, false-path exceptions, or max skew assignments found ;
; nonce[28]         ; No input delay, min/max delays, false-path exceptions, or max skew assignments found ;
; nonce[29]         ; No input delay, min/max delays, false-path exceptions, or max skew assignments found ;
; nonce[30]         ; No input delay, min/max delays, false-path exceptions, or max skew assignments found ;
; nonce[31]         ; No input delay, min/max delays, false-path exceptions, or max skew assignments found ;
; nonce[32]         ; No input delay, min/max delays, false-path exceptions, or max skew assignments found ;
; nonce[33]         ; No input delay, min/max delays, false-path exceptions, or max skew assignments found ;
; nonce[34]         ; No input delay, min/max delays, false-path exceptions, or max skew assignments found ;
; nonce[35]         ; No input delay, min/max delays, false-path exceptions, or max skew assignments found ;
; nonce[36]         ; No input delay, min/max delays, false-path exceptions, or max skew assignments found ;
; nonce[37]         ; No input delay, min/max delays, false-path exceptions, or max skew assignments found ;
; nonce[38]         ; No input delay, min/max delays, false-path exceptions, or max skew assignments found ;
; nonce[39]         ; No input delay, min/max delays, false-path exceptions, or max skew assignments found ;
; nonce[40]         ; No input delay, min/max delays, false-path exceptions, or max skew assignments found ;
; nonce[41]         ; No input delay, min/max delays, false-path exceptions, or max skew assignments found ;
; nonce[42]         ; No input delay, min/max delays, false-path exceptions, or max skew assignments found ;
; nonce[43]         ; No input delay, min/max delays, false-path exceptions, or max skew assignments found ;
; nonce[44]         ; No input delay, min/max delays, false-path exceptions, or max skew assignments found ;
; nonce[45]         ; No input delay, min/max delays, false-path exceptions, or max skew assignments found ;
; nonce[46]         ; No input delay, min/max delays, false-path exceptions, or max skew assignments found ;
; nonce[47]         ; No input delay, min/max delays, false-path exceptions, or max skew assignments found ;
; nonce[48]         ; No input delay, min/max delays, false-path exceptions, or max skew assignments found ;
; nonce[49]         ; No input delay, min/max delays, false-path exceptions, or max skew assignments found ;
; nonce[50]         ; No input delay, min/max delays, false-path exceptions, or max skew assignments found ;
; nonce[51]         ; No input delay, min/max delays, false-path exceptions, or max skew assignments found ;
; nonce[52]         ; No input delay, min/max delays, false-path exceptions, or max skew assignments found ;
; nonce[53]         ; No input delay, min/max delays, false-path exceptions, or max skew assignments found ;
; nonce[54]         ; No input delay, min/max delays, false-path exceptions, or max skew assignments found ;
; nonce[55]         ; No input delay, min/max delays, false-path exceptions, or max skew assignments found ;
; nonce[56]         ; No input delay, min/max delays, false-path exceptions, or max skew assignments found ;
; nonce[57]         ; No input delay, min/max delays, false-path exceptions, or max skew assignments found ;
; nonce[58]         ; No input delay, min/max delays, false-path exceptions, or max skew assignments found ;
; nonce[59]         ; No input delay, min/max delays, false-path exceptions, or max skew assignments found ;
; nonce[60]         ; No input delay, min/max delays, false-path exceptions, or max skew assignments found ;
; nonce[61]         ; No input delay, min/max delays, false-path exceptions, or max skew assignments found ;
; nonce[62]         ; No input delay, min/max delays, false-path exceptions, or max skew assignments found ;
; nonce[63]         ; No input delay, min/max delays, false-path exceptions, or max skew assignments found ;
; nonce[64]         ; No input delay, min/max delays, false-path exceptions, or max skew assignments found ;
; nonce[65]         ; No input delay, min/max delays, false-path exceptions, or max skew assignments found ;
; nonce[66]         ; No input delay, min/max delays, false-path exceptions, or max skew assignments found ;
; nonce[67]         ; No input delay, min/max delays, false-path exceptions, or max skew assignments found ;
; nonce[68]         ; No input delay, min/max delays, false-path exceptions, or max skew assignments found ;
; nonce[69]         ; No input delay, min/max delays, false-path exceptions, or max skew assignments found ;
; nonce[70]         ; No input delay, min/max delays, false-path exceptions, or max skew assignments found ;
; nonce[71]         ; No input delay, min/max delays, false-path exceptions, or max skew assignments found ;
; nonce[72]         ; No input delay, min/max delays, false-path exceptions, or max skew assignments found ;
; nonce[73]         ; No input delay, min/max delays, false-path exceptions, or max skew assignments found ;
; nonce[74]         ; No input delay, min/max delays, false-path exceptions, or max skew assignments found ;
; nonce[75]         ; No input delay, min/max delays, false-path exceptions, or max skew assignments found ;
; nonce[76]         ; No input delay, min/max delays, false-path exceptions, or max skew assignments found ;
; nonce[77]         ; No input delay, min/max delays, false-path exceptions, or max skew assignments found ;
; nonce[78]         ; No input delay, min/max delays, false-path exceptions, or max skew assignments found ;
; nonce[79]         ; No input delay, min/max delays, false-path exceptions, or max skew assignments found ;
; nonce[80]         ; No input delay, min/max delays, false-path exceptions, or max skew assignments found ;
; nonce[81]         ; No input delay, min/max delays, false-path exceptions, or max skew assignments found ;
; nonce[82]         ; No input delay, min/max delays, false-path exceptions, or max skew assignments found ;
; nonce[83]         ; No input delay, min/max delays, false-path exceptions, or max skew assignments found ;
; nonce[84]         ; No input delay, min/max delays, false-path exceptions, or max skew assignments found ;
; nonce[85]         ; No input delay, min/max delays, false-path exceptions, or max skew assignments found ;
; nonce[86]         ; No input delay, min/max delays, false-path exceptions, or max skew assignments found ;
; nonce[87]         ; No input delay, min/max delays, false-path exceptions, or max skew assignments found ;
; nonce[88]         ; No input delay, min/max delays, false-path exceptions, or max skew assignments found ;
; nonce[89]         ; No input delay, min/max delays, false-path exceptions, or max skew assignments found ;
; nonce[90]         ; No input delay, min/max delays, false-path exceptions, or max skew assignments found ;
; nonce[91]         ; No input delay, min/max delays, false-path exceptions, or max skew assignments found ;
; nonce[92]         ; No input delay, min/max delays, false-path exceptions, or max skew assignments found ;
; nonce[93]         ; No input delay, min/max delays, false-path exceptions, or max skew assignments found ;
; nonce[94]         ; No input delay, min/max delays, false-path exceptions, or max skew assignments found ;
; nonce[95]         ; No input delay, min/max delays, false-path exceptions, or max skew assignments found ;
; nonce[96]         ; No input delay, min/max delays, false-path exceptions, or max skew assignments found ;
; nonce[97]         ; No input delay, min/max delays, false-path exceptions, or max skew assignments found ;
; nonce[98]         ; No input delay, min/max delays, false-path exceptions, or max skew assignments found ;
; nonce[99]         ; No input delay, min/max delays, false-path exceptions, or max skew assignments found ;
; nonce[100]        ; No input delay, min/max delays, false-path exceptions, or max skew assignments found ;
; nonce[101]        ; No input delay, min/max delays, false-path exceptions, or max skew assignments found ;
; nonce[102]        ; No input delay, min/max delays, false-path exceptions, or max skew assignments found ;
; nonce[103]        ; No input delay, min/max delays, false-path exceptions, or max skew assignments found ;
; nonce[104]        ; No input delay, min/max delays, false-path exceptions, or max skew assignments found ;
; nonce[105]        ; No input delay, min/max delays, false-path exceptions, or max skew assignments found ;
; nonce[106]        ; No input delay, min/max delays, false-path exceptions, or max skew assignments found ;
; nonce[107]        ; No input delay, min/max delays, false-path exceptions, or max skew assignments found ;
; nonce[108]        ; No input delay, min/max delays, false-path exceptions, or max skew assignments found ;
; nonce[109]        ; No input delay, min/max delays, false-path exceptions, or max skew assignments found ;
; nonce[110]        ; No input delay, min/max delays, false-path exceptions, or max skew assignments found ;
; nonce[111]        ; No input delay, min/max delays, false-path exceptions, or max skew assignments found ;
; nonce[112]        ; No input delay, min/max delays, false-path exceptions, or max skew assignments found ;
; nonce[113]        ; No input delay, min/max delays, false-path exceptions, or max skew assignments found ;
; nonce[114]        ; No input delay, min/max delays, false-path exceptions, or max skew assignments found ;
; nonce[115]        ; No input delay, min/max delays, false-path exceptions, or max skew assignments found ;
; nonce[116]        ; No input delay, min/max delays, false-path exceptions, or max skew assignments found ;
; nonce[117]        ; No input delay, min/max delays, false-path exceptions, or max skew assignments found ;
; nonce[118]        ; No input delay, min/max delays, false-path exceptions, or max skew assignments found ;
; nonce[119]        ; No input delay, min/max delays, false-path exceptions, or max skew assignments found ;
; nonce[120]        ; No input delay, min/max delays, false-path exceptions, or max skew assignments found ;
; nonce[121]        ; No input delay, min/max delays, false-path exceptions, or max skew assignments found ;
; nonce[122]        ; No input delay, min/max delays, false-path exceptions, or max skew assignments found ;
; nonce[123]        ; No input delay, min/max delays, false-path exceptions, or max skew assignments found ;
; nonce[124]        ; No input delay, min/max delays, false-path exceptions, or max skew assignments found ;
; nonce[125]        ; No input delay, min/max delays, false-path exceptions, or max skew assignments found ;
; nonce[126]        ; No input delay, min/max delays, false-path exceptions, or max skew assignments found ;
; nonce[127]        ; No input delay, min/max delays, false-path exceptions, or max skew assignments found ;
; out_ready         ; No input delay, min/max delays, false-path exceptions, or max skew assignments found ;
; received_tag[0]   ; No input delay, min/max delays, false-path exceptions, or max skew assignments found ;
; received_tag[1]   ; No input delay, min/max delays, false-path exceptions, or max skew assignments found ;
; received_tag[2]   ; No input delay, min/max delays, false-path exceptions, or max skew assignments found ;
; received_tag[3]   ; No input delay, min/max delays, false-path exceptions, or max skew assignments found ;
; received_tag[4]   ; No input delay, min/max delays, false-path exceptions, or max skew assignments found ;
; received_tag[5]   ; No input delay, min/max delays, false-path exceptions, or max skew assignments found ;
; received_tag[6]   ; No input delay, min/max delays, false-path exceptions, or max skew assignments found ;
; received_tag[7]   ; No input delay, min/max delays, false-path exceptions, or max skew assignments found ;
; received_tag[8]   ; No input delay, min/max delays, false-path exceptions, or max skew assignments found ;
; received_tag[9]   ; No input delay, min/max delays, false-path exceptions, or max skew assignments found ;
; received_tag[10]  ; No input delay, min/max delays, false-path exceptions, or max skew assignments found ;
; received_tag[11]  ; No input delay, min/max delays, false-path exceptions, or max skew assignments found ;
; received_tag[12]  ; No input delay, min/max delays, false-path exceptions, or max skew assignments found ;
; received_tag[13]  ; No input delay, min/max delays, false-path exceptions, or max skew assignments found ;
; received_tag[14]  ; No input delay, min/max delays, false-path exceptions, or max skew assignments found ;
; received_tag[15]  ; No input delay, min/max delays, false-path exceptions, or max skew assignments found ;
; received_tag[16]  ; No input delay, min/max delays, false-path exceptions, or max skew assignments found ;
; received_tag[17]  ; No input delay, min/max delays, false-path exceptions, or max skew assignments found ;
; received_tag[18]  ; No input delay, min/max delays, false-path exceptions, or max skew assignments found ;
; received_tag[19]  ; No input delay, min/max delays, false-path exceptions, or max skew assignments found ;
; received_tag[20]  ; No input delay, min/max delays, false-path exceptions, or max skew assignments found ;
; received_tag[21]  ; No input delay, min/max delays, false-path exceptions, or max skew assignments found ;
; received_tag[22]  ; No input delay, min/max delays, false-path exceptions, or max skew assignments found ;
; received_tag[23]  ; No input delay, min/max delays, false-path exceptions, or max skew assignments found ;
; received_tag[24]  ; No input delay, min/max delays, false-path exceptions, or max skew assignments found ;
; received_tag[25]  ; No input delay, min/max delays, false-path exceptions, or max skew assignments found ;
; received_tag[26]  ; No input delay, min/max delays, false-path exceptions, or max skew assignments found ;
; received_tag[27]  ; No input delay, min/max delays, false-path exceptions, or max skew assignments found ;
; received_tag[28]  ; No input delay, min/max delays, false-path exceptions, or max skew assignments found ;
; received_tag[29]  ; No input delay, min/max delays, false-path exceptions, or max skew assignments found ;
; received_tag[30]  ; No input delay, min/max delays, false-path exceptions, or max skew assignments found ;
; received_tag[31]  ; No input delay, min/max delays, false-path exceptions, or max skew assignments found ;
; received_tag[32]  ; No input delay, min/max delays, false-path exceptions, or max skew assignments found ;
; received_tag[33]  ; No input delay, min/max delays, false-path exceptions, or max skew assignments found ;
; received_tag[34]  ; No input delay, min/max delays, false-path exceptions, or max skew assignments found ;
; received_tag[35]  ; No input delay, min/max delays, false-path exceptions, or max skew assignments found ;
; received_tag[36]  ; No input delay, min/max delays, false-path exceptions, or max skew assignments found ;
; received_tag[37]  ; No input delay, min/max delays, false-path exceptions, or max skew assignments found ;
; received_tag[38]  ; No input delay, min/max delays, false-path exceptions, or max skew assignments found ;
; received_tag[39]  ; No input delay, min/max delays, false-path exceptions, or max skew assignments found ;
; received_tag[40]  ; No input delay, min/max delays, false-path exceptions, or max skew assignments found ;
; received_tag[41]  ; No input delay, min/max delays, false-path exceptions, or max skew assignments found ;
; received_tag[42]  ; No input delay, min/max delays, false-path exceptions, or max skew assignments found ;
; received_tag[43]  ; No input delay, min/max delays, false-path exceptions, or max skew assignments found ;
; received_tag[44]  ; No input delay, min/max delays, false-path exceptions, or max skew assignments found ;
; received_tag[45]  ; No input delay, min/max delays, false-path exceptions, or max skew assignments found ;
; received_tag[46]  ; No input delay, min/max delays, false-path exceptions, or max skew assignments found ;
; received_tag[47]  ; No input delay, min/max delays, false-path exceptions, or max skew assignments found ;
; received_tag[48]  ; No input delay, min/max delays, false-path exceptions, or max skew assignments found ;
; received_tag[49]  ; No input delay, min/max delays, false-path exceptions, or max skew assignments found ;
; received_tag[50]  ; No input delay, min/max delays, false-path exceptions, or max skew assignments found ;
; received_tag[51]  ; No input delay, min/max delays, false-path exceptions, or max skew assignments found ;
; received_tag[52]  ; No input delay, min/max delays, false-path exceptions, or max skew assignments found ;
; received_tag[53]  ; No input delay, min/max delays, false-path exceptions, or max skew assignments found ;
; received_tag[54]  ; No input delay, min/max delays, false-path exceptions, or max skew assignments found ;
; received_tag[55]  ; No input delay, min/max delays, false-path exceptions, or max skew assignments found ;
; received_tag[56]  ; No input delay, min/max delays, false-path exceptions, or max skew assignments found ;
; received_tag[57]  ; No input delay, min/max delays, false-path exceptions, or max skew assignments found ;
; received_tag[58]  ; No input delay, min/max delays, false-path exceptions, or max skew assignments found ;
; received_tag[59]  ; No input delay, min/max delays, false-path exceptions, or max skew assignments found ;
; received_tag[60]  ; No input delay, min/max delays, false-path exceptions, or max skew assignments found ;
; received_tag[61]  ; No input delay, min/max delays, false-path exceptions, or max skew assignments found ;
; received_tag[62]  ; No input delay, min/max delays, false-path exceptions, or max skew assignments found ;
; received_tag[63]  ; No input delay, min/max delays, false-path exceptions, or max skew assignments found ;
; received_tag[64]  ; No input delay, min/max delays, false-path exceptions, or max skew assignments found ;
; received_tag[65]  ; No input delay, min/max delays, false-path exceptions, or max skew assignments found ;
; received_tag[66]  ; No input delay, min/max delays, false-path exceptions, or max skew assignments found ;
; received_tag[67]  ; No input delay, min/max delays, false-path exceptions, or max skew assignments found ;
; received_tag[68]  ; No input delay, min/max delays, false-path exceptions, or max skew assignments found ;
; received_tag[69]  ; No input delay, min/max delays, false-path exceptions, or max skew assignments found ;
; received_tag[70]  ; No input delay, min/max delays, false-path exceptions, or max skew assignments found ;
; received_tag[71]  ; No input delay, min/max delays, false-path exceptions, or max skew assignments found ;
; received_tag[72]  ; No input delay, min/max delays, false-path exceptions, or max skew assignments found ;
; received_tag[73]  ; No input delay, min/max delays, false-path exceptions, or max skew assignments found ;
; received_tag[74]  ; No input delay, min/max delays, false-path exceptions, or max skew assignments found ;
; received_tag[75]  ; No input delay, min/max delays, false-path exceptions, or max skew assignments found ;
; received_tag[76]  ; No input delay, min/max delays, false-path exceptions, or max skew assignments found ;
; received_tag[77]  ; No input delay, min/max delays, false-path exceptions, or max skew assignments found ;
; received_tag[78]  ; No input delay, min/max delays, false-path exceptions, or max skew assignments found ;
; received_tag[79]  ; No input delay, min/max delays, false-path exceptions, or max skew assignments found ;
; received_tag[80]  ; No input delay, min/max delays, false-path exceptions, or max skew assignments found ;
; received_tag[81]  ; No input delay, min/max delays, false-path exceptions, or max skew assignments found ;
; received_tag[82]  ; No input delay, min/max delays, false-path exceptions, or max skew assignments found ;
; received_tag[83]  ; No input delay, min/max delays, false-path exceptions, or max skew assignments found ;
; received_tag[84]  ; No input delay, min/max delays, false-path exceptions, or max skew assignments found ;
; received_tag[85]  ; No input delay, min/max delays, false-path exceptions, or max skew assignments found ;
; received_tag[86]  ; No input delay, min/max delays, false-path exceptions, or max skew assignments found ;
; received_tag[87]  ; No input delay, min/max delays, false-path exceptions, or max skew assignments found ;
; received_tag[88]  ; No input delay, min/max delays, false-path exceptions, or max skew assignments found ;
; received_tag[89]  ; No input delay, min/max delays, false-path exceptions, or max skew assignments found ;
; received_tag[90]  ; No input delay, min/max delays, false-path exceptions, or max skew assignments found ;
; received_tag[91]  ; No input delay, min/max delays, false-path exceptions, or max skew assignments found ;
; received_tag[92]  ; No input delay, min/max delays, false-path exceptions, or max skew assignments found ;
; received_tag[93]  ; No input delay, min/max delays, false-path exceptions, or max skew assignments found ;
; received_tag[94]  ; No input delay, min/max delays, false-path exceptions, or max skew assignments found ;
; received_tag[95]  ; No input delay, min/max delays, false-path exceptions, or max skew assignments found ;
; received_tag[96]  ; No input delay, min/max delays, false-path exceptions, or max skew assignments found ;
; received_tag[97]  ; No input delay, min/max delays, false-path exceptions, or max skew assignments found ;
; received_tag[98]  ; No input delay, min/max delays, false-path exceptions, or max skew assignments found ;
; received_tag[99]  ; No input delay, min/max delays, false-path exceptions, or max skew assignments found ;
; received_tag[100] ; No input delay, min/max delays, false-path exceptions, or max skew assignments found ;
; received_tag[101] ; No input delay, min/max delays, false-path exceptions, or max skew assignments found ;
; received_tag[102] ; No input delay, min/max delays, false-path exceptions, or max skew assignments found ;
; received_tag[103] ; No input delay, min/max delays, false-path exceptions, or max skew assignments found ;
; received_tag[104] ; No input delay, min/max delays, false-path exceptions, or max skew assignments found ;
; received_tag[105] ; No input delay, min/max delays, false-path exceptions, or max skew assignments found ;
; received_tag[106] ; No input delay, min/max delays, false-path exceptions, or max skew assignments found ;
; received_tag[107] ; No input delay, min/max delays, false-path exceptions, or max skew assignments found ;
; received_tag[108] ; No input delay, min/max delays, false-path exceptions, or max skew assignments found ;
; received_tag[109] ; No input delay, min/max delays, false-path exceptions, or max skew assignments found ;
; received_tag[110] ; No input delay, min/max delays, false-path exceptions, or max skew assignments found ;
; received_tag[111] ; No input delay, min/max delays, false-path exceptions, or max skew assignments found ;
; received_tag[112] ; No input delay, min/max delays, false-path exceptions, or max skew assignments found ;
; received_tag[113] ; No input delay, min/max delays, false-path exceptions, or max skew assignments found ;
; received_tag[114] ; No input delay, min/max delays, false-path exceptions, or max skew assignments found ;
; received_tag[115] ; No input delay, min/max delays, false-path exceptions, or max skew assignments found ;
; received_tag[116] ; No input delay, min/max delays, false-path exceptions, or max skew assignments found ;
; received_tag[117] ; No input delay, min/max delays, false-path exceptions, or max skew assignments found ;
; received_tag[118] ; No input delay, min/max delays, false-path exceptions, or max skew assignments found ;
; received_tag[119] ; No input delay, min/max delays, false-path exceptions, or max skew assignments found ;
; received_tag[120] ; No input delay, min/max delays, false-path exceptions, or max skew assignments found ;
; received_tag[121] ; No input delay, min/max delays, false-path exceptions, or max skew assignments found ;
; received_tag[122] ; No input delay, min/max delays, false-path exceptions, or max skew assignments found ;
; received_tag[123] ; No input delay, min/max delays, false-path exceptions, or max skew assignments found ;
; received_tag[124] ; No input delay, min/max delays, false-path exceptions, or max skew assignments found ;
; received_tag[125] ; No input delay, min/max delays, false-path exceptions, or max skew assignments found ;
; received_tag[126] ; No input delay, min/max delays, false-path exceptions, or max skew assignments found ;
; received_tag[127] ; No input delay, min/max delays, false-path exceptions, or max skew assignments found ;
; rst_n             ; No input delay, min/max delays, false-path exceptions, or max skew assignments found ;
; start             ; No input delay, min/max delays, false-path exceptions, or max skew assignments found ;
; tag_ready         ; No input delay, min/max delays, false-path exceptions, or max skew assignments found ;
+-------------------+--------------------------------------------------------------------------------------+


+-----------------------------------------------------------------------------------------------------------+
; Unconstrained Output Ports                                                                                ;
+-------------------+---------------------------------------------------------------------------------------+
; Output Port       ; Comment                                                                               ;
+-------------------+---------------------------------------------------------------------------------------+
; accept            ; No output delay, min/max delays, false-path exceptions, or max skew assignments found ;
; ad_ready          ; No output delay, min/max delays, false-path exceptions, or max skew assignments found ;
; auth_result_valid ; No output delay, min/max delays, false-path exceptions, or max skew assignments found ;
; busy              ; No output delay, min/max delays, false-path exceptions, or max skew assignments found ;
; command_error     ; No output delay, min/max delays, false-path exceptions, or max skew assignments found ;
; data_ready        ; No output delay, min/max delays, false-path exceptions, or max skew assignments found ;
; done              ; No output delay, min/max delays, false-path exceptions, or max skew assignments found ;
; out_data[0]       ; No output delay, min/max delays, false-path exceptions, or max skew assignments found ;
; out_data[1]       ; No output delay, min/max delays, false-path exceptions, or max skew assignments found ;
; out_data[2]       ; No output delay, min/max delays, false-path exceptions, or max skew assignments found ;
; out_data[3]       ; No output delay, min/max delays, false-path exceptions, or max skew assignments found ;
; out_data[4]       ; No output delay, min/max delays, false-path exceptions, or max skew assignments found ;
; out_data[5]       ; No output delay, min/max delays, false-path exceptions, or max skew assignments found ;
; out_data[6]       ; No output delay, min/max delays, false-path exceptions, or max skew assignments found ;
; out_data[7]       ; No output delay, min/max delays, false-path exceptions, or max skew assignments found ;
; out_valid         ; No output delay, min/max delays, false-path exceptions, or max skew assignments found ;
; reject            ; No output delay, min/max delays, false-path exceptions, or max skew assignments found ;
; tag_out[0]        ; No output delay, min/max delays, false-path exceptions, or max skew assignments found ;
; tag_out[1]        ; No output delay, min/max delays, false-path exceptions, or max skew assignments found ;
; tag_out[2]        ; No output delay, min/max delays, false-path exceptions, or max skew assignments found ;
; tag_out[3]        ; No output delay, min/max delays, false-path exceptions, or max skew assignments found ;
; tag_out[4]        ; No output delay, min/max delays, false-path exceptions, or max skew assignments found ;
; tag_out[5]        ; No output delay, min/max delays, false-path exceptions, or max skew assignments found ;
; tag_out[6]        ; No output delay, min/max delays, false-path exceptions, or max skew assignments found ;
; tag_out[7]        ; No output delay, min/max delays, false-path exceptions, or max skew assignments found ;
; tag_out[8]        ; No output delay, min/max delays, false-path exceptions, or max skew assignments found ;
; tag_out[9]        ; No output delay, min/max delays, false-path exceptions, or max skew assignments found ;
; tag_out[10]       ; No output delay, min/max delays, false-path exceptions, or max skew assignments found ;
; tag_out[11]       ; No output delay, min/max delays, false-path exceptions, or max skew assignments found ;
; tag_out[12]       ; No output delay, min/max delays, false-path exceptions, or max skew assignments found ;
; tag_out[13]       ; No output delay, min/max delays, false-path exceptions, or max skew assignments found ;
; tag_out[14]       ; No output delay, min/max delays, false-path exceptions, or max skew assignments found ;
; tag_out[15]       ; No output delay, min/max delays, false-path exceptions, or max skew assignments found ;
; tag_out[16]       ; No output delay, min/max delays, false-path exceptions, or max skew assignments found ;
; tag_out[17]       ; No output delay, min/max delays, false-path exceptions, or max skew assignments found ;
; tag_out[18]       ; No output delay, min/max delays, false-path exceptions, or max skew assignments found ;
; tag_out[19]       ; No output delay, min/max delays, false-path exceptions, or max skew assignments found ;
; tag_out[20]       ; No output delay, min/max delays, false-path exceptions, or max skew assignments found ;
; tag_out[21]       ; No output delay, min/max delays, false-path exceptions, or max skew assignments found ;
; tag_out[22]       ; No output delay, min/max delays, false-path exceptions, or max skew assignments found ;
; tag_out[23]       ; No output delay, min/max delays, false-path exceptions, or max skew assignments found ;
; tag_out[24]       ; No output delay, min/max delays, false-path exceptions, or max skew assignments found ;
; tag_out[25]       ; No output delay, min/max delays, false-path exceptions, or max skew assignments found ;
; tag_out[26]       ; No output delay, min/max delays, false-path exceptions, or max skew assignments found ;
; tag_out[27]       ; No output delay, min/max delays, false-path exceptions, or max skew assignments found ;
; tag_out[28]       ; No output delay, min/max delays, false-path exceptions, or max skew assignments found ;
; tag_out[29]       ; No output delay, min/max delays, false-path exceptions, or max skew assignments found ;
; tag_out[30]       ; No output delay, min/max delays, false-path exceptions, or max skew assignments found ;
; tag_out[31]       ; No output delay, min/max delays, false-path exceptions, or max skew assignments found ;
; tag_out[32]       ; No output delay, min/max delays, false-path exceptions, or max skew assignments found ;
; tag_out[33]       ; No output delay, min/max delays, false-path exceptions, or max skew assignments found ;
; tag_out[34]       ; No output delay, min/max delays, false-path exceptions, or max skew assignments found ;
; tag_out[35]       ; No output delay, min/max delays, false-path exceptions, or max skew assignments found ;
; tag_out[36]       ; No output delay, min/max delays, false-path exceptions, or max skew assignments found ;
; tag_out[37]       ; No output delay, min/max delays, false-path exceptions, or max skew assignments found ;
; tag_out[38]       ; No output delay, min/max delays, false-path exceptions, or max skew assignments found ;
; tag_out[39]       ; No output delay, min/max delays, false-path exceptions, or max skew assignments found ;
; tag_out[40]       ; No output delay, min/max delays, false-path exceptions, or max skew assignments found ;
; tag_out[41]       ; No output delay, min/max delays, false-path exceptions, or max skew assignments found ;
; tag_out[42]       ; No output delay, min/max delays, false-path exceptions, or max skew assignments found ;
; tag_out[43]       ; No output delay, min/max delays, false-path exceptions, or max skew assignments found ;
; tag_out[44]       ; No output delay, min/max delays, false-path exceptions, or max skew assignments found ;
; tag_out[45]       ; No output delay, min/max delays, false-path exceptions, or max skew assignments found ;
; tag_out[46]       ; No output delay, min/max delays, false-path exceptions, or max skew assignments found ;
; tag_out[47]       ; No output delay, min/max delays, false-path exceptions, or max skew assignments found ;
; tag_out[48]       ; No output delay, min/max delays, false-path exceptions, or max skew assignments found ;
; tag_out[49]       ; No output delay, min/max delays, false-path exceptions, or max skew assignments found ;
; tag_out[50]       ; No output delay, min/max delays, false-path exceptions, or max skew assignments found ;
; tag_out[51]       ; No output delay, min/max delays, false-path exceptions, or max skew assignments found ;
; tag_out[52]       ; No output delay, min/max delays, false-path exceptions, or max skew assignments found ;
; tag_out[53]       ; No output delay, min/max delays, false-path exceptions, or max skew assignments found ;
; tag_out[54]       ; No output delay, min/max delays, false-path exceptions, or max skew assignments found ;
; tag_out[55]       ; No output delay, min/max delays, false-path exceptions, or max skew assignments found ;
; tag_out[56]       ; No output delay, min/max delays, false-path exceptions, or max skew assignments found ;
; tag_out[57]       ; No output delay, min/max delays, false-path exceptions, or max skew assignments found ;
; tag_out[58]       ; No output delay, min/max delays, false-path exceptions, or max skew assignments found ;
; tag_out[59]       ; No output delay, min/max delays, false-path exceptions, or max skew assignments found ;
; tag_out[60]       ; No output delay, min/max delays, false-path exceptions, or max skew assignments found ;
; tag_out[61]       ; No output delay, min/max delays, false-path exceptions, or max skew assignments found ;
; tag_out[62]       ; No output delay, min/max delays, false-path exceptions, or max skew assignments found ;
; tag_out[63]       ; No output delay, min/max delays, false-path exceptions, or max skew assignments found ;
; tag_out[64]       ; No output delay, min/max delays, false-path exceptions, or max skew assignments found ;
; tag_out[65]       ; No output delay, min/max delays, false-path exceptions, or max skew assignments found ;
; tag_out[66]       ; No output delay, min/max delays, false-path exceptions, or max skew assignments found ;
; tag_out[67]       ; No output delay, min/max delays, false-path exceptions, or max skew assignments found ;
; tag_out[68]       ; No output delay, min/max delays, false-path exceptions, or max skew assignments found ;
; tag_out[69]       ; No output delay, min/max delays, false-path exceptions, or max skew assignments found ;
; tag_out[70]       ; No output delay, min/max delays, false-path exceptions, or max skew assignments found ;
; tag_out[71]       ; No output delay, min/max delays, false-path exceptions, or max skew assignments found ;
; tag_out[72]       ; No output delay, min/max delays, false-path exceptions, or max skew assignments found ;
; tag_out[73]       ; No output delay, min/max delays, false-path exceptions, or max skew assignments found ;
; tag_out[74]       ; No output delay, min/max delays, false-path exceptions, or max skew assignments found ;
; tag_out[75]       ; No output delay, min/max delays, false-path exceptions, or max skew assignments found ;
; tag_out[76]       ; No output delay, min/max delays, false-path exceptions, or max skew assignments found ;
; tag_out[77]       ; No output delay, min/max delays, false-path exceptions, or max skew assignments found ;
; tag_out[78]       ; No output delay, min/max delays, false-path exceptions, or max skew assignments found ;
; tag_out[79]       ; No output delay, min/max delays, false-path exceptions, or max skew assignments found ;
; tag_out[80]       ; No output delay, min/max delays, false-path exceptions, or max skew assignments found ;
; tag_out[81]       ; No output delay, min/max delays, false-path exceptions, or max skew assignments found ;
; tag_out[82]       ; No output delay, min/max delays, false-path exceptions, or max skew assignments found ;
; tag_out[83]       ; No output delay, min/max delays, false-path exceptions, or max skew assignments found ;
; tag_out[84]       ; No output delay, min/max delays, false-path exceptions, or max skew assignments found ;
; tag_out[85]       ; No output delay, min/max delays, false-path exceptions, or max skew assignments found ;
; tag_out[86]       ; No output delay, min/max delays, false-path exceptions, or max skew assignments found ;
; tag_out[87]       ; No output delay, min/max delays, false-path exceptions, or max skew assignments found ;
; tag_out[88]       ; No output delay, min/max delays, false-path exceptions, or max skew assignments found ;
; tag_out[89]       ; No output delay, min/max delays, false-path exceptions, or max skew assignments found ;
; tag_out[90]       ; No output delay, min/max delays, false-path exceptions, or max skew assignments found ;
; tag_out[91]       ; No output delay, min/max delays, false-path exceptions, or max skew assignments found ;
; tag_out[92]       ; No output delay, min/max delays, false-path exceptions, or max skew assignments found ;
; tag_out[93]       ; No output delay, min/max delays, false-path exceptions, or max skew assignments found ;
; tag_out[94]       ; No output delay, min/max delays, false-path exceptions, or max skew assignments found ;
; tag_out[95]       ; No output delay, min/max delays, false-path exceptions, or max skew assignments found ;
; tag_out[96]       ; No output delay, min/max delays, false-path exceptions, or max skew assignments found ;
; tag_out[97]       ; No output delay, min/max delays, false-path exceptions, or max skew assignments found ;
; tag_out[98]       ; No output delay, min/max delays, false-path exceptions, or max skew assignments found ;
; tag_out[99]       ; No output delay, min/max delays, false-path exceptions, or max skew assignments found ;
; tag_out[100]      ; No output delay, min/max delays, false-path exceptions, or max skew assignments found ;
; tag_out[101]      ; No output delay, min/max delays, false-path exceptions, or max skew assignments found ;
; tag_out[102]      ; No output delay, min/max delays, false-path exceptions, or max skew assignments found ;
; tag_out[103]      ; No output delay, min/max delays, false-path exceptions, or max skew assignments found ;
; tag_out[104]      ; No output delay, min/max delays, false-path exceptions, or max skew assignments found ;
; tag_out[105]      ; No output delay, min/max delays, false-path exceptions, or max skew assignments found ;
; tag_out[106]      ; No output delay, min/max delays, false-path exceptions, or max skew assignments found ;
; tag_out[107]      ; No output delay, min/max delays, false-path exceptions, or max skew assignments found ;
; tag_out[108]      ; No output delay, min/max delays, false-path exceptions, or max skew assignments found ;
; tag_out[109]      ; No output delay, min/max delays, false-path exceptions, or max skew assignments found ;
; tag_out[110]      ; No output delay, min/max delays, false-path exceptions, or max skew assignments found ;
; tag_out[111]      ; No output delay, min/max delays, false-path exceptions, or max skew assignments found ;
; tag_out[112]      ; No output delay, min/max delays, false-path exceptions, or max skew assignments found ;
; tag_out[113]      ; No output delay, min/max delays, false-path exceptions, or max skew assignments found ;
; tag_out[114]      ; No output delay, min/max delays, false-path exceptions, or max skew assignments found ;
; tag_out[115]      ; No output delay, min/max delays, false-path exceptions, or max skew assignments found ;
; tag_out[116]      ; No output delay, min/max delays, false-path exceptions, or max skew assignments found ;
; tag_out[117]      ; No output delay, min/max delays, false-path exceptions, or max skew assignments found ;
; tag_out[118]      ; No output delay, min/max delays, false-path exceptions, or max skew assignments found ;
; tag_out[119]      ; No output delay, min/max delays, false-path exceptions, or max skew assignments found ;
; tag_out[120]      ; No output delay, min/max delays, false-path exceptions, or max skew assignments found ;
; tag_out[121]      ; No output delay, min/max delays, false-path exceptions, or max skew assignments found ;
; tag_out[122]      ; No output delay, min/max delays, false-path exceptions, or max skew assignments found ;
; tag_out[123]      ; No output delay, min/max delays, false-path exceptions, or max skew assignments found ;
; tag_out[124]      ; No output delay, min/max delays, false-path exceptions, or max skew assignments found ;
; tag_out[125]      ; No output delay, min/max delays, false-path exceptions, or max skew assignments found ;
; tag_out[126]      ; No output delay, min/max delays, false-path exceptions, or max skew assignments found ;
; tag_out[127]      ; No output delay, min/max delays, false-path exceptions, or max skew assignments found ;
; tag_valid         ; No output delay, min/max delays, false-path exceptions, or max skew assignments found ;
+-------------------+---------------------------------------------------------------------------------------+


+--------------------------+
; Timing Analyzer Messages ;
+--------------------------+
Info: *******************************************************************
Info: Running Quartus Prime Timing Analyzer
    Info: Version 25.1std.0 Build 1129 10/21/2025 SC Lite Edition
    Info: Processing started: Tue Oct  6 21:06:48 2026
Info: Command: quartus_sta secure_tiny -c secure_tiny
Info: qsta_default_script.tcl version: #1
Warning (18236): Number of processors has not been specified which may cause overloading on shared machines.  Set the global assignment NUM_PARALLEL_PROCESSORS in your QSF to an appropriate value for best performance.
Info (20030): Parallel compilation is enabled and will use 2 of the 2 processors detected
Info (21076): High junction temperature operating condition is not set. Assuming a default value of '100'.
Info (21076): Low junction temperature operating condition is not set. Assuming a default value of '-40'.
Info (332104): Reading SDC File: 'secure_tiny.sdc'
Info (332151): Clock uncertainty is not calculated until you update the timing netlist.
Info (332123): Deriving Clock Uncertainty. Please refer to report_sdc in the Timing Analyzer to see clock uncertainties.
Info: Found TIMING_ANALYZER_REPORT_SCRIPT_INCLUDE_DEFAULT_ANALYSIS = ON
Info: Analyzing Slow 1100mV 100C Model
Info (332146): Worst-case setup slack is 7.456
    Info (332119):     Slack       End Point TNS Clock 
    Info (332119): ========= =================== =====================
    Info (332119):     7.456               0.000 FPGA_CLK1_50 
Info (332146): Worst-case hold slack is 0.338
    Info (332119):     Slack       End Point TNS Clock 
    Info (332119): ========= =================== =====================
    Info (332119):     0.338               0.000 FPGA_CLK1_50 
Info (332140): No Recovery paths to report
Info (332140): No Removal paths to report
Info (332146): Worst-case minimum pulse width slack is 9.170
    Info (332119):     Slack       End Point TNS Clock 
    Info (332119): ========= =================== =====================
    Info (332119):     9.170               0.000 FPGA_CLK1_50 
Info: Analyzing Slow 1100mV -40C Model
Info (334003): Started post-fitting delay annotation
Info (334004): Delay annotation completed successfully
Info (332123): Deriving Clock Uncertainty. Please refer to report_sdc in the Timing Analyzer to see clock uncertainties.
Info (332146): Worst-case setup slack is 7.648
    Info (332119):     Slack       End Point TNS Clock 
    Info (332119): ========= =================== =====================
    Info (332119):     7.648               0.000 FPGA_CLK1_50 
Info (332146): Worst-case hold slack is 0.315
    Info (332119):     Slack       End Point TNS Clock 
    Info (332119): ========= =================== =====================
    Info (332119):     0.315               0.000 FPGA_CLK1_50 
Info (332140): No Recovery paths to report
Info (332140): No Removal paths to report
Info (332146): Worst-case minimum pulse width slack is 9.273
    Info (332119):     Slack       End Point TNS Clock 
    Info (332119): ========= =================== =====================
    Info (332119):     9.273               0.000 FPGA_CLK1_50 
Info: Analyzing Fast 1100mV 100C Model
Info (334003): Started post-fitting delay annotation
Info (334004): Delay annotation completed successfully
Info (332123): Deriving Clock Uncertainty. Please refer to report_sdc in the Timing Analyzer to see clock uncertainties.
Info (332146): Worst-case setup slack is 12.957
    Info (332119):     Slack       End Point TNS Clock 
    Info (332119): ========= =================== =====================
    Info (332119):    12.957               0.000 FPGA_CLK1_50 
Info (332146): Worst-case hold slack is 0.178
    Info (332119):     Slack       End Point TNS Clock 
    Info (332119): ========= =================== =====================
    Info (332119):     0.178               0.000 FPGA_CLK1_50 
Info (332140): No Recovery paths to report
Info (332140): No Removal paths to report
Info (332146): Worst-case minimum pulse width slack is 9.106
    Info (332119):     Slack       End Point TNS Clock 
    Info (332119): ========= =================== =====================
    Info (332119):     9.106               0.000 FPGA_CLK1_50 
Info: Analyzing Fast 1100mV -40C Model
Info (332123): Deriving Clock Uncertainty. Please refer to report_sdc in the Timing Analyzer to see clock uncertainties.
Info (332146): Worst-case setup slack is 14.081
    Info (332119):     Slack       End Point TNS Clock 
    Info (332119): ========= =================== =====================
    Info (332119):    14.081               0.000 FPGA_CLK1_50 
Info (332146): Worst-case hold slack is 0.157
    Info (332119):     Slack       End Point TNS Clock 
    Info (332119): ========= =================== =====================
    Info (332119):     0.157               0.000 FPGA_CLK1_50 
Info (332140): No Recovery paths to report
Info (332140): No Removal paths to report
Info (332146): Worst-case minimum pulse width slack is 9.047
    Info (332119):     Slack       End Point TNS Clock 
    Info (332119): ========= =================== =====================
    Info (332119):     9.047               0.000 FPGA_CLK1_50 
Info (332102): Design is not fully constrained for setup requirements
Info (332102): Design is not fully constrained for hold requirements
Info: Quartus Prime Timing Analyzer was successful. 0 errors, 1 warning
    Info: Peak virtual memory: 5287 megabytes
    Info: Processing ended: Tue Oct  6 21:07:05 2026
    Info: Elapsed time: 00:00:17
    Info: Total CPU time (on all processors): 00:00:24


